ply
format ascii 1.0
element vertex 5528
property float x
property float y
property float z
end_header
-11.526670455932617 -47.027774810791016 20.05614471435547
7.314011573791504 -89.7344741821289 37.29249572753906
9.474969863891602 -77.5738754272461 32.37094497680664
11.224135398864746 -68.78524780273438 28.868616104125977
11.771961212158203 -57.4931755065918 24.30852508544922
13.822951316833496 -55.95827865600586 23.87539291381836
14.744796752929688 -50.819679260253906 21.918325424194336
15.519104957580566 -46.42630386352539 20.27635955810547
17.049274444580078 -44.91228485107422 19.898605346679688
19.3568115234375 -45.400386810302734 20.443370819091797
21.765239715576172 -45.847084045410156 21.021833419799805
24.312314987182617 -46.309471130371094 21.66482925415039
27.03705406188965 -46.8233757019043 22.396028518676758
29.976945877075195 -47.40559387207031 23.23260498046875
22.05027198791504 -18.022966384887695 11.796300888061523
22.2941837310791 -16.77374839782715 11.556406021118164
22.528261184692383 -15.572098731994629 11.343803405761719
23.48434829711914 -14.874454498291016 11.514572143554688
72.78364562988281 -42.09839630126953 34.82778549194336
73.44392395019531 -38.62649917602539 34.37228775024414
74.09010314941406 -35.23982620239258 33.983665466308594
74.7643051147461 -31.941261291503906 33.67622375488281
75.42750549316406 -28.696619033813477 33.4278450012207
76.0410385131836 -25.480628967285156 33.21853256225586
-5.493902683258057 7.391135215759277 3.8146305084228516
-5.831540107727051 7.219956874847412 3.8442625999450684
-6.106979846954346 6.968169212341309 3.8379201889038086
-6.307713031768799 6.6386613845825195 3.7931442260742188
-6.5049309730529785 6.3170390129089355 3.7558693885803223
-6.838132381439209 6.1261305809021 3.8028664588928223
-8.532672882080078 -33.34211349487305 14.255830764770508
8.97147274017334 -80.2228775024414 33.43655014038086
10.806537628173828 -70.74536895751953 29.64361000061035
11.516461372375488 -59.308387756347656 25.025211334228516
13.457086563110352 -56.95918655395508 24.242799758911133
14.528536796569824 -52.046627044677734 22.382610321044922
15.334423065185547 -47.474185943603516 20.664827346801758
16.485002517700195 -44.793575286865234 19.770708084106445
18.760478973388672 -45.272422790527344 20.298786163330078
21.144498825073242 -45.73440170288086 20.87047576904297
23.65342140197754 -46.18986129760742 21.49520492553711
26.32575798034668 -46.68159103393555 22.198976516723633
29.21269989013672 -47.25423049926758 23.011585235595703
51.583282470703125 -76.39356994628906 38.18144607543945
69.73640441894531 -58.19270706176758 37.62181854248047
22.233469009399414 -17.084970474243164 11.61441421508789
22.469911575317383 -15.87189769744873 11.395122528076172
22.78101348876953 -14.755760192871094 11.242725372314453
72.61309814453125 -42.991294860839844 34.953617095947266
73.2750473022461 -39.49431228637695 34.479469299316406
73.91753387451172 -36.08406448364258 34.071083068847656
7.321725368499756 -89.82904052734375 34.683860778808594
9.469223976135254 -77.52690887451172 30.05666732788086
11.224875450134277 -68.78984069824219 26.82274627685547
11.783223152160645 -57.54823303222656 22.605955123901367
13.833549499511719 -56.00120162963867 22.19892120361328
14.746535301208496 -50.82574462890625 20.366073608398438
15.560138702392578 -46.5490837097168 18.887968063354492
17.067548751831055 -44.96044158935547 18.50701141357422
19.377107620239258 -45.4479866027832 19.013229370117188
21.777767181396484 -45.87348556518555 19.541990280151367
24.312767028808594 -46.310340881347656 20.128507614135742
27.036603927612305 -46.822593688964844 20.807119369506836
29.976411819458008 -47.404754638671875 21.584308624267578
52.630149841308594 -76.25999450683594 35.65791702270508
21.549304962158203 -20.714956283569336 11.503114700317383
21.81709861755371 -19.346364974975586 11.221490859985352
20.881999969482422 -17.068071365356445 10.378923416137695
21.103124618530273 -15.877614974975586 10.163101196289062
21.315597534179688 -14.73387336730957 9.971878051757812
21.52058219909668 -13.630644798278809 9.803287506103516
23.307756423950195 -13.481306076049805 10.361936569213867
73.43842315673828 -38.623626708984375 31.931865692138672
74.08993530273438 -35.2397575378418 31.573143005371094
74.76416015625 -31.94118309020996 31.287498474121094
75.42735290527344 -28.69657325744629 31.056739807128906
76.04657745361328 -25.482492446899414 30.864585876464844
-3.7981045246124268 8.106603622436523 3.445122718811035
-4.029361724853516 7.770788192749023 3.368574619293213
-4.264563083648682 7.472958564758301 3.3111701011657715
-4.562694072723389 7.297340393066406 3.312013626098633
-4.955821990966797 7.259562015533447 3.382627010345459
-5.36425256729126 7.216704845428467 3.460420608520508
-5.7357282638549805 7.10133171081543 3.5129075050354004
-6.073245048522949 6.9296698570251465 3.5459985733032227
-6.273271560668945 6.602416515350342 3.504854679107666
-6.469761848449707 6.2828779220581055 3.4705982208251953
-7.016443729400635 6.285880088806152 3.6252598762512207
-8.496251106262207 -33.199806213378906 13.188129425048828
8.974374771118164 -80.24864196777344 31.074871063232422
10.810700416564941 -70.77277374267578 27.551637649536133
11.536030769348145 -59.409141540527344 23.28966522216797
13.48972225189209 -57.09730529785156 22.577878952026367
14.530293464660645 -52.05292892456055 20.797521591186523
15.35599422454834 -47.540924072265625 19.226058959960938
16.50252342224121 -44.841163635253906 18.38788414001465
18.781082153320312 -45.32215118408203 18.87970542907715
21.159271240234375 -45.76634216308594 19.403669357299805
23.65384292602539 -46.19071578979492 19.970911026000977
26.32591438293457 -46.681854248046875 20.624513626098633
29.212203979492188 -47.25341796875 21.379009246826172
51.591094970703125 -76.40513610839844 35.478607177734375
21.479318618774414 -21.072181701660156 11.579566955566406
21.75065040588379 -19.68622398376465 11.289716720581055
22.008676528930664 -18.36549949645996 11.03118896484375
21.048059463500977 -16.174043655395508 10.215280532836914
21.262611389160156 -15.019110679626465 10.018033981323242
21.469383239746094 -13.906195640563965 9.84388542175293
22.561168670654297 -13.35754680633545 10.089902877807617
73.27172088623047 -39.49251937866211 32.03239059448242
73.91300964355469 -36.08188247680664 31.65249252319336
7.316041946411133 -89.7594223022461 32.06217575073242
9.46361255645752 -77.48084259033203 27.789777755737305
11.229015350341797 -68.81521606445312 24.823659896850586
12.62645149230957 -61.66650390625 22.410036087036133
13.835890769958496 -56.0107307434082 20.540367126464844
14.69912052154541 -50.66227722167969 18.780658721923828
15.552387237548828 -46.52584457397461 17.465097427368164
17.067285537719727 -44.95975112915039 17.121122360229492
19.372474670410156 -45.43709945678711 17.585487365722656
21.77239990234375 -45.8621711730957 18.07440948486328
24.310575485229492 -46.3061637878418 18.61979866027832
27.02252769470215 -46.798221588134766 19.2392520904541
29.97591209411621 -47.40393829345703 19.967920303344727
52.63874435424805 -76.27242279052734 32.993560791015625
20.671340942382812 -25.328338623046875 11.639364242553711
20.98805046081543 -23.703453063964844 11.271591186523438
20.151386260986328 -20.99384880065918 10.360260009765625
20.407075881958008 -19.61693572998047 10.077789306640625
20.64960289001465 -18.311098098754883 9.825796127319336
20.880693435668945 -17.067007064819336 9.601247787475586
21.101825714111328 -15.876646041870117 9.401605606079102
21.31431770324707 -14.732990264892578 9.22471809387207
21.51930809020996 -13.629837036132812 9.068769454956055
23.38283348083496 -13.524738311767578 9.617008209228516
40.205657958984375 -21.145444869995117 16.172998428344727
74.08304595947266 -35.236480712890625 29.206510543823242
74.76402282714844 -31.941133499145508 28.944929122924805
75.42721557617188 -28.69650650024414 28.731447219848633
76.0528793334961 -25.48459815979004 28.556116104125977
89.5797119140625 -26.061861038208008 33.21453857421875
-3.7422380447387695 7.987370014190674 3.1403050422668457
-3.9713938236236572 7.6589884757995605 3.071533679962158
-4.2158708572387695 7.387646675109863 3.028285503387451
-4.498177528381348 7.194150447845459 3.0207128524780273
-4.793109893798828 7.021214485168457 3.0266222953796387
-5.188117504119873 6.979751110076904 3.096221923828125
-5.588783264160156 6.919400215148926 3.166635036468506
-5.977673530578613 6.820624351501465 3.228883743286133
-6.239859104156494 6.567253112792969 3.2251744270324707
-6.574567794799805 6.38465690612793 3.2627649307250977
-7.198992729187012 6.449418544769287 3.441094398498535
6.640263080596924 -93.16016387939453 33.25105285644531
8.980386734008789 -80.30242919921875 28.767541885375977
12.290255546569824 -63.29331970214844 22.954622268676758
13.52187728881836 -57.233421325683594 20.937244415283203
14.468667030334473 -51.83222198486328 19.15880584716797
15.348196029663086 -47.516815185546875 17.77757453918457
16.50225830078125 -44.84047317504883 17.010910034179688
18.780784606933594 -45.32144546508789 17.465896606445312
21.152820587158203 -45.75239562988281 17.945430755615234
23.654804229736328 -46.19258499145508 18.476425170898438
26.313798904418945 -46.660369873046875 19.071563720703125
29.211708068847656 -47.25260925292969 19.77800750732422
51.599952697753906 -76.41822814941406 32.82790756225586
55.79985046386719 -75.87230682373047 33.53070068359375
20.58734893798828 -25.75579261779785 11.738958358764648
20.910232543945312 -24.105134963989258 11.360881805419922
21.211042404174805 -22.55252456665039 11.022417068481445
20.343719482421875 -19.958101272583008 10.146228790283203
20.589406967163086 -18.63519859313965 9.886829376220703
20.823240280151367 -17.37629508972168 9.655597686767578
21.046764373779297 -16.173053741455078 9.449874877929688
21.26132583618164 -15.018196105957031 9.267416000366211
21.468107223510742 -13.905364036560059 9.106327056884766
22.596149444580078 -13.378265380859375 9.348936080932617
73.26776123046875 -39.49038314819336 29.632488250732422
43.263824462890625 -21.119956970214844 17.1401309967041
7.310414791107178 -89.69037628173828 29.49108123779297
9.468785285949707 -77.52330780029297 25.594982147216797
11.233083724975586 -68.84020233154297 22.858898162841797
12.620790481567383 -61.63880157470703 20.619552612304688
13.740175247192383 -55.62322235107422 18.776952743530273
14.691997528076172 -50.637752532958984 17.279544830322266
15.544776916503906 -46.50307846069336 16.069055557250977
17.067035675048828 -44.959075927734375 15.760051727294922
19.365596771240234 -45.42098617553711 16.181995391845703
21.76445960998535 -45.845458984375 16.631732940673828
24.304851531982422 -46.29524612426758 17.13579559326172
27.017704010009766 -46.78986740112305 17.706897735595703
29.984375 -47.41733169555664 18.386011123657227
19.958974838256836 -28.92011260986328 11.515790939331055
20.318944931030273 -27.04741096496582 11.086645126342773
19.590747833251953 -24.004302978515625 10.15414810180664
19.879161834716797 -22.451101303100586 9.82750129699707
20.150047302246094 -20.99245262145996 9.536161422729492
20.405757904052734 -19.61566925048828 9.276180267333984
20.648303985595703 -18.30994987487793 9.044244766235352
20.879411697387695 -17.065948486328125 8.837568283081055
21.100555419921875 -15.875688552856445 8.653818130493164
21.313058853149414 -14.7321195602417 8.491010665893555
21.51805877685547 -13.629046440124512 8.347471237182617
22.25566291809082 -12.872769355773926 8.425878524780273
26.821889877319336 -14.106494903564453 9.931722640991211
45.2304801940918 -21.513200759887695 16.41436004638672
74.76388549804688 -31.94108009338379 26.644250869750977
75.42707824707031 -28.696462631225586 26.447742462158203
76.05907440185547 -25.486675262451172 26.288516998291016
89.57719421386719 -26.061119079589844 30.573678970336914
-3.7558083534240723 8.016339302062988 2.9011874198913574
-3.9286694526672363 7.576591491699219 2.7969818115234375
-4.216813087463379 7.3892903327941895 2.788210391998291
-4.5041117668151855 7.203640937805176 2.7842869758605957
-4.78941535949707 7.015798568725586 2.783909320831299
-5.07335090637207 6.825348377227783 2.7870779037475586
-5.42362117767334 6.714914798736572 2.82879638671875
-5.816184997558594 6.636361122131348 2.8919458389282227
-6.2073893547058105 6.533080101013184 2.953378677368164
-6.737041473388672 6.5424370765686035 3.0776538848876953
-7.434954643249512 6.6608123779296875 3.2714080810546875
6.644099712371826 -93.21412658691406 30.625925064086914
8.986296653747559 -80.35535430908203 26.49848175048828
12.28398609161377 -63.261112213134766 21.11935806274414
13.514412879943848 -57.20179748535156 19.262435913085938
14.45545482635498 -51.784828186035156 17.619895935058594
15.340558052062988 -47.493133544921875 16.356407165527344
16.500267028808594 -44.835086822509766 15.656946182250977
18.7790470123291 -45.31724548339844 16.076160430908203
21.145156860351562 -45.735836029052734 16.513093948364258
23.647794723510742 -46.17888641357422 17.002817153930664
26.309127807617188 -46.652099609375 17.55259132385254
29.215200424194336 -47.25825881958008 18.208168029785156
19.863393783569336 -29.41716194152832 11.63266372680664
20.230470657348633 -27.50782012939453 11.190446853637695
19.514707565307617 -24.413841247558594 10.242902755737305
19.807971954345703 -22.83446502685547 9.906610488891602
20.083049774169922 -21.35320281982422 9.606746673583984
20.3424015045166 -19.95680046081543 9.339170455932617
20.58810043334961 -18.63402557373047 9.100419998168945
20.821950912475586 -17.375211715698242 8.887590408325195
21.045486450195312 -16.17207908630371 8.698244094848633
21.260061264038086 -15.017304420471191 8.53030776977539
21.46685791015625 -13.904548645019531 8.382040023803711
22.01255989074707 -13.032747268676758 8.383598327636719
25.903417587280273 -13.96160888671875 9.643712997436523
41.569862365722656 -20.293018341064453 15.160017013549805
-9.263663291931152 -6.996099948883057 3.4813404083251953
7.314804553985596 -89.74402618408203 27.002731323242188
9.477348327636719 -77.59330749511719 23.44252586364746
11.237095832824707 -68.86471557617188 20.925092697143555
11.767760276794434 -57.47274398803711 17.593183517456055
13.690996170043945 -55.424110412597656 17.12083625793457
14.684398651123047 -50.61157989501953 15.80392837524414
15.537299156188965 -46.480709075927734 14.697338104248047
17.06678581237793 -44.95840835571289 14.421440124511719
19.358837127685547 -45.40512466430664 14.802597045898438
21.756669998168945 -45.82899856567383 15.21385383605957
24.312318801879883 -46.309478759765625 15.685388565063477
19.155609130859375 -33.17411422729492 11.488080978393555
18.487035751342773 -29.235422134399414 10.373306274414062
18.84947395324707 -27.312482833862305 9.952041625976562
19.276151657104492 -25.659311294555664 9.624467849731445
19.58938217163086 -24.00263786315918 9.291175842285156
19.877822875976562 -22.449596405029297 8.992311477661133
20.148731231689453 -20.991100311279297 8.725751876831055
20.404464721679688 -19.614437103271484 8.487876892089844
20.64702796936035 -18.308807373046875 8.275663375854492
20.87814712524414 -17.064918518066406 8.086563110351562
21.099308013916016 -15.874740600585938 7.918433666229248
21.311817169189453 -14.7312650680542 7.769474506378174
21.516828536987305 -13.628271102905273 7.6381402015686035
22.296289443969727 -12.896269798278809 7.7243971824646
25.30101203918457 -13.306608200073242 8.572952270507812
40.58989334106445 -19.305971145629883 13.479320526123047
40.98258972167969 -17.50881576538086 13.364980697631836
75.42533111572266 -28.695796966552734 24.20114517211914
76.065185546875 -25.488712310791016 24.057941436767578
89.59024047851562 -26.064912796020508 27.981342315673828
13.581579208374023 81.55030822753906 24.793102264404297
10.322236061096191 82.2695541381836 24.865388870239258
-6.660574913024902 87.19080352783203 26.223976135253906
-3.8523478507995605 8.222387313842773 2.7230467796325684
-4.0273847579956055 7.766968727111816 2.6237640380859375
-4.294687271118164 7.5257487297058105 2.5985429286956787
-4.587169647216797 7.336483955383301 2.594818592071533
-4.877720832824707 7.145163536071777 2.594461679458618
-5.167003631591797 6.951341152191162 2.597468137741089
-5.527268409729004 6.84324312210083 2.6380350589752197
-5.899507522583008 6.731434345245361 2.6842644214630127
-6.304195404052734 6.634964942932129 2.744715452194214
-6.902990341186523 6.703586101531982 2.8856611251831055
-8.995580673217773 -7.227991580963135 3.4606542587280273
6.5780029296875 -92.28688049316406 27.746280670166016
9.002937316894531 -80.5041732788086 24.29303550720215
12.278790473937988 -63.23426818847656 19.317638397216797
13.412839889526367 -56.7718505859375 17.494115829467773
14.447831153869629 -51.75751495361328 16.11504554748535
15.33304500579834 -47.46988296508789 14.960033416748047
16.495220184326172 -44.821372985839844 14.322917938232422
18.772539138793945 -45.301536560058594 14.705818176269531
21.137638092041016 -45.719566345214844 15.105369567871094
23.639127731323242 -46.16196060180664 15.553180694580078
19.041885375976562 -33.765621185302734 11.625244140625
19.47643280029297 -31.504920959472656 11.107704162597656
18.760601043701172 -27.783977508544922 10.053794860839844
19.196687698364258 -26.1021671295166 9.716842651367188
19.513336181640625 -24.412141799926758 9.372383117675781
19.806631088256836 -22.832910537719727 9.064691543579102
20.081729888916016 -21.351802825927734 8.79033088684082
20.341094970703125 -19.955528259277344 8.545511245727539
20.586820602416992 -18.632862091064453 8.327058792114258
20.820682525634766 -17.374164581298828 8.132329940795898
21.044235229492188 -16.17110824584961 7.9590840339660645
21.25881576538086 -15.016432762145996 7.805429935455322
21.46562385559082 -13.9037504196167 7.669769763946533
22.085222244262695 -13.075760841369629 7.69695520401001
24.422134399414062 -13.163211822509766 8.320093154907227
30.112110137939453 -14.699724197387695 10.048927307128906
-9.098188400268555 -6.871127605438232 3.1066250801086426
-9.004681587219238 -7.387255668640137 3.173614501953125
-55.49197769165039 -62.90032196044922 22.855554580688477
-51.76765441894531 -63.66501235961914 22.35852813720703
-49.161502838134766 -65.68807983398438 22.356290817260742
-9.19571304321289 -37.51767349243164 10.52541732788086
7.313286781311035 -89.7254867553711 24.529483795166016
8.883752822875977 -72.73343658447266 19.96570587158203
11.21957778930664 -68.7573471069336 18.982799530029297
11.765756607055664 -57.462860107421875 15.982332229614258
13.727895736694336 -55.573516845703125 15.597843170166016
14.695734024047852 -50.650604248046875 14.370452880859375
15.546162605285645 -46.507232666015625 13.36154556274414
17.06525421142578 -44.95439529418945 13.102071762084961
19.35219383239746 -45.3895378112793 13.444952011108398
18.185087203979492 -38.30573272705078 11.554014205932617
17.656583786010742 -33.63179397583008 10.35013198852539
18.090532302856445 -31.329587936401367 9.857646942138672
18.485692977905273 -29.233301162719727 9.424453735351562
18.848161697387695 -27.310585021972656 9.041746139526367
19.274188995361328 -25.656700134277344 8.743854522705078
19.582317352294922 -23.993986129760742 8.43887710571289
19.87650489807129 -22.4481201171875 8.169830322265625
20.147438049316406 -20.989736557006836 7.927663326263428
20.403186798095703 -19.613201141357422 7.7115607261657715
20.645763397216797 -18.307697296142578 7.518770694732666
20.876901626586914 -17.063907623291016 7.346973896026611
21.09807586669922 -15.873822212219238 7.194230556488037
21.310598373413086 -14.730417251586914 7.058901309967041
21.51561737060547 -13.6274995803833 6.9395833015441895
22.255840301513672 -12.872870445251465 7.005619525909424
25.56433868408203 -13.445104598999023 7.870415210723877
31.358869552612305 -14.915374755859375 9.461954116821289
41.008968353271484 -17.520092010498047 12.151176452636719
75.41954040527344 -28.693584442138672 21.987356185913086
76.07118225097656 -25.490732192993164 21.86065101623535
89.6031494140625 -26.068674087524414 25.42737579345703
5.134537696838379 13.393303871154785 3.9083938598632812
4.384947776794434 12.976261138916016 3.732192039489746
4.034846782684326 13.738242149353027 3.901503562927246
12.6565523147583 75.99613189697266 20.992639541625977
9.61192512512207 76.6084213256836 21.03793716430664
6.54920768737793 77.2253646850586 21.11791229248047
3.4581825733184814 77.84934997558594 21.233318328857422
0.32808783650398254 78.4786148071289 21.384044647216797
-2.8517041206359863 79.1117172241211 21.57036781311035
-6.092533588409424 79.7549057006836 21.794939041137695
-9.406707763671875 80.41055297851562 22.059682846069336
-12.80694580078125 81.07704162597656 22.36578941345215
-4.024118423461914 8.589014053344727 2.584465742111206
-4.167555332183838 8.037291526794434 2.466909170150757
-4.39201021194458 7.696297645568848 2.414529323577881
-4.672027111053467 7.472196578979492 2.401252269744873
-4.967941761016846 7.277317047119141 2.4009149074554443
-5.262880802154541 7.08032751083374 2.403839588165283
-5.633302211761475 6.974519729614258 2.4428868293762207
-6.027508735656738 6.877488613128662 2.4918272495269775
-6.46077823638916 6.799759387969971 2.555776357650757
-7.0746259689331055 6.870273590087891 2.6870880126953125
-9.573740005493164 -7.0785322189331055 3.2442541122436523
-9.028762817382812 -7.254650115966797 3.1559338569641113
-56.48606872558594 -62.72957229614258 23.001056671142578
-52.58292007446289 -63.34060287475586 22.431245803833008
-49.538082122802734 -64.80679321289062 22.226667404174805
6.578725337982178 -92.29688262939453 25.212875366210938
8.98527717590332 -80.34628295898438 22.02924346923828
10.839183807373047 -70.95909881591797 19.559215545654297
11.511938095092773 -59.28504180908203 16.455724716186523
13.460598945617676 -56.9741096496582 15.951696395874023
14.459725379943848 -51.80012512207031 14.654106140136719
15.342562675476074 -47.49937057495117 13.601058959960938
16.488208770751953 -44.80232620239258 13.008203506469727
18.766132354736328 -45.28607177734375 13.357080459594727
18.045595169067383 -39.03166961669922 11.717008590698242
18.575454711914062 -36.2736930847168 11.104455947875977
17.984704971313477 -31.890987396240234 9.976215362548828
18.38904571533203 -29.74597930908203 9.528940200805664
18.75928497314453 -27.78201675415039 9.134187698364258
19.1953182220459 -26.100305557250977 8.828046798706055
19.502519607543945 -24.398601531982422 8.510982513427734
19.805309295654297 -22.83138656616211 8.23558235168457
20.080427169799805 -21.350419998168945 7.986334323883057
20.339820861816406 -19.954261779785156 7.763918399810791
20.585556030273438 -18.63173484802246 7.565466403961182
20.819435119628906 -17.37312889099121 7.388556003570557
21.042999267578125 -16.170164108276367 7.231161594390869
21.257596969604492 -15.015565872192383 7.091567516326904
21.46441078186035 -13.90296745300293 6.968319416046143
22.210437774658203 -13.149903297424316 7.033067226409912
24.700870513916016 -13.313451766967773 7.645876407623291
28.74765968322754 -14.033647537231445 8.716686248779297
-62.0240364074707 -18.166719436645508 15.863029479980469
-46.629398345947266 -29.65232276916504 13.563026428222656
-9.789154052734375 -6.792708873748779 2.924483299255371
-9.130888938903809 -6.895824432373047 2.808443069458008
-9.037747383117676 -7.4143805503845215 2.8692240715026855
-69.37796020507812 -61.74563217163086 22.795740127563477
-65.1690673828125 -62.873008728027344 22.22597312927246
-59.494117736816406 -62.206241607666016 21.12700843811035
-55.95587158203125 -63.42617416381836 20.759929656982422
-52.13614273071289 -64.11817169189453 20.283449172973633
-49.2506217956543 -65.80716705322266 20.174592971801758
-49.31480026245117 -71.73331451416016 21.365819931030273
-38.431861877441406 -61.02035903930664 17.700092315673828
-35.46285629272461 -61.67278289794922 17.461347579956055
-9.131630897521973 -37.25619125366211 9.415002822875977
7.306585788726807 -89.6432876586914 22.075428009033203
8.891010284423828 -72.79288482666016 17.9993896484375
11.230957984924316 -68.82708740234375 17.11665916442871
12.616491317749023 -61.617794036865234 15.437519073486328
13.749382019042969 -55.660499572753906 14.072208404541016
14.736381530761719 -50.790706634521484 12.98040771484375
15.561595916748047 -46.553401947021484 12.04776382446289
16.97248649597168 -44.71000289916992 11.737922668457031
17.625089645385742 -41.33873748779297 11.03009033203125
17.174776077270508 -36.17753982543945 9.82939338684082
17.65519142150879 -33.62916564941406 9.322454452514648
18.089176177978516 -31.327247619628906 8.878900527954102
18.4843692779541 -29.23121452331543 8.488744735717773
18.84687042236328 -27.308700561523438 8.144060134887695
19.272850036621094 -25.65491485595703 7.87573766708374
19.57073402404785 -23.979778289794922 7.597065448760986
19.868743896484375 -22.43934440612793 7.356338977813721
20.146156311035156 -20.988412857055664 7.140624523162842
20.401931762695312 -19.61199188232422 6.945988178253174
20.64452362060547 -18.306594848632812 6.772345066070557
20.87567710876465 -17.062894821166992 6.617615222930908
21.096864700317383 -15.87291431427002 6.480045795440674
21.30939292907715 -14.729584693908691 6.358154296875
21.51442527770996 -13.626744270324707 6.250687599182129
22.224288940429688 -12.854625701904297 6.301571369171143
25.925947189331055 -13.635285377502441 7.189786434173584
29.750747680664062 -14.15048599243164 8.086061477661133
37.985328674316406 -16.228317260742188 10.138500213623047
47.981510162353516 -18.254714965820312 12.600318908691406
76.07711791992188 -25.492713928222656 19.69317054748535
89.61589813232422 -26.072376251220703 22.907716751098633
4.878761291503906 12.726104736328125 3.345219612121582
4.291419982910156 12.699478149414062 3.2901740074157715
3.8751280307769775 13.194413185119629 3.3752779960632324
3.51942777633667 14.049520492553711 3.5549263954162598
3.1158535480499268 14.96781063079834 3.7525224685668945
12.657984733581543 76.0047607421875 18.911890029907227
9.613504409790039 76.62104034423828 18.95366096496582
6.551513195037842 77.25289916992188 19.029359817504883
3.460014581680298 77.89118957519531 19.136817932128906
0.32800889015197754 78.45831298828125 19.257326126098633
-2.8513286113739014 79.10128784179688 19.427579879760742
-6.092935085296631 79.76006317138672 19.633703231811523
-9.409506797790527 80.4344253540039 19.876811981201172
-12.814872741699219 81.12721252441406 20.15911293029785
-16.321367263793945 81.82721710205078 20.479663848876953
-19.948686599731445 82.55758666992188 20.846467971801758
-23.717914581298828 83.32771301269531 21.26467514038086
-27.648069381713867 84.1310043334961 21.735960006713867
-31.711040496826172 84.83283233642578 22.228925704956055
-4.238197326660156 9.045937538146973 2.4518816471099854
-4.315696716308594 8.322997093200684 2.3011322021484375
-4.49791145324707 7.881865978240967 2.2274010181427
-4.778538227081299 7.642546653747559 2.212310791015625
-5.060251712799072 7.412537574768066 2.202880859375
-5.3627238273620605 7.214652061462402 2.2064080238342285
-5.746672630310059 7.114882946014404 2.2447893619537354
-6.174995422363281 7.045772075653076 2.2995078563690186
-6.623022556304932 6.97051477432251 2.360004186630249
-7.252474784851074 7.0429863929748535 2.481323719024658
-42.13994598388672 -8.29394245147705 10.54144287109375
-43.21174240112305 -10.32520866394043 10.904655456542969
-62.184383392333984 -17.529022216796875 15.857616424560547
-46.69554138183594 -29.031719207763672 13.49567985534668
-10.017595291137695 -6.8013410568237305 2.9719109535217285
-9.425206184387207 -6.9687089920043945 2.8770194053649902
-9.061731338500977 -7.281145095825195 2.853181838989258
-8.965081214904785 -7.816876411437988 2.9194116592407227
-66.24016571044922 -62.618202209472656 22.372909545898438
-60.58638381958008 -62.072120666503906 21.28961753845215
-56.93280792236328 -63.22571563720703 20.88275146484375
-53.0431022644043 -63.89496612548828 20.382444381713867
-49.580772399902344 -64.86262512207031 20.0385799407959
-50.04595184326172 -71.2340316772461 21.367605209350586
-39.22960662841797 -60.90452575683594 17.781301498413086
-36.18932342529297 -61.48072814941406 17.510272979736328
-35.572479248046875 -66.40263366699219 18.489503860473633
-9.690245628356934 -37.86545944213867 9.593378067016602
6.5794219970703125 -92.30672454833984 22.713668823242188
8.97903060913086 -80.29027557373047 19.82965850830078
10.8175687789917 -70.81757354736328 17.583404541015625
12.318766593933105 -63.44023132324219 15.861896514892578
13.47391414642334 -57.0303955078125 14.383155822753906
14.51103401184082 -51.98390197753906 13.2469482421875
15.358070373535156 -47.54736328125 12.263935089111328
16.48130226135254 -44.783546447753906 11.712614059448242
17.46761131286621 -42.15251159667969 11.199243545532227
17.044803619384766 -36.866981506347656 9.969095230102539
17.538414001464844 -34.24861526489258 9.444234848022461
17.98334503173828 -31.88858413696289 8.985689163208008
18.387714385986328 -29.74382209777832 8.582849502563477
18.75798225402832 -27.780092239379883 8.227319717407227
19.1939697265625 -26.098485946655273 7.951564311981201
19.497390747070312 -24.39219856262207 7.6645026206970215
19.793794631958008 -22.818126678466797 7.414133548736572
20.079145431518555 -21.34906005859375 7.193469524383545
20.33855628967285 -19.953035354614258 6.993144512176514
20.584312438964844 -18.630584716796875 6.814401149749756
20.818204879760742 -17.37210464477539 6.655065536499023
21.041778564453125 -16.169227600097656 6.513306617736816
21.256389617919922 -15.014717102050781 6.387576103210449
21.463214874267578 -13.90219783782959 6.2765703201293945
22.172473907470703 -13.127422332763672 6.324414253234863
24.72443389892578 -13.326148986816406 6.89381742477417
28.979063034057617 -14.146612167358398 7.915014743804932
-63.20603942871094 -18.512922286987305 14.406736373901367
-45.4719352722168 -28.91627311706543 11.787487030029297
-9.65703010559082 -6.701022148132324 2.571157693862915
-9.163416862487793 -6.920388221740723 2.511833906173706
-9.07064437866211 -7.441376686096191 2.566394567489624
-8.911602973937988 -7.931227207183838 2.609569549560547
-65.32089233398438 -63.01948928833008 19.854204177856445
-59.669952392578125 -62.39008331298828 18.884292602539062
-56.230255126953125 -63.73715591430664 18.59221839904785
-22.478660583496094 -27.64475440979004 7.793895244598389
-20.833599090576172 -27.837209701538086 7.605682849884033
-19.25790786743164 -28.01253890991211 7.435886859893799
-17.860170364379883 -28.357568740844727 7.330789089202881
-16.5797119140625 -28.83345603942871 7.275486469268799
-15.138313293457031 -28.96222686767578 7.148515224456787
-13.806656837463379 -29.219135284423828 7.0690999031066895
-12.858500480651855 -30.310760498046875 7.202210903167725
-10.334314346313477 -42.163082122802734 9.495880126953125
7.280589580535889 -89.32452392578125 19.603918075561523
8.883827209472656 -72.73406982421875 16.028308868408203
11.235210418701172 -68.85316467285156 15.260354995727539
12.658533096313477 -61.823158264160156 13.803955078125
13.789563179016113 -55.823143005371094 12.57796859741211
14.737425804138184 -50.79433059692383 11.56912612915039
15.545680046081543 -46.50578308105469 10.72612190246582
16.03144645690918 -42.23106002807617 9.88096809387207
16.63674545288086 -39.02061080932617 9.278911590576172
17.17336654663086 -36.174583435058594 8.759359359741211
17.65382194519043 -33.62654113769531 8.307638168334961
18.087841033935547 -31.324926376342773 7.912398815155029
18.483064651489258 -29.229141235351562 7.564733982086182
18.84558868408203 -27.306865692138672 7.257596492767334
19.271526336669922 -25.653156280517578 7.0184712409973145
19.569440841674805 -23.97818946838379 6.7701497077941895
19.852291107177734 -22.420753479003906 6.550628662109375
20.138132095336914 -20.980045318603516 6.361277103424072
15.098577499389648 -14.513984680175781 4.581207752227783
20.64329719543457 -18.305500030517578 6.0352373123168945
20.874462127685547 -17.061904907226562 5.89735746383667
21.09566307067871 -15.872005462646484 5.774764060974121
21.308204650878906 -14.728763580322266 5.666146755218506
21.51324462890625 -13.625994682312012 5.570384502410889
22.193212509155273 -12.836649894714355 5.608183860778809
25.242630004882812 -13.275907516479492 6.238744258880615
30.022777557373047 -14.27988338470459 7.2722859382629395
36.691925048828125 -15.675741195678711 8.727893829345703
46.375701904296875 -17.64377784729004 10.85373306274414
76.04108428955078 -25.48064422607422 17.5424747467041
89.62838745117188 -26.07600975036621 20.418479919433594
5.928646087646484 13.779991149902344 3.2814135551452637
4.732639312744141 12.344953536987305 2.8920092582702637
4.214971542358398 12.47325611114502 2.8800082206726074
3.7053864002227783 12.616456985473633 2.87632417678833
3.2144763469696045 12.8321533203125 2.893674373626709
2.7874741554260254 13.39036750793457 2.9918413162231445
12.658576011657715 76.0082778930664 16.85528564453125
9.611711502075195 76.60696411132812 16.888620376586914
2.572334051132202 30.331886291503906 6.658705711364746
1.3321386575698853 29.988798141479492 6.566310405731201
0.12410769611597061 29.68608283996582 6.493680953979492
-1.0594651699066162 29.391624450683594 6.433389663696289
-2.223282814025879 29.104162216186523 6.38488245010376
-3.3766932487487793 28.864683151245117 6.357007026672363
-4.512767791748047 28.569040298461914 6.326763153076172
-5.653235912322998 28.342565536499023 6.321862697601318
-6.805881977081299 28.166128158569336 6.338459491729736
-23.704574584960938 83.28092956542969 18.940702438354492
-27.624269485473633 84.05864715576172 19.354700088500977
-31.752323150634766 84.94328308105469 19.83648109436035
-36.03903579711914 85.73331451416016 20.343128204345703
-4.454253196716309 9.507081985473633 2.2965428829193115
-4.535709381103516 8.747293472290039 2.1553447246551514
-4.633512496948242 8.119481086730957 2.044930934906006
-4.8942999839782715 7.827696323394775 2.019402265548706
-5.175816535949707 7.581825256347656 2.008070468902588
-5.465122699737549 7.352409839630127 2.003925085067749
-5.885519981384277 7.28678560256958 2.0489182472229004
-6.327915668487549 7.220259189605713 2.100100040435791
-6.7914628982543945 7.147793769836426 2.156755208969116
-7.629759311676025 7.409372329711914 2.3264238834381104
-50.74437713623047 17.29149055480957 11.726722717285156
-52.498165130615234 15.56354808807373 11.977615356445312
-49.01845169067383 -7.615309715270996 10.851072311401367
-41.63847732543945 -8.195253372192383 9.282865524291992
-41.612186431884766 -9.942996978759766 9.358617782592773
-63.23649215698242 -17.825599670410156 14.371610641479492
-45.453697204589844 -28.259607315063477 11.707647323608398
-9.780793190002441 -6.640568256378174 2.5859947204589844
-9.300027847290039 -6.876161098480225 2.5299808979034424
-9.09453010559082 -7.3074951171875 2.551992654800415
-8.956419944763184 -7.809327602386475 2.5993010997772217
-66.45165252685547 -62.818138122558594 20.002670288085938
-60.72768783569336 -62.216861724853516 19.017807006835938
-57.204498291015625 -63.52739334106445 18.69976234436035
-53.129188537597656 -63.998661041259766 18.194562911987305
-21.24217987060547 -27.78946304321289 7.651270389556885
-19.693622589111328 -28.03136444091797 7.493655681610107
-18.21614646911621 -28.280811309814453 7.358463764190674
-16.911012649536133 -28.7294979095459 7.292275905609131
-15.478055000305176 -28.89266014099121 7.169826030731201
-14.144757270812988 -29.16314697265625 7.089989185333252
-12.886457443237305 -29.537500381469727 7.0492472648620605
6.6479973793029785 -93.26886749267578 20.45368194580078
9.024969100952148 -80.70125579833984 17.762887954711914
10.8239107131958 -70.85914611816406 15.679710388183594
12.336491584777832 -63.53145980834961 14.156646728515625
13.522900581359863 -57.23781204223633 12.86506462097168
14.512335777282715 -51.98857498168945 11.806905746459961
15.352584838867188 -47.53036117553711 10.925859451293945
15.865628242492676 -43.110595703125 10.048480987548828
16.49072265625 -39.79509735107422 9.422714233398438
17.04338836669922 -36.863929748535156 8.883844375610352
17.53703498840332 -34.24589920043945 8.416154861450195
17.98200035095215 -31.88618278503418 8.00755500793457
18.386402130126953 -29.7416934967041 7.648594379425049
18.756696701049805 -27.778200149536133 7.331783771514893
19.192642211914062 -26.09667205810547 7.086038112640381
19.496091842651367 -24.390567779541016 6.83024263381958
19.77884864807129 -22.800886154174805 6.602576732635498
20.06737518310547 -21.336549758911133 6.407149314880371
14.944419860839844 -14.661145210266113 4.579442501068115
15.754570960998535 -14.259252548217773 4.648135662078857
20.816991806030273 -17.371076583862305 5.930726528167725
21.04058074951172 -16.168298721313477 5.8044047355651855
21.255199432373047 -15.013875961303711 5.692366600036621
21.4620304107666 -13.9014310836792 5.593449115753174
22.1413631439209 -13.109004020690918 5.628486633300781
24.345579147338867 -13.121954917907715 6.049712181091309
28.86213493347168 -14.089534759521484 7.025496006011963
-46.864322662353516 -29.801721572875977 10.68185806274414
-9.648314476013184 -6.694977760314941 2.2587242126464844
-9.167632102966309 -6.923566818237305 2.209617853164673
-8.93054485321045 -7.326441764831543 2.221721649169922
-8.676224708557129 -7.721737384796143 2.2339348793029785
-8.498255729675293 -8.198840141296387 2.271207094192505
-59.70133590698242 -62.422874450683594 16.61328125
-56.359405517578125 -63.883583068847656 16.385295867919922
-22.359485626220703 -27.498191833496094 6.816674709320068
-20.7632999420166 -27.7432861328125 6.664952278137207
-19.14920997619629 -27.85442352294922 6.501308917999268
-17.892473220825195 -28.408832550048828 6.45746374130249
-16.301288604736328 -28.3492488861084 6.289748191833496
-15.15699291229248 -28.99795150756836 6.293290138244629
-13.805302619934082 -29.21624755859375 6.215095520019531
-12.878440856933594 -30.35778045654297 6.342574119567871
-25.92341423034668 -68.66316223144531 14.116279602050781
-22.974536895751953 -69.1451416015625 14.014005661010742
-1.0987297296524048 -13.788052558898926 2.6603477001190186
-0.5678290128707886 -14.438376426696777 2.7791671752929688
7.292383193969727 -89.46917724609375 17.265213012695312
9.490401268005371 -77.70021057128906 15.055620193481445
11.235427856445312 -68.8544692993164 13.418346405029297
12.662679672241211 -61.84336853027344 12.141494750976562
13.793667793273926 -55.839813232421875 11.062843322753906
14.572794914245605 -50.226871490478516 10.058837890625
15.362415313720703 -45.95756530761719 9.320072174072266
16.028345108032227 -42.22286605834961 8.68643569946289
16.63532257080078 -39.01726531982422 8.158050537109375
17.17197608947754 -36.171661376953125 7.701292514801025
17.652469635009766 -33.62396240234375 7.3041672706604
18.086517333984375 -31.3226318359375 6.956693172454834
18.481773376464844 -29.227100372314453 6.6510491371154785
18.844324111938477 -27.305017471313477 6.381019115447998
19.27021598815918 -25.65141487121582 6.170772075653076
19.568161010742188 -23.97661781311035 5.952457904815674
19.846187591552734 -22.413860321044922 5.758057117462158
14.572534561157227 -15.181766510009766 4.0474982261657715
14.832067489624023 -14.25778865814209 3.9570541381835938
15.77626895904541 -13.98965072631836 4.055514335632324
15.380050659179688 -12.57100772857666 3.8205533027648926
21.094478607177734 -15.871106147766113 5.077342987060547
21.30703353881836 -14.72795295715332 4.98184871673584
21.5120792388916 -13.625258445739746 4.897655487060547
22.41396141052246 -12.964339256286621 4.980205535888672
25.492887496948242 -13.407526969909668 5.539979457855225
29.945327758789062 -14.24304485321045 6.377870082855225
36.29118728637695 -15.504539489746094 7.590432643890381
46.54545211791992 -17.70835304260254 9.578392028808594
76.01560974121094 -25.47211265563965 15.419553756713867
88.92164611816406 -25.870399475097656 17.811960220336914
25.882726669311523 9.750224113464355 5.319693565368652
5.939458847045898 13.805129051208496 2.890542507171631
4.732991695404053 12.345870971679688 2.5430712699890137
4.2219767570495605 12.493979454040527 2.536536693572998
3.7120039463043213 12.638991355895996 2.5336081981658936
3.2010772228240967 12.77866268157959 2.5337395668029785
2.760176658630371 13.259224891662598 2.6048991680145264
2.3912301063537598 14.358114242553711 2.7996182441711426
9.61251163482666 76.61309814453125 14.850997924804688
2.5673627853393555 30.273311614990234 5.843550682067871
1.3322964906692505 29.992313385009766 5.774292469024658
0.1238224133849144 29.619964599609375 5.697038173675537
-1.0538849830627441 29.236936569213867 5.6269707679748535
-2.2195799350738525 29.05571174621582 5.604743003845215
-3.3898932933807373 28.97752571105957 5.6114325523376465
-4.528111457824707 28.666181564331055 5.581902503967285
-5.653970718383789 28.34623146057129 5.559398651123047
-6.8712992668151855 28.436859130859375 5.626841068267822
-8.056562423706055 28.30497169494629 5.660305023193359
-27.62124252319336 84.04948425292969 17.016313552856445
-31.7497615814209 84.9364013671875 17.440378189086914
-36.07273864746094 85.81343078613281 17.903989791870117
-4.61024808883667 9.840032577514648 2.0900187492370605
-4.748108863830566 9.156916618347168 1.9838950634002686
-4.819688320159912 8.445734024047852 1.8703117370605469
-5.014438629150391 8.019834518432617 1.8192028999328613
-5.302135944366455 7.766859531402588 1.8087451457977295
-5.620906352996826 7.561990261077881 1.8122336864471436
-6.045271873474121 7.4845781326293945 1.8504717350006104
-6.486786842346191 7.401528358459473 1.8929333686828613
-6.966689586639404 7.332212924957275 1.9453179836273193
-15.645599365234375 10.021409034729004 3.5735907554626465
-16.28868293762207 9.532326698303223 3.6299405097961426
-50.96915054321289 17.36808204650879 10.356731414794922
-59.15876388549805 17.538148880004883 11.867849349975586
-50.16550827026367 -7.793511390686035 9.76437759399414
-42.25755310058594 -8.317095756530762 8.28358268737793
-44.3619499206543 -10.600046157836914 8.772600173950195
-46.85404968261719 -29.130264282226562 10.61143684387207
-9.773420333862305 -6.635566711425781 2.272095203399658
-9.28680419921875 -6.8663787841796875 2.22139573097229
-8.999665260314941 -7.231274127960205 2.220506429672241
-8.725508689880371 -7.607992649078369 2.2265849113464355
-8.543578147888184 -8.07641887664795 2.2612500190734863
-60.7238655090332 -62.21297073364258 16.720905303955078
-57.29719924926758 -63.630374908447266 16.468952178955078
-53.17741775512695 -64.0567398071289 16.012609481811523
-21.157529830932617 -27.678720474243164 6.7007904052734375
-19.610902786254883 -27.913619995117188 6.561334133148193
-18.173242568969727 -28.214208602905273 6.454898357391357
-16.672548294067383 -28.324382781982422 6.321526527404785
-15.441322326660156 -28.8240966796875 6.289310932159424
-14.1439847946167 -29.16156005859375 6.23373556137085
-12.933877944946289 -29.64616584777832 6.221056938171387
-13.809887886047363 -35.48185348510742 7.323122501373291
-23.795705795288086 -69.25494384765625 14.084575653076172
-1.2559369802474976 -13.965670585632324 2.696942090988159
-0.7065293192863464 -14.268258094787598 2.747666597366333
6.645389556884766 -93.23209381103516 17.97738265991211
9.012469291687012 -80.58943939208984 15.59688949584961
10.835168838500977 -70.93278503417969 13.801183700561523
12.340633392333984 -63.55278396606445 12.451812744140625
13.527027130126953 -57.2552490234375 11.315422058105469
14.352707862854004 -51.416748046875 10.267366409301758
15.173861503601074 -46.97707748413086 9.495037078857422
15.860838890075684 -43.097557067871094 8.832744598388672
16.489286422729492 -39.79164505004883 8.284467697143555
17.0419921875 -36.860897064208984 7.810731410980225
17.53567123413086 -34.243247985839844 7.399570941925049
17.980667114257812 -31.883838653564453 7.0403523445129395
18.385103225708008 -29.73960304260254 6.724769115447998
18.755428314208984 -27.77631187438965 6.4462432861328125
19.191326141357422 -26.094884872436523 6.230177402496338
19.494802474975586 -24.388957977294922 6.005288600921631
19.777591705322266 -22.799421310424805 5.805132865905762
20.051313400268555 -21.319459915161133 5.629160404205322
14.692683219909668 -14.414175033569336 3.9587793350219727
15.396018028259277 -13.934727668762207 3.993992805480957
15.188189506530762 -12.674041748046875 3.804720401763916
21.039392471313477 -16.167394638061523 5.103400230407715
21.25402069091797 -15.01304817199707 5.0049004554748535
21.46086311340332 -13.900672912597656 4.917932510375977
22.338970184326172 -13.22600269317627 4.9931769371032715
24.466535568237305 -13.187148094177246 5.345808982849121
28.87323570251465 -14.09494686126709 6.179742336273193
-47.195735931396484 -13.823531150817871 8.172746658325195
-43.644676208496094 -14.712793350219727 7.654133319854736
-45.35148620605469 -17.34806251525879 8.069337844848633
-42.565452575683594 -18.276165008544922 7.698228359222412
-9.74759292602539 -6.763873100280762 1.9716992378234863
-9.222221374511719 -6.9648003578186035 1.9205572605133057
-9.006719589233398 -7.3889288902282715 1.9360215663909912
-8.729822158813477 -7.769444465637207 1.942122220993042
-8.449972152709961 -8.15225887298584 1.95125412940979
-59.670860290527344 -62.39105224609375 14.34714126586914
-56.310272216796875 -63.82785415649414 14.145132064819336
-15.958988189697266 -19.62672233581543 4.203857421875
-14.692842483520508 -19.632118225097656 4.075099468231201
-13.6259183883667 -19.820261001586914 3.9971232414245605
-12.734746932983398 -20.219640731811523 3.9711251258850098
-11.834443092346191 -20.581050872802734 3.9454007148742676
-11.39045524597168 -21.79191780090332 4.086368083953857
-13.749479293823242 -29.098114013671875 5.348348617553711
-13.409134864807129 -31.608749389648438 5.706033229827881
-14.650679588317871 -38.8051643371582 6.893152713775635
-22.287395477294922 -67.07708740234375 11.746450424194336
-1.0977158546447754 -13.775346755981445 2.2965166568756104
-0.5612580180168152 -14.271324157714844 2.373516798019409
7.2933855056762695 -89.48146057128906 14.91981315612793
9.504039764404297 -77.81187438964844 13.027286529541016
11.232827186584473 -68.83861541748047 11.591266632080078
12.666792869567871 -61.863372802734375 10.49407958984375
13.650247573852539 -55.25919723510742 9.459300994873047
14.577445030212402 -50.24296569824219 8.693981170654297
15.366971015930176 -45.971153259277344 8.055261611938477
16.021163940429688 -42.203941345214844 7.502028942108154
16.631999969482422 -39.00947189331055 7.047435283660889
17.17059898376465 -36.16875457763672 6.653660297393799
17.651126861572266 -33.62141418457031 6.310584545135498
18.085208892822266 -31.32035255432129 6.01039457321167
18.480491638183594 -29.22507095336914 5.746344566345215
18.843076705932617 -27.303203582763672 5.5130615234375
19.268924713134766 -25.649703979492188 5.331409931182861
19.5668888092041 -23.975065231323242 5.14280366897583
19.84494400024414 -22.412450790405273 4.974855422973633
14.515093803405762 -15.121932029724121 3.4833984375
14.674365043640137 -14.106193542480469 3.3826847076416016
14.0869779586792 -12.491671562194824 3.1288981437683105
14.569944381713867 -11.90886116027832 3.127218723297119
21.093303680419922 -15.870233535766602 4.38676118850708
21.305871963500977 -14.727151870727539 4.30426025390625
21.51092529296875 -13.624529838562012 4.2315216064453125
22.57608413696289 -13.05810546875 4.334198951721191
25.797834396362305 -13.567911148071289 4.843997478485107
29.928815841674805 -14.235182762145996 5.507668972015381
36.924625396728516 -15.77515697479248 6.672880172729492
46.034263610839844 -17.51387596130371 8.1851806640625
75.99040222167969 -25.46366310119629 13.31863021850586
88.64375305175781 -25.789552688598633 15.342077255249023
23.002140045166016 1.8159804344177246 3.8345131874084473
22.221118927001953 2.6567862033843994 3.7191238403320312
22.21491050720215 3.5669829845428467 3.739079475402832
22.782794952392578 4.604549407958984 3.8627190589904785
25.222070693969727 8.359869956970215 4.415779113769531
23.675752639770508 8.918835639953613 4.204477310180664
23.25740623474121 9.84619140625 4.197139263153076
19.17391014099121 9.042868614196777 3.523019313812256
18.747535705566406 9.781667709350586 3.5141468048095703
18.507219314575195 10.6239013671875 3.5463500022888184
17.95626449584961 11.29084587097168 3.524972915649414
26.63398551940918 18.28144073486328 5.368530750274658
26.155662536621094 19.545207977294922 5.426229476928711
5.890423774719238 13.691146850585938 2.476912021636963
4.815656661987305 12.561491966247559 2.235680341720581
4.295523643493652 12.711616516113281 2.2298362255096436
3.7708168029785156 12.839247703552246 2.22381329536438
3.2440896034240723 12.95036792755127 2.218658447265625
2.7955973148345947 13.429375648498535 2.279608726501465
2.4130027294158936 14.488869667053223 2.44100022315979
9.612934112548828 76.61658477783203 12.83237075805664
2.594036102294922 30.587785720825195 5.1014862060546875
1.3394280672073364 30.15287971496582 5.01590633392334
0.12439634650945663 29.756223678588867 4.945089340209961
-1.0672012567520142 29.60628318786621 4.923323154449463
-2.24129056930542 29.339872360229492 4.8900604248046875
-3.403066635131836 29.090145111083984 4.867319583892822
-4.561465740203857 28.877315521240234 4.858486175537109
-5.7280964851379395 28.717857360839844 4.866495609283447
-6.956696033477783 28.790273666381836 4.922215938568115
-23.69957160949707 83.26325988769531 14.38673210144043
-3.9014973640441895 11.871965408325195 2.0767533779144287
-31.747215270996094 84.92958068847656 15.06789779663086
-36.06975555419922 85.80635833740234 15.468408584594727
-4.775882244110107 10.193565368652344 1.8707318305969238
-4.909741401672363 9.4686279296875 1.7725083827972412
-5.028755187988281 8.812082290649414 1.6861157417297363
-5.139368534088135 8.21964168548584 1.6110179424285889
-5.460021018981934 7.998136520385742 1.6093571186065674
-5.804125785827637 7.808481693267822 1.616875410079956
-6.275475025177002 7.769584655761719 1.6597576141357422
-6.721258640289307 7.669065475463867 1.6946818828582764
-7.149360179901123 7.524471282958984 1.7248966693878174
-18.5693302154541 15.335970878601074 4.0023112297058105
-15.66077995300293 10.943236351013184 3.1750259399414062
-15.497472763061523 9.926530838012695 3.058475971221924
-16.111724853515625 9.428772926330566 3.102325439453125
-43.474647521972656 -8.556648254394531 7.363453388214111
-55.16346740722656 -13.181009292602539 9.425430297851562
-64.35098266601562 -18.13975715637207 11.11094856262207
-43.55263900756836 -14.190143585205078 7.612287998199463
-45.42842483520508 -16.84992218017578 8.052122116088867
-44.72535705566406 -18.667158126831055 8.054109573364258
-45.35579299926758 -21.109582901000977 8.31385612487793
-47.01587677001953 -29.230863571166992 9.200326919555664
-9.921630859375 -6.736186981201172 1.9929423332214355
-9.343058586120605 -6.907970905303955 1.9309911727905273
-9.049188613891602 -7.271062850952148 1.9291551113128662
-8.800100326538086 -7.673022270202637 1.940295934677124
-8.521080017089844 -8.055156707763672 1.948655366897583
-60.764888763427734 -62.2549934387207 14.457212448120117
-57.284305572509766 -63.61603927612305 14.226558685302734
-16.350154876708984 -19.695167541503906 4.253913402557373
-14.962919235229492 -19.574810028076172 4.094579219818115
-13.896368980407715 -19.779720306396484 4.01724100112915
-12.964373588562012 -20.127370834350586 3.9786930084228516
-12.061079025268555 -20.490127563476562 3.9512810707092285
-11.390376091003418 -21.262256622314453 4.0085601806640625
-14.088057518005371 -29.046232223510742 5.364869594573975
-12.962728500366211 -29.71230125427246 5.38720703125
-14.459457397460938 -37.15081024169922 6.625063896179199
-22.689804077148438 -66.03632354736328 11.603996276855469
-20.23887825012207 -67.63746643066406 11.732778549194336
-1.2409543991088867 -13.799057006835938 2.302455425262451
-0.7000983357429504 -14.138298988342285 2.3524553775787354
-0.13877852261066437 -14.976839065551758 2.489037275314331
6.634598731994629 -93.08102416992188 15.507944107055664
8.996477127075195 -80.44644165039062 13.452346801757812
10.832598686218262 -70.91600036621094 11.921892166137695
12.344735145568848 -63.57394027709961 10.762392044067383
13.389155387878418 -56.671661376953125 9.677274703979492
14.357386589050293 -51.43354034423828 8.874269485473633
15.17844009399414 -46.99126052856445 8.206531524658203
15.853453636169434 -43.07750701904297 7.628256320953369
16.485118865966797 -39.78156661987305 7.1562628746032715
17.040605545043945 -36.85791015625 6.748202323913574
17.534318923950195 -34.24061965942383 6.393001556396484
17.979352951049805 -31.88149070739746 6.082669258117676
18.383819580078125 -29.73750114440918 5.810035228729248
18.754165649414062 -27.774456024169922 5.5694122314453125
19.19002914428711 -26.09311294555664 5.382729530334473
19.493528366088867 -24.387353897094727 5.188445091247559
19.776338577270508 -22.7979793548584 5.0155253410339355
14.472972869873047 -15.38831615447998 3.5106711387634277
14.63603401184082 -14.358603477478027 3.4073376655578613
14.767230987548828 -13.36562442779541 3.310013771057129
14.379672050476074 -11.99935531616211 3.1124134063720703
21.038209915161133 -16.16649055480957 4.409274578094482
21.252857208251953 -15.012212753295898 4.324173927307129
21.459705352783203 -13.899927139282227 4.249039649963379
22.44741439819336 -13.290205001831055 4.335225582122803
24.721153259277344 -13.324379920959473 4.6670403480529785
28.873382568359375 -14.095015525817871 5.339547634124756
-43.37407302856445 -12.704172134399414 6.338954448699951
-42.03068923950195 -14.16869831085205 6.220902919769287
-41.91842269897461 -16.034828186035156 6.294676303863525
-41.85723876953125 -17.972078323364258 6.388901710510254
-41.90459442138672 -20.02429962158203 6.513827323913574
-41.977596282958984 -22.17441749572754 6.658471584320068
-24.27967643737793 -14.102150917053223 3.938053607940674
-23.65054702758789 -15.039731979370117 3.930966854095459
-10.5166597366333 -7.2975263595581055 1.7953228950500488
-9.292196273803711 -7.017642974853516 1.6331725120544434
-9.006865501403809 -7.389055252075195 1.6339526176452637
-8.804526329040527 -7.835933685302734 1.6531016826629639
-19.37639045715332 -18.69371795654297 3.776186466217041
-18.09086799621582 -18.915555953979492 3.67100191116333
-16.922008514404297 -19.181148529052734 3.5875134468078613
-15.815765380859375 -19.45057487487793 3.5160470008850098
-14.746209144592285 -19.703428268432617 3.451714515686035
-13.726017951965332 -19.965864181518555 3.3981943130493164
-12.781783103942871 -20.294326782226562 3.363852024078369
-11.959409713745117 -20.798381805419922 3.364924907684326
-11.507150650024414 -22.015174865722656 3.4840645790100098
-12.175227165222168 -25.76651954650879 3.996985912322998
-13.179389953613281 -31.06718635559082 4.73315954208374
-15.209494590759277 -40.285255432128906 6.039438724517822
-22.32599449157715 -67.1932601928711 9.930706024169922
-27.011577606201172 -93.7318115234375 13.681236267089844
-6.268694877624512 -30.90000343322754 4.422127723693848
-4.978760242462158 -30.86257553100586 4.384555339813232
-1.670875072479248 -13.888501167297363 1.9619615077972412
-1.0991811752319336 -13.793710708618164 1.940753698348999
-0.5579236745834351 -14.186503410339355 1.991248607635498
7.2959699630737305 -89.51301574707031 12.596172332763672
9.508999824523926 -77.85257720947266 11.000265121459961
11.20291519165039 -68.65528869628906 9.756523132324219
12.544171333312988 -61.26459503173828 8.770862579345703
13.654964447021484 -55.27824783325195 7.986029148101807
14.582072257995605 -50.25888442993164 7.339700222015381
15.371481895446777 -45.984683990478516 6.800321102142334
16.01388931274414 -42.18478775024414 6.328540325164795
16.626625061035156 -38.99687194824219 5.94583797454834
17.167144775390625 -36.161460876464844 5.614289283752441
17.649797439575195 -33.618865966796875 5.325479030609131
18.083911895751953 -31.318126678466797 5.07217264175415
18.47922706604004 -29.223060607910156 4.849353313446045
18.84183120727539 -27.301420211791992 4.652501583099365
19.267641067504883 -25.647981643676758 4.499199867248535
19.565629959106445 -23.973529815673828 4.3400444984436035
19.843706130981445 -22.411067962646484 4.1983208656311035
14.39432430267334 -14.996111869812012 2.9153919219970703
14.70876407623291 -14.139266014099121 2.861544132232666
14.100573539733887 -12.503729820251465 2.643214702606201
16.307241439819336 -13.32884407043457 2.953944683074951
21.09213638305664 -15.86936092376709 3.7020492553710938
21.304716110229492 -14.726353645324707 3.6324286460876465
21.509780883789062 -13.62380313873291 3.571046829223633
22.630672454833984 -13.089686393737793 3.6667375564575195
25.843746185302734 -13.592056274414062 4.0954203605651855
29.924238204956055 -14.233015060424805 4.647543907165527
35.974609375 -15.369281768798828 5.48675012588501
46.121124267578125 -17.546920776367188 6.921000003814697
60.599857330322266 -20.306438446044922 8.963842391967773
88.31158447265625 -25.692914962768555 12.899587631225586
22.711223602294922 0.8764805197715759 3.18770694732666
22.33952522277832 1.7636687755584717 3.1429529190063477
22.067720413208008 2.6384479999542236 3.11712646484375
22.02980613708496 3.537259578704834 3.129340171813965
22.24498748779297 4.49585485458374 3.1830267906188965
24.177955627441406 8.013794898986816 3.5724663734436035
23.76641273498535 8.95297908782959 3.561999797821045
22.736000061035156 9.62545394897461 3.462806224822998
19.141525268554688 9.027596473693848 2.9682669639587402
18.736751556396484 9.77603816986084 2.96409273147583
18.387388229370117 10.555109977722168 2.973599910736084
17.933334350585938 11.276432991027832 2.9711380004882812
18.385257720947266 12.61955738067627 3.127598285675049
24.977277755737305 18.664644241333008 4.373206615447998
21.338882446289062 18.797800064086914 3.9885001182556152
20.206207275390625 19.296890258789062 3.9187350273132324
5.842572212219238 13.57992935180664 2.0734336376190186
4.900002479553223 12.781510353088379 1.9198734760284424
4.358699798583984 12.898575782775879 1.9095721244812012
3.821859359741211 13.013036727905273 1.902214765548706
3.2973620891571045 13.163042068481445 1.9032092094421387
2.854107618331909 13.710441589355469 1.9641642570495605
12.731383323669434 76.44581604003906 10.869487762451172
9.646844863891602 76.8862533569336 10.868133544921875
6.550725936889648 77.24368286132812 10.872604370117188
1.36004638671875 30.616943359375 4.29837703704834
0.1273319572210312 30.45784568786621 4.271866321563721
-1.0909823179244995 30.265974044799805 4.247674465179443
-2.289285659790039 29.96820068359375 4.215399265289307
-3.4769723415374756 29.721923828125 4.197039604187012
-4.692226409912109 29.705102920532227 4.217909812927246
-5.8580780029296875 29.36952018737793 4.200327396392822
-7.299266815185547 30.207984924316406 4.358715534210205
-23.694894790649414 83.2468490600586 12.13943862915039
-3.890249729156494 11.837753295898438 1.7476458549499512
-4.3464765548706055 11.627612113952637 1.7410314083099365
-36.0557746887207 85.77314758300781 13.049673080444336
-40.60087203979492 86.65779113769531 13.421928405761719
-45.43154525756836 87.61653137207031 13.842336654663086
-6.09965181350708 8.9351167678833 1.5173497200012207
-6.210406303405762 8.35506820678711 1.4600975513458252
-6.507779121398926 8.057201385498047 1.4526238441467285
-7.252687454223633 8.275433540344238 1.5433299541473389
-18.531116485595703 16.601621627807617 3.489518165588379
-18.014448165893555 14.877711296081543 3.2768607139587402
-15.368350982666016 10.738892555236816 2.6295628547668457
-15.433500289916992 9.8855562210083 2.57057785987854
-15.970075607299805 9.345870018005371 2.5952203273773193
-23.283662796020508 12.397192001342773 3.6996688842773438
-23.02957534790039 11.097620010375977 3.5854482650756836
-85.91215515136719 -9.828990936279297 12.128107070922852
-76.92182922363281 -11.950260162353516 10.917985916137695
-55.36701965332031 -10.897284507751465 7.914413928985596
-45.602970123291016 -10.896588325500488 6.576045513153076
-43.678096771240234 -12.312323570251465 6.364755630493164
-42.082393646240234 -13.711097717285156 6.207592487335205
-41.93880081176758 -15.555574417114258 6.27365255355835
-42.04480743408203 -17.54837989807129 6.389960289001465
-41.77906799316406 -19.444908142089844 6.463243007659912
-40.684539794921875 -20.96493148803711 6.41921329498291
-69.97334289550781 -39.695858001708984 11.283266067504883
-23.54115104675293 -14.636078834533691 3.8878421783447266
-72.64763641357422 -49.3233642578125 12.31558609008789
-9.44538402557373 -6.983627796173096 1.6475274562835693
-9.046682357788086 -7.269051551818848 1.6276793479919434
-8.875337600708008 -7.738630294799805 1.6515324115753174
-19.907323837280273 -18.818811416625977 3.8421592712402344
-18.41193389892578 -18.86343765258789 3.6970343589782715
-17.20290756225586 -19.104368209838867 3.60568904876709
-16.092666625976562 -19.38498878479004 3.53359317779541
-15.013063430786133 -19.640413284301758 3.4672441482543945
-13.971153259277344 -19.886154174804688 3.408637046813965
-13.018840789794922 -20.211936950683594 3.3719677925109863
-12.113456726074219 -20.5790958404541 3.3492045402526855
-11.536081314086914 -21.53424835205078 3.426342010498047
-11.967670440673828 -24.674514770507812 3.84627103805542
-13.016616821289062 -29.83582305908203 4.56549072265625
-15.215182304382324 -39.09251022338867 5.883522033691406
-22.408103942871094 -65.21646881103516 9.671730041503906
-21.872901916503906 -73.09825897216797 10.701446533203125
-6.560388088226318 -30.73052406311035 4.407192707061768
-5.395298004150391 -31.409568786621094 4.46983003616333
-1.2426148653030396 -13.817506790161133 1.9457786083221436
-0.6923488974571228 -13.981861114501953 1.9634130001068115
-0.13639523088932037 -14.719639778137207 2.0645737648010254
6.628933429718018 -93.00108337402344 13.076847076416016
9.001168251037598 -80.48833465576172 11.35916519165039
10.806924819946289 -70.74797058105469 10.03776741027832
12.226621627807617 -62.96561813354492 8.99612045288086
13.393882751464844 -56.69166946411133 8.170120239257812
14.362043380737305 -51.450157165527344 7.4919514656066895
15.182985305786133 -47.00530242919922 6.928059101104736
15.846137046813965 -43.0576286315918 6.434976577758789
16.47874641418457 -39.76620864868164 6.037271976470947
17.03630828857422 -36.84858703613281 5.6937689781188965
17.532978057861328 -34.23800277709961 5.395027160644531
17.978044509887695 -31.879175186157227 5.133159637451172
18.382537841796875 -29.735456466674805 4.90310001373291
18.752920150756836 -27.772598266601562 4.700049877166748
19.188737869262695 -26.091354370117188 4.542505741119385
19.492263793945312 -24.385780334472656 4.37855863571167
19.775096893310547 -22.79656410217285 4.232640743255615
14.362491607666016 -15.270858764648438 2.9402499198913574
14.591531753540039 -14.314940452575684 2.8669137954711914
15.052351951599121 -13.623686790466309 2.847456932067871
14.348737716674805 -11.973539352416992 2.621102809906006
21.03704833984375 -16.16559600830078 3.721047878265381
21.251697540283203 -15.011408805847168 3.649233818054199
21.45855712890625 -13.899184226989746 3.585829734802246
22.47777557373047 -13.308180809020996 3.6636996269226074
24.843582153320312 -13.390374183654785 3.958306312561035
28.86920166015625 -14.09298038482666 4.505712509155273
-42.574005126953125 -12.469843864440918 5.079786777496338
-41.7576789855957 -14.07667350769043 5.045877933502197
-40.881919860839844 -15.638345718383789 5.012025833129883
-40.45785140991211 -17.37122917175293 5.0416388511657715
-40.5638313293457 -19.38360023498535 5.147865295410156
-40.75191879272461 -21.52696418762207 5.277383804321289
-23.9865665435791 -13.931907653808594 3.176283836364746
-23.029693603515625 -14.644929885864258 3.125070095062256
-22.537504196166992 -15.638823509216309 3.1411218643188477
-9.437878608703613 -7.127666473388672 1.3542590141296387
-9.03061580657959 -7.408529758453369 1.3375084400177002
-8.856293678283691 -7.8819990158081055 1.3575592041015625
-19.485782623291016 -18.799257278442383 3.1003599166870117
-18.048885345458984 -18.871673583984375 2.9901251792907715
-16.87678337097168 -19.129886627197266 2.921088695526123
-15.76611614227295 -19.389530181884766 2.8615593910217285
-14.681438446044922 -19.616886138916016 2.805668830871582
-13.715295791625977 -19.95026397705078 2.7721853256225586
-12.777388572692871 -20.2873477935791 2.7453696727752686
-12.000048637390137 -20.869062423706055 2.7565245628356934
-11.283187866210938 -21.586692810058594 2.7890982627868652
-12.041488647460938 -25.48347282409668 3.2273731231689453
-13.039430618286133 -30.73729133605957 3.823211669921875
-15.171462059020996 -40.18451690673828 4.918394088745117
-22.150697708129883 -66.66567993164062 8.043966293334961
-21.387388229370117 -74.2154769897461 8.843954086303711
-7.261180877685547 -29.624971389770508 3.492645740509033
-5.20953893661499 -25.679157257080078 3.000314712524414
-4.2941694259643555 -26.618913650512695 3.087430953979492
-1.109444260597229 -13.922529220581055 1.5992681980133057
-0.5505819320678711 -13.999879837036133 1.60430908203125
7.261168479919434 -89.0860824584961 10.234718322753906
9.47899341583252 -77.60692596435547 8.952499389648438
11.19151782989502 -68.58548736572266 7.9573140144348145
12.541753768920898 -61.25274658203125 7.159321308135986
13.659643173217773 -55.297203063964844 6.522183418273926
14.586668968200684 -50.274688720703125 5.994161605834961
15.37596607208252 -45.99812316894531 5.553535461425781
12.424491882324219 -32.7293586730957 4.0086565017700195
13.74990463256836 -32.24967575073242 4.014411449432373
17.162385940551758 -36.151451110839844 4.582348346710205
17.64626121520996 -33.61212158203125 4.346951961517334
18.082618713378906 -31.31589126586914 4.140726566314697
18.47795867919922 -29.221078872680664 3.958838939666748
18.840600967407227 -27.299640655517578 3.7981443405151367
19.266366958618164 -25.64628028869629 3.67299222946167
19.56438446044922 -23.972002029418945 3.5430712699890137
19.842483520507812 -22.409671783447266 3.4273791313171387
14.468273162841797 -15.073155403137207 2.3924102783203125
14.903951644897461 -14.326888084411621 2.367222309112549
14.114043235778809 -12.515670776367188 2.1600327491760254
20.850223541259766 -17.04209327697754 3.0835185050964355
21.086122512817383 -15.864827156066895 3.0215630531311035
21.303571701049805 -14.72555923461914 2.9654269218444824
21.508638381958008 -13.623080253601074 2.9153189659118652
22.69386100769043 -13.126235008239746 3.0019564628601074
25.809829711914062 -13.574213981628418 3.3391942977905273
29.584352493286133 -14.071351051330566 3.7512497901916504
35.25606918334961 -15.062302589416504 4.390021800994873
45.657981872558594 -17.37071418762207 5.593700408935547
60.61050796508789 -20.309993743896484 7.319545269012451
87.97615814208984 -25.595317840576172 10.491474151611328
30.113290786743164 -0.049330852925777435 3.4481568336486816
22.781055450439453 0.8791778087615967 2.610508918762207
22.488109588623047 1.775396704673767 2.583035707473755
22.412872314453125 2.6797122955322266 2.584686279296875
22.128616333007812 3.5531246662139893 2.566315174102783
22.086462020874023 4.4638142585754395 2.580165386199951
22.549556732177734 5.509456157684326 2.6580088138580322
24.41192054748535 8.09134292602539 2.9448580741882324
23.835702896118164 8.979084968566895 2.91656494140625
21.937162399291992 9.28725814819336 2.727771520614624
20.094913482666016 9.477237701416016 2.544050693511963
19.16010284423828 9.99692440032959 2.4746220111846924
18.79279327392578 10.787826538085938 2.481231689453125
18.4196720123291 11.58224105834961 2.491478681564331
25.181299209594727 17.284324645996094 3.4972996711730957
24.27158546447754 18.13730812072754 3.469496250152588
22.47979164123535 18.251523971557617 3.31564998626709
21.272924423217773 18.73969268798828 3.246227264404297
20.48748779296875 19.565509796142578 3.243868350982666
22.085590362548828 26.88094711303711 3.983687400817871
21.395862579345703 28.287494659423828 4.061275959014893
29.07390785217285 41.8336181640625 5.833451271057129
5.093472957611084 13.286175727844238 1.6293113231658936
4.519924640655518 13.375687599182129 1.6166808605194092
3.9726014137268066 13.526302337646484 1.6142594814300537
3.491307258605957 13.937259674072266 1.6452093124389648
3.0398004055023193 14.602474212646484 1.7079167366027832
3.710343837738037 22.278718948364258 2.5861828327178955
10.037940979003906 80.00399780273438 9.232759475708008
6.835274696350098 80.59870147705078 9.26215934753418
3.6087913513183594 81.24012756347656 9.311653137207031
0.1312238574028015 31.389490127563477 3.594315528869629
-1.114437222480774 30.91655731201172 3.542428970336914
-2.3339860439300537 30.553361892700195 3.508734703063965
-3.559337854385376 30.425979614257812 3.5077147483825684
-4.806835174560547 30.430683135986328 3.5276975631713867
-6.157087326049805 30.86861228942871 3.60426664352417
-8.196951866149902 33.92306900024414 3.996187686920166
-20.31926727294922 71.38724517822266 8.498941421508789
-3.895598888397217 11.854032516479492 1.428774356842041
-4.346681594848633 11.628167152404785 1.4214799404144287
-36.057857513427734 85.77803039550781 10.654617309570312
-40.61307907104492 86.68391418457031 10.961231231689453
-45.44563674926758 87.64369201660156 11.304658889770508
-11.118753433227539 13.765981674194336 2.026235818862915
-18.106000900268555 16.220760345458984 2.7835545539855957
-17.97157096862793 14.842294692993164 2.6689250469207764
-19.869361877441406 15.108210563659668 2.85817813873291
-15.539037704467773 10.85816478729248 2.1706700325012207
-15.703974723815918 10.058807373046875 2.1354496479034424
-16.526737213134766 9.67164134979248 2.192643404006958
-23.260774612426758 12.385011672973633 3.0175137519836426
-23.169841766357422 11.165209770202637 2.9450602531433105
-98.95036315917969 -7.3058271408081055 11.361248016357422
-87.72566223144531 -10.036477088928223 10.110639572143555
-54.730491638183594 -8.502708435058594 6.342144012451172
-49.84455108642578 -9.810361862182617 5.816993713378906
-44.561527252197266 -10.647732734680176 5.246201515197754
-43.07131576538086 -12.141280174255371 5.124125003814697
-41.91582107543945 -13.656843185424805 5.047941207885742
-41.435935974121094 -15.369063377380371 5.06052303314209
-40.04528045654297 -16.713821411132812 4.968789577484131
-40.79243087768555 -18.98569107055664 5.15210485458374
-40.44534683227539 -20.841690063476562 5.209959983825684
-24.37886619567871 -13.830116271972656 3.209442615509033
-23.153635025024414 -14.395155906677246 3.121860980987549
-22.662363052368164 -15.386391639709473 3.1365509033203125
-9.603022575378418 -7.100182056427002 1.367523193359375
-9.073857307434082 -7.290886878967285 1.3328611850738525
-8.900917053222656 -7.760931968688965 1.3522300720214844
-20.023244857788086 -18.928390502929688 3.1550803184509277
-18.39223289489746 -18.84325408935547 3.0151028633117676
-17.19515037536621 -19.095760345458984 2.9424285888671875
-16.0385684967041 -19.3198184967041 2.875197410583496
-14.953895568847656 -19.562999725341797 2.8195691108703613
-13.890883445739746 -19.771896362304688 2.7668888568878174
-13.018170356750488 -20.210895538330078 2.752798318862915
-12.150721549987793 -20.642417907714844 2.7427690029144287
-11.537936210632324 -21.537696838378906 2.797783851623535
-11.790520668029785 -24.309268951416016 3.09368896484375
-13.092846870422363 -30.01053810119629 3.7491836547851562
-13.917418479919434 -35.758148193359375 4.393717288970947
-22.438383102416992 -65.30459594726562 7.906858921051025
-20.300201416015625 -67.84233856201172 8.108675003051758
-7.5377326011657715 -29.45430564880371 3.48138427734375
-5.506648540496826 -25.794532775878906 3.02018404006958
-4.388411521911621 -25.54783821105957 2.9682254791259766
-1.252957820892334 -13.93254566192627 1.6017985343933105
-0.6849120855331421 -13.831670761108398 1.5857501029968262
6.631271839141846 -93.03426361083984 10.680004119873047
8.975786209106445 -80.2613754272461 9.247697830200195
10.794610977172852 -70.66736602783203 8.185699462890625
12.225099563598633 -62.95780563354492 7.343695163726807
13.396117210388184 -56.701168060302734 6.671365261077881
14.366654396057129 -51.46672439575195 6.118546485900879
15.18749713897705 -47.01930618286133 5.657886028289795
12.035982131958008 -32.70454025268555 3.9904184341430664
13.375341415405273 -32.27712631225586 4.000691890716553
17.03152084350586 -36.8382453918457 4.64720344543457
17.528615951538086 -34.229496002197266 4.403513431549072
17.97675132751465 -31.876876831054688 4.190511226654053
18.381277084350586 -29.733383178710938 4.002710819244385
18.751680374145508 -27.770761489868164 3.836960792541504
19.187456130981445 -26.089611053466797 3.7083425521850586
19.491008758544922 -24.384214401245117 3.5745105743408203
19.773866653442383 -22.795143127441406 3.4553961753845215
14.530206680297852 -15.449167251586914 2.4285099506378174
14.781850814819336 -14.501653671264648 2.3711345195770264
15.261343002319336 -13.81284236907959 2.3569962978363037
14.318145751953125 -11.948017120361328 2.1353588104248047
21.0273380279541 -16.15813446044922 3.0365347862243652
21.250551223754883 -15.010592460632324 2.9791460037231445
21.45741844177246 -13.898442268371582 2.9273877143859863
22.463726043701172 -13.299866676330566 2.989264965057373
24.812070846557617 -13.373387336730957 3.227541446685791
28.87765884399414 -14.097107887268066 3.6796298027038574
-42.6295280456543 -12.486100196838379 3.94929838180542
-41.875587463378906 -14.116418838500977 3.9289040565490723
-40.504066467285156 -15.493813514709473 3.8555779457092285
-40.284080505371094 -17.29662322998047 3.8977246284484863
-40.43893051147461 -19.32391357421875 3.9847073554992676
-39.76955795288086 -21.008045196533203 3.9988021850585938
-23.70250701904297 -13.766918182373047 2.4369921684265137
-22.56376838684082 -14.348634719848633 2.3773436546325684
-22.237689971923828 -15.430761337280273 2.4064507484436035
-9.680785179138184 -7.3111162185668945 1.0785648822784424
-9.083075523376465 -7.451574325561523 1.0445291996002197
-36.206932067871094 -32.22376251220703 4.309309959411621
-19.12409019470215 -18.450302124023438 2.362562656402588
-17.937885284423828 -18.7556095123291 2.307377338409424
-16.923572540283203 -19.18292999267578 2.274343252182007
-15.711787223815918 -19.322708129882812 2.214176654815674
-14.559285163879395 -19.453678131103516 2.160313129425049
-13.580568313598633 -19.75428581237793 2.131295680999756
-12.754992485046387 -20.251798629760742 2.127882480621338
-12.036495208740234 -20.93243980407715 2.1467785835266113
-11.387846946716309 -21.786914825439453 2.1856584548950195
-11.755817413330078 -24.878908157348633 2.4464170932769775
-13.057856559753418 -30.78070068359375 2.972691059112549
-14.086512565612793 -37.31082534790039 3.5457425117492676
-22.386503219604492 -67.37538146972656 6.312156677246094
-22.724336624145508 -78.85482788085938 7.2960686683654785
-6.58172607421875 -26.85283660888672 2.4580771923065186
-5.002678394317627 -24.659467697143555 2.2370641231536865
-4.01623010635376 -24.896007537841797 2.2420501708984375
-1.1159813404083252 -14.004561424255371 1.249053716659546
-0.5535637140274048 -14.075652122497559 1.2523934841156006
7.281237602233887 -89.33241271972656 7.968630313873291
9.467279434204102 -77.51084899902344 6.942483425140381
11.184060096740723 -68.53976440429688 6.1742706298828125
9.242025375366211 -45.13726043701172 4.096283435821533
13.654387474060059 -55.275943756103516 5.0621466636657715
14.59123706817627 -50.29046630859375 4.655574321746826
15.380430221557617 -46.01145935058594 4.3132476806640625
12.423234939575195 -32.72608184814453 3.1121745109558105
13.682392120361328 -32.0913200378418 3.1016616821289062
17.156702041625977 -36.13948059082031 3.5567474365234375
17.641647338867188 -33.603370666503906 3.3742761611938477
18.079055786132812 -31.3096981048584 3.2143921852111816
18.476715087890625 -29.219100952148438 3.0735979080200195
18.839380264282227 -27.297847747802734 2.9488449096679688
19.265100479125977 -25.644594192504883 2.851675510406494
19.56314468383789 -23.970478057861328 2.7508111000061035
19.841264724731445 -22.40829849243164 2.6609959602355957
20.102214813232422 -20.942642211914062 2.5809013843536377
15.299283981323242 -14.706920623779297 1.8867626190185547
14.16114330291748 -12.5574369430542 1.682729959487915
20.835344314575195 -17.029939651489258 2.392463207244873
21.071382522583008 -15.85373306274414 2.3444268703460693
21.29856300354004 -14.722094535827637 2.301939010620117
21.507509231567383 -13.622368812561035 2.2634551525115967
22.618501663208008 -13.082642555236816 2.3231029510498047
25.636377334594727 -13.482998847961426 2.5752642154693604
29.191574096679688 -13.884529113769531 2.873955726623535
34.25358963012695 -14.634023666381836 3.311673641204834
44.75651931762695 -17.027753829956055 4.257426738739014
60.62103271484375 -20.31353759765625 5.684187412261963
86.52212524414062 -25.172290802001953 8.011369705200195
61.56672286987305 -2.5780646800994873 5.478518962860107
30.337594985961914 -0.04969815909862518 2.697233200073242
23.598731994628906 0.9107338190078735 2.0996575355529785
22.864791870117188 1.8051306009292603 2.0391674041748047
22.805999755859375 2.726714611053467 2.042057514190674
22.543140411376953 3.6196837425231934 2.0299181938171387
22.20970916748047 4.488725662231445 2.014526844024658
22.33694076538086 5.457507133483887 2.044330358505249
25.221569061279297 8.359704971313477 2.3623411655426025
23.452512741088867 8.834735870361328 2.2281384468078613
21.910446166992188 9.275944709777832 2.1153764724731445
20.947105407714844 9.879146575927734 2.0590789318084717
19.881452560424805 10.373294830322266 1.99373459815979
19.258031845092773 11.054901123046875 1.9742248058319092
19.660160064697266 12.362255096435547 2.0647666454315186
25.685293197631836 17.630260467529297 2.7697954177856445
24.618600845336914 18.396615982055664 2.732374668121338
22.51243782043457 18.27802848815918 2.5781500339508057
21.427696228027344 18.876035690307617 2.538841485977173
20.77501106262207 19.840099334716797 2.5540201663970947
25.869426727294922 26.774822235107422 3.3100671768188477
24.590909957885742 27.58980941772461 3.2858505249023438
22.0717716217041 26.864124298095703 3.09116268157959
21.194618225097656 28.02141761779785 3.123682975769043
24.13202476501465 34.7228889465332 3.759451389312744
23.579524993896484 37.019691467285156 3.902254104614258
24.76018524169922 42.55768966674805 4.377468585968018
5.582883834838867 14.562788963317871 1.3866198062896729
4.764901161193848 14.100639343261719 1.3232901096343994
4.214715003967285 14.350667953491211 1.3297641277313232
5.2702460289001465 21.038761138916016 1.928290843963623
4.4635186195373535 21.44168472290039 1.9471862316131592
3.794389486312866 22.783369064331055 2.05350399017334
10.044740676879883 80.05801391601562 7.173533916473389
6.8398308753967285 80.65250396728516 7.196323871612549
3.6119418144226074 81.31088256835938 7.236245632171631
0.13750764727592468 32.89031219482422 2.9242095947265625
-1.159337043762207 32.16237258911133 2.861321449279785
-2.4315903186798096 31.83111000061035 2.8382577896118164
-3.681088924407959 31.466737747192383 2.8166961669921875
-4.934292793273926 31.237525939941406 2.811674118041992
-7.278757572174072 36.49209976196289 3.308319091796875
-10.845396041870117 44.883663177490234 4.105319499969482
-20.312408447265625 71.36322784423828 6.596709251403809
-3.89732027053833 11.859258651733398 1.1098496913909912
-4.365265369415283 11.67788028717041 1.1084141731262207
-30.955087661743164 73.63906860351562 7.1019673347473145
-40.62651824951172 86.71256256103516 8.51356315612793
-45.45726776123047 87.6661376953125 8.779645919799805
-11.453709602355957 14.180682182312012 1.6206469535827637
-17.90389633178711 16.039701461791992 2.137141704559326
-18.10088348388672 14.949100494384766 2.087175130844116
-15.805632591247559 11.044455528259277 1.714313268661499
-16.093820571899414 10.308515548706055 1.6992106437683105
-23.581283569335938 12.55565357208252 2.37520432472229
-23.609878540039062 11.377262115478516 2.3300938606262207
-97.05120086669922 -7.165607452392578 8.652029037475586
-85.1860122680664 -9.745915412902832 7.62304162979126
-54.79658508300781 -8.512974739074707 4.9302520751953125
-49.65121841430664 -9.77231216430664 4.499035358428955
-45.11310958862305 -10.779540061950684 4.123781204223633
-42.85752868652344 -12.081026077270508 3.958833694458008
-42.19950866699219 -13.749274253845215 3.9459543228149414
-40.74371337890625 -15.11231803894043 3.8635568618774414
-40.10892105102539 -16.740388870239258 3.864105224609375
-40.638545989990234 -18.914081573486328 3.985215187072754
-39.912872314453125 -20.56729507446289 3.9919705390930176
-24.035621643066406 -13.635395050048828 2.4568564891815186
-23.12056541442871 -14.374590873718262 2.4204795360565186
-22.25613021850586 -15.110577583312988 2.391693592071533
-9.958199501037598 -7.362791061401367 1.1010727882385254
-9.12637996673584 -7.333086013793945 1.0408780574798584
-9.198570251464844 -8.020464897155762 1.0850377082824707
-19.547386169433594 -18.478548049926758 2.391514778137207
-18.232465744018555 -18.679567337036133 2.3207147121429443
-17.270793914794922 -19.179765701293945 2.294673442840576
-16.01165008544922 -19.28740119934082 2.2286765575408936
-14.856410026550293 -19.435474395751953 2.174957275390625
-13.814559936523438 -19.663267135620117 2.1365232467651367
-12.985650062561035 -20.160404205322266 2.132046937942505
-12.18743896484375 -20.704795837402344 2.1360344886779785
-11.580490112304688 -21.61713981628418 2.180325746536255
-11.612430572509766 -23.942089080810547 2.365788459777832
-12.795690536499023 -29.329425811767578 2.8449511528015137
-14.000001907348633 -35.970340728759766 3.431708812713623
-22.566654205322266 -65.67790222167969 6.174306392669678
-20.364177703857422 -68.05619812011719 6.31575345993042
-7.4652814865112305 -29.17120361328125 2.677110433578491
-5.29339599609375 -24.79557991027832 2.2541794776916504
-4.220037460327148 -24.5676326751709 2.2162280082702637
-1.2599973678588867 -14.010833740234375 1.2506914138793945
-0.6943678855895996 -14.022656440734863 1.2482426166534424
6.62483549118042 -92.9438247680664 8.28433609008789
8.964316368103027 -80.15879821777344 7.171118259429932
10.785473823547363 -70.60743713378906 6.35032320022583
12.223589897155762 -62.950035095214844 5.701246738433838
10.500781059265137 -44.44615936279297 4.060366630554199
14.37125301361084 -51.4831657409668 4.752211093902588
15.191990852355957 -47.03321075439453 4.394318580627441
12.186846733093262 -33.114479064941406 3.1371617317199707
13.209835052490234 -31.877735137939453 3.067864418029785
17.024860382080078 -36.82386016845703 3.60687255859375
17.523984909057617 -34.220420837402344 3.418161392211914
17.972370147705078 -31.86910057067871 3.2528839111328125
18.380020141601562 -29.73134994506836 3.107656955718994
18.750450134277344 -27.76894187927246 2.978980541229248
19.186185836791992 -26.0878849029541 2.879119873046875
19.489763259887695 -24.382648468017578 2.775219440460205
19.772642135620117 -22.793737411499023 2.682745933532715
20.037700653076172 -21.30498504638672 2.6003050804138184
15.21081256866455 -14.922492027282715 1.8944730758666992
15.983367919921875 -14.466340065002441 1.9166522026062012
20.774085998535156 -17.33529281616211 2.405550479888916
21.0125675201416 -16.146770477294922 2.3560338020324707
21.24186897277832 -15.004462242126465 2.312185525894165
21.45628547668457 -13.897713661193848 2.2728240489959717
22.44919204711914 -13.29125690460205 2.3194780349731445
24.780813217163086 -13.356538772583008 2.5028367042541504
28.795949935913086 -14.05722427368164 2.8489317893981934
-43.40705871582031 -12.713837623596191 2.868685245513916
-41.802127838134766 -14.091653823852539 2.797822952270508
-40.62439727783203 -15.539834976196289 2.7586100101470947
-40.67741394042969 -17.465503692626953 2.8076562881469727
-40.5235595703125 -19.364360809326172 2.848508358001709
-40.60289001464844 -21.448244094848633 2.912386417388916
-23.72404670715332 -13.779427528381348 1.7400493621826172
-22.265127182006836 -14.158733367919922 1.6734721660614014
-22.317747116088867 -15.486323356628418 1.7228636741638184
-10.022079467773438 -7.5688676834106445 0.7965390682220459
-9.197809219360352 -7.545696258544922 0.7545444965362549
-35.8458251953125 -31.902381896972656 3.0434560775756836
-19.066919326782227 -18.395160675048828 1.6803367137908936
-18.092119216918945 -18.9168701171875 1.6601598262786865
-16.9813289642334 -19.24838638305664 1.627976655960083
-15.832075119018555 -19.47063446044922 1.5916118621826172
-14.631536483764648 -19.55020523071289 1.5487425327301025
-13.572161674499512 -19.742063522338867 1.5194542407989502
-12.736786842346191 -20.22287368774414 1.5157933235168457
-12.044097900390625 -20.945663452148438 1.5324089527130127
-11.50460433959961 -22.010299682617188 1.5751621723175049
-11.703977584838867 -24.76919937133789 1.7374968528747559
-13.057168006896973 -30.77907943725586 2.120507001876831
-14.207650184631348 -37.631683349609375 2.55116868019104
-22.384126663208008 -67.36819458007812 4.502403259277344
-23.583881378173828 -81.8375015258789 5.401640892028809
-6.287103652954102 -25.65081787109375 1.6750175952911377
-5.020999908447266 -24.749792098999023 1.6016924381256104
-3.9851298332214355 -24.703216552734375 1.587019681930542
-1.1282974481582642 -14.159096717834473 0.9008653163909912
-0.5671877264976501 -14.422087669372559 0.9154057502746582
7.271498203277588 -89.21295928955078 5.6769561767578125
7.013662338256836 -57.422603607177734 3.6690030097961426
11.176643371582031 -68.49430084228516 4.4016008377075195
9.171525955200195 -44.79292297363281 2.8998584747314453
10.937541961669922 -44.27754211425781 2.8926453590393066
12.419637680053711 -42.80577087402344 2.8268508911132812
15.384878158569336 -46.0247688293457 3.0778188705444336
15.992379188537598 -42.12814712524414 2.85795259475708
16.605642318725586 -38.94767761230469 2.6853435039520264
17.14991569519043 -36.125213623046875 2.5362632274627686
17.637062072753906 -33.59462356567383 2.4064691066741943
18.0745792388916 -31.301956176757812 2.2924723625183105
18.47315216064453 -29.21344757080078 2.1921751499176025
18.838157653808594 -27.29609489440918 2.103471517562866
19.263839721679688 -25.642925262451172 2.0341575145721436
19.561908721923828 -23.968963623046875 1.9622142314910889
19.840055465698242 -22.406936645507812 1.8981499671936035
20.101022720336914 -20.941390991210938 1.8410203456878662
20.347137451171875 -19.55931854248047 1.7900390625
14.035382270812988 -12.445921897888184 1.1897482872009277
20.8205623626709 -17.017852783203125 1.7054929733276367
21.05672836303711 -15.842706680297852 1.6712737083435059
21.28401756286621 -14.712051391601562 1.6410057544708252
21.503633499145508 -13.619915008544922 1.6143827438354492
22.321575164794922 -12.910902976989746 1.6354691982269287
25.402061462402344 -13.359755516052246 1.8203153610229492
29.90220069885254 -14.222529411315918 2.100093364715576
35.77943420410156 -15.28590202331543 2.46767258644104
44.347755432128906 -16.872234344482422 3.009369373321533
60.69757843017578 -20.339189529418945 4.060030460357666
86.4566650390625 -25.153249740600586 5.71073055267334
95.13504028320312 -11.6907958984375 6.079176902770996
76.47550201416016 -6.289830207824707 4.866715431213379
62.18033981323242 -2.6037583351135254 3.9471468925476074
55.57088851928711 -0.09103669226169586 3.524501323699951
24.83875274658203 0.9585830569267273 1.576531171798706
23.99154281616211 1.8940863609313965 1.5263609886169434
23.335281372070312 2.7900028228759766 1.4905450344085693
22.97427749633789 3.6889119148254395 1.475771427154541
22.682918548583984 4.584369659423828 1.4677178859710693
22.534149169921875 5.505694389343262 1.4712328910827637
27.168622970581055 7.8078508377075195 1.7928729057312012
25.186843872070312 8.348196983337402 1.6828961372375488
24.365005493164062 9.178479194641113 1.6513230800628662
22.342937469482422 9.45904541015625 1.5388269424438477
21.001190185546875 9.904659271240234 1.472670316696167
20.384428024291992 10.635724067687988 1.4582476615905762
19.941923141479492 11.447478294372559 1.458362340927124
19.98023223876953 12.563515663146973 1.4969165325164795
20.2092342376709 13.871525764465332 1.5546281337738037
23.670019149780273 17.687776565551758 1.8740801811218262
22.130298614501953 17.967771530151367 1.8079473972320557
21.641817092895508 19.06466293334961 1.8292241096496582
21.297603607177734 20.33916664123535 1.8677842617034912
26.322824478149414 27.24408531188965 2.402676820755005
23.42173957824707 26.278053283691406 2.2325713634490967
22.356143951416016 27.210229873657227 2.2335405349731445
22.40580177307129 29.62272834777832 2.3556718826293945
24.013505935668945 34.552345275878906 2.668696880340576
23.118309020996094 36.29557800292969 2.7292895317077637
24.88591957092285 42.773799896240234 3.1385998725891113
24.724428176879883 46.721927642822266 3.352595806121826
7.407229423522949 21.920007705688477 1.4674737453460693
6.367373943328857 21.680233001708984 1.4331109523773193
5.504317283630371 21.973167419433594 1.4366734027862549
4.585055351257324 22.02552604675293 1.4268803596496582
1.8666239976882935 22.01038360595703 1.400984525680542
3.679231643676758 82.825927734375 5.258281707763672
0.1393643021583557 33.33705520629883 2.1143670082092285
-1.2143043279647827 33.687442779541016 2.137960195541382
-2.735957622528076 35.81528854370117 2.2781455516815186
-3.925352096557617 33.55479049682617 2.142672538757324
-5.071492671966553 32.106117248535156 2.0615270137786865
-8.684819221496582 43.54143524169922 2.8159446716308594
-14.470922470092773 59.887847900390625 3.907607078552246
-20.318073272705078 71.38313293457031 4.707184791564941
-3.8990306854248047 11.864480972290039 0.7920773029327393
-4.383927345275879 11.727799415588379 0.7940859794616699
-30.962312698364258 73.65624237060547 5.067488670349121
-35.202640533447266 75.13590240478516 5.26246452331543
-39.01576232910156 75.2434310913086 5.375599384307861
-37.11159896850586 65.03211975097656 4.748903274536133
-48.293888092041016 77.23875427246094 5.7774977684021
-25.82668685913086 37.83236312866211 2.9052534103393555
-52.27681350708008 64.7232437133789 5.276722431182861
-54.30171203613281 61.95915222167969 5.2252631187438965
-17.79855728149414 15.945337295532227 1.515596866607666
-18.314830780029297 15.125792503356934 1.5065197944641113
-25.958663940429688 16.627199172973633 1.9551658630371094
-97.08676147460938 -7.1682329177856445 6.1743316650390625
-85.04132080078125 -9.729355812072754 5.4287943840026855
-75.59359741210938 -11.74393081665039 4.8519158363342285
-50.32705307006836 -9.90532398223877 3.253150463104248
-48.80158233642578 -11.660884857177734 3.1822643280029297
-43.672584533691406 -12.310766220092773 2.877808094024658
-42.59031677246094 -13.876607894897461 2.84097957611084
-40.769744873046875 -15.121959686279297 2.75789475440979
-40.53417205810547 -16.917875289916992 2.785749912261963
-40.669189453125 -18.92833709716797 2.845065116882324
-40.16665267944336 -20.69806480407715 2.865849018096924
-23.898712158203125 -13.557733535766602 1.7426562309265137
-22.497936248779297 -13.987504959106445 1.6801910400390625
-22.309404373168945 -15.14675235748291 1.710237979888916
-22.18374252319336 -16.40198516845703 1.7497782707214355
-9.26444149017334 -7.444020748138428 0.753760814666748
-36.41911697387695 -31.75475311279297 3.064548969268799
-19.288949966430664 -18.234235763549805 1.6834716796875
-18.403919219970703 -18.855215072631836 1.671088695526123
-17.29955291748047 -19.211698532104492 1.6396691799163818
-16.112558364868164 -19.40895652770996 1.5998828411102295
-14.953770637512207 -19.56284523010254 1.5617108345031738
-13.81434154510498 -19.662954330444336 1.524099588394165
-12.973587036132812 -20.141672134399414 1.5195188522338867
-12.200421333312988 -20.72684669494629 1.5253992080688477
-11.643004417419434 -21.733829498291016 1.5637681484222412
-11.684988975524902 -24.091697692871094 1.698218822479248
-12.843111038208008 -29.438119888305664 2.0370171070098877
-14.174571990966797 -36.41884994506836 2.478593587875366
-22.599138259887695 -65.77242279052734 4.410884380340576
-20.333635330200195 -67.95413208007812 4.498697757720947
-7.495877265930176 -29.290761947631836 1.9175877571105957
-5.304121971130371 -24.845861434936523 1.6113183498382568
-4.233864784240723 -24.64811897277832 1.5861637592315674
-1.3063831329345703 -14.526603698730469 0.9250462055206299
-0.6995254755020142 -14.12671184539795 0.8970615863800049
6.615874290466309 -92.8179702758789 5.901768684387207
7.0490403175354 -63.03237533569336 4.02264928817749
10.77811336517334 -70.5593032836914 4.5270209312438965
8.79049015045166 -45.26996612548828 2.9248056411743164
10.484540939331055 -44.37745666503906 2.8920559883117676
12.086008071899414 -43.29661560058594 2.85099458694458
15.19645881652832 -47.04707717895508 3.1356844902038574
15.824493408203125 -42.998836517333984 2.9059534072875977
13.519085884094238 -32.62400817871094 2.23974609375
17.018035888671875 -36.80909729003906 2.5719926357269287
17.51909065246582 -34.21088790893555 2.4377245903015137
17.967866897583008 -31.86112403869629 2.31992244720459
18.375659942626953 -29.72429084777832 2.2163708209991455
18.749195098876953 -27.767065048217773 2.1249585151672363
19.184919357299805 -26.08616065979004 2.0537328720092773
19.488521575927734 -24.381093978881836 1.9796245098114014
19.771427154541016 -22.792327880859375 1.9136638641357422
20.0365047454834 -21.3037109375 1.8548612594604492
20.286178588867188 -19.901653289794922 1.8023912906646729
13.955389022827148 -12.630838394165039 1.1937954425811768
20.75926971435547 -17.32290267944336 1.7148149013519287
20.997880935668945 -16.135488510131836 1.6795427799224854
21.227298736572266 -14.99416732788086 1.6483056545257568
21.44874382019043 -13.892827987670898 1.62078857421875
22.243432998657227 -13.169437408447266 1.6394736766815186
24.6313419342041 -13.275976181030273 1.7746715545654297
29.021543502807617 -14.16734504699707 2.048258066177368
-19.039464950561523 -5.576625347137451 0.754320502281189
-15.137236595153809 -5.102816104888916 0.6073611974716187
-15.234978675842285 -5.827757358551025 0.6201889514923096
-15.641939163208008 -6.716121673583984 0.6472324132919312
-16.15378189086914 -7.7191572189331055 0.6807115077972412
-44.179691314697266 -23.337665557861328 1.899738073348999
-24.06529998779297 -13.977628707885742 1.0581400394439697
-22.763351440429688 -14.47555160522461 1.0256717205047607
-22.471120834350586 -15.592745780944824 1.0399296283721924
-22.199909210205078 -16.765792846679688 1.0577409267425537
-9.387901306152344 -7.701648235321045 0.46168744564056396
-36.15888595581055 -32.18098831176758 1.8404405117034912
-19.21974754333496 -18.54259490966797 1.0154118537902832
-18.646556854248047 -19.49657440185547 1.0257413387298584
-17.528268814086914 -19.868349075317383 1.007380723953247
-16.170574188232422 -19.886932373046875 0.9745481014251709
-14.784402847290039 -19.75446319580078 0.9381496906280518
-13.729372024536133 -19.970741271972656 0.9214427471160889
-12.833719253540039 -20.376800537109375 0.9156124591827393
-12.090459823608398 -21.026277542114258 0.9221928119659424
-11.47248649597168 -21.948850631713867 0.9416508674621582
-11.92225456237793 -25.231142044067383 1.0610301494598389
-12.809922218322754 -30.196243286132812 1.2471415996551514
-14.269913673400879 -37.79658889770508 1.5360913276672363
-22.29521369934082 -67.10065460205078 2.688406229019165
-21.079383850097656 -73.14671325683594 2.8943228721618652
-7.105961799621582 -28.991676330566406 1.134932518005371
-5.6019792556762695 -27.613597869873047 1.0712954998016357
-4.142187595367432 -25.676788330078125 0.9888894557952881
3.136847972869873 -76.2494888305664 2.90157413482666
5.594621181488037 -68.63944244384766 2.6184239387512207
7.734945297241211 -63.32783508300781 2.425708532333374
11.16926383972168 -68.4490737915039 2.6369516849517822
9.283048629760742 -45.33763122558594 1.7595641613006592
11.02814769744873 -44.64430618286133 1.7484691143035889
14.583707809448242 -50.26445388793945 1.9899418354034424
15.388140678405762 -46.034523010253906 1.8454978466033936
15.985280990600586 -42.10944366455078 1.7125413417816162
16.598718643188477 -38.93143081665039 1.6091532707214355
17.143163681030273 -36.110984802246094 1.5198545455932617
9.332799911499023 -17.77687644958496 0.7633867263793945
9.680427551269531 -16.76477813720703 0.7360544204711914
10.53808307647705 -16.664934158325195 0.7496790885925293
18.838998794555664 -27.297298431396484 1.2610576152801514
19.26369285583496 -25.64273452758789 1.2194383144378662
19.562084197998047 -23.96917724609375 1.176330327987671
19.840524673461914 -22.4074649810791 1.1379411220550537
20.101774215698242 -20.94216537475586 1.1037070751190186
13.543905258178711 -13.019509315490723 0.7143027782440186
13.504611015319824 -11.975258827209473 0.6862643957138062
20.81679916381836 -17.014781951904297 1.022233009338379
21.053544998168945 -15.84032154083252 1.001753330230713
21.281347274780273 -14.710197448730469 0.983635663986206
21.501394271850586 -13.618496894836426 0.9676988124847412
22.25716209411621 -12.873640060424805 0.9776108264923096
25.643077850341797 -13.486510276794434 1.1016080379486084
30.125200271606445 -14.328598022460938 1.268364667892456
23.398252487182617 -9.996336936950684 0.9674241542816162
45.646949768066406 -17.366514205932617 1.8569250106811523
32.89122772216797 -11.021538734436035 1.3189151287078857
33.3512077331543 -9.70302677154541 1.3206369876861572
96.22919464111328 -11.825249671936035 3.686293125152588
92.5389404296875 -7.610985279083252 3.5303430557250977
63.18952178955078 -2.6460204124450684 2.4046616554260254
57.06129837036133 -0.09347827732563019 2.1695556640625
25.308422088623047 0.9767152070999146 0.9629788398742676
24.95716094970703 1.9703304767608643 0.9518601894378662
23.983938217163086 2.867551565170288 0.9183981418609619
23.99551773071289 3.8528895378112793 0.9240305423736572
23.469709396362305 4.743380546569824 0.9103946685791016
23.40586280822754 5.7186713218688965 0.9161021709442139
34.30476760864258 9.858670234680176 1.3571100234985352
25.1318416595459 8.329961776733398 1.0066678524017334
24.571626663208008 9.256312370300293 0.9983384609222412
24.875913619995117 10.531405448913574 1.0270872116088867
28.931486129760742 13.644768714904785 1.2162160873413086
20.826274871826172 10.866255760192871 0.8931491374969482
20.370386123657227 11.693437576293945 0.8930504322052002
24.231897354125977 15.23694896697998 1.0883371829986572
27.783157348632812 19.07023048400879 1.2812583446502686
25.598249435424805 19.128679275512695 1.2150070667266846
22.428468704223633 18.209857940673828 1.0984408855438232
22.066370010375977 19.438650131225586 1.118105173110962
28.46201515197754 27.181167602539062 1.4963750839233398
27.2274169921875 28.18033790588379 1.4898686408996582
23.973186492919922 26.896753311157227 1.369905948638916
23.349666595458984 28.419477462768555 1.3984825611114502
26.79759979248047 35.429115295410156 1.6889958381652832
24.668087005615234 35.49421691894531 1.643456220626831
27.741344451904297 43.55369567871094 1.9633605480194092
25.96119499206543 44.62199783325195 1.962843656539917
27.375083923339844 51.730892181396484 2.2253026962280273
29.333728790283203 61.27067947387695 2.582817316055298
30.23520278930664 70.27589416503906 2.9087939262390137
35.493125915527344 92.58275604248047 3.76993989944458
6.606332778930664 22.493871688842773 0.8913724422454834
5.669566631317139 22.632850646972656 0.8871219158172607
14.588315963745117 87.59529113769531 3.3763699531555176
7.627945423126221 60.795841217041016 2.3296666145324707
1.8691133260726929 22.039844512939453 0.840994119644165
2.789942979812622 62.80613327026367 2.3903331756591797
0.1407545506954193 33.66849136352539 1.2801358699798584
-1.4196085929870605 39.382774353027344 1.4983611106872559
-3.002056360244751 39.29874038696289 1.4985473155975342
-4.468785285949707 38.200130462646484 1.4623284339904785
-6.060998916625977 38.37041473388672 1.4769871234893799
-10.200530052185059 51.14044189453125 1.982734203338623
-17.098419189453125 70.7617416381836 2.7678916454315186
-19.90610122680664 69.93570709228516 2.76466965675354
-3.913587808609009 11.908761024475098 0.4766123294830322
-4.402685642242432 11.777978897094727 0.47808027267456055
-30.969497680664062 73.6733627319336 3.03859281539917
-34.18355941772461 72.96080780029297 3.06345272064209
-38.714935302734375 74.66326904296875 3.1977453231811523
-43.39036560058594 76.0346450805664 3.328554153442383
-24.35022735595703 38.94450759887695 1.746342658996582
-25.99308967590332 38.076107025146484 1.7528796195983887
-50.971378326416016 63.10697937011719 3.0843253135681152
-53.55479431152344 61.106910705566406 3.089383602142334
-18.052038192749023 16.172422409057617 0.9215190410614014
-18.625965118408203 15.38275146484375 0.9184799194335938
-93.92831420898438 0.6315632462501526 3.57136869430542
-90.94717407226562 -3.04677414894104 3.4598803520202637
-92.02777862548828 -6.794721603393555 3.508549690246582
-87.59290313720703 -10.021280288696289 3.35213041305542
-75.26425170898438 -11.69275188446045 2.8959827423095703
-67.01073455810547 -13.188987731933594 2.596727132797241
-44.28915023803711 -10.582658767700195 1.7313401699066162
-19.32455825805664 -5.447364807128906 0.7633817195892334
-15.340749740600586 -4.998256683349609 0.6134562492370605
-15.209803581237793 -5.6414947509765625 0.6167973279953003
-15.534013748168945 -6.4834794998168945 0.6400052309036255
-15.98615837097168 -7.440305709838867 0.6704251766204834
-43.893497467041016 -22.618520736694336 1.87744140625
-24.093599319458008 -13.66830062866211 1.0532162189483643
-22.792999267578125 -14.170942306518555 1.0204594135284424
-22.59618377685547 -15.341449737548828 1.038442850112915
-22.250728607177734 -16.451513290405273 1.0521347522735596
-9.349913597106934 -7.512699127197266 0.4560368061065674
-36.76939392089844 -32.06016540527344 1.8548228740692139
-20.224872589111328 -19.118995666503906 1.0581870079040527
-18.764801025390625 -19.224958419799805 1.0214378833770752
-17.792339324951172 -19.758960723876953 1.010957956314087
-16.567298889160156 -19.95673179626465 0.9861752986907959
-15.061559677124023 -19.703853607177734 0.9429714679718018
-13.985346794128418 -19.90635871887207 0.9249863624572754
-13.01548957824707 -20.20673370361328 0.913872480392456
-12.279480934143066 -20.86115837097168 0.9203813076019287
-11.60757064819336 -21.667692184448242 0.9346041679382324
-11.9037446975708 -24.542713165283203 1.0371158123016357
-12.834919929504395 -29.419343948364258 1.220381736755371
-14.19602108001709 -36.47395324707031 1.488128662109375
-22.699600219726562 -66.0648193359375 2.656018018722534
-20.340892791748047 -67.97834014892578 2.697862386703491
-17.506790161132812 -68.40924835205078 2.6848387718200684
-6.028104782104492 -28.2371826171875 1.0978105068206787
-4.417684555053711 -25.718236923217773 0.9921653270721436
-1.2718154191970825 -25.684003829956055 0.9777390956878662
2.5137240886688232 -81.20368194580078 3.088958740234375
4.938632488250732 -69.28694152832031 2.641071081161499
7.065462112426758 -63.17926025390625 2.4171392917633057
8.905903816223145 -58.302696228027344 2.2424607276916504
12.220588684082031 -62.93459701538086 2.4375572204589844
10.603351593017578 -44.88029861450195 1.7533910274505615
14.359761238098145 -51.4420280456543 2.030674457550049
15.195908546447754 -47.045318603515625 1.8797276020050049
15.817358016967773 -42.979427337646484 1.7412900924682617
16.450664520263672 -39.69844055175781 1.6338567733764648
17.011240005493164 -36.79439163208008 1.5412566661834717
9.255043029785156 -18.073022842407227 0.7720222473144531
9.594844818115234 -17.013843536376953 0.7426666021347046
10.239762306213379 -16.563751220703125 0.7404035329818726
18.748783111572266 -27.766462326049805 1.2738559246063232
19.18468475341797 -26.08584213256836 1.231168508529663
19.488615036010742 -24.38121223449707 1.1867611408233643
19.77182960510254 -22.792789459228516 1.1472373008728027
20.03718376159668 -21.3044376373291 1.1120004653930664
20.2871150970459 -19.902565002441406 1.080557107925415
13.388167381286621 -12.117451667785645 0.6865750551223755
20.756677627563477 -17.320749282836914 1.0278794765472412
20.994558334350586 -16.1329402923584 1.006701946258545
21.224504470825195 -14.992196083068848 0.9880058765411377
21.446407318115234 -13.891308784484863 0.9715330600738525
22.217506408691406 -13.154081344604492 0.9816954135894775
24.690916061401367 -13.308082580566406 1.066462755203247
28.82217788696289 -14.070018768310547 1.2194650173187256
-16.09808921813965 -4.715095043182373 0.21250462532043457
-15.036199569702148 -5.068758487701416 0.20101666450500488
-15.072735786437988 -5.76569128036499 0.20444130897521973
-15.474620819091797 -6.644279956817627 0.21334517002105713
-15.913991928100586 -7.604577541351318 0.22343969345092773
-16.380720138549805 -8.653021812438965 0.23469030857086182
-24.797605514526367 -14.402973175048828 0.3632901906967163
-23.2367000579834 -14.77656078338623 0.3488504886627197
-22.766698837280273 -15.797850608825684 0.3510526418685913
-22.39628028869629 -16.91410255432129 0.3555467128753662
-22.323776245117188 -18.313974380493164 0.3657975196838379
-22.55600929260254 -20.074602127075195 0.3825266361236572
-19.342632293701172 -18.661151885986328 0.3404886722564697
-18.889217376708984 -19.750307083129883 0.3462156057357788
-13.74032974243164 -15.574705123901367 0.26311564445495605
-16.585445404052734 -20.39714813232422 0.33304059505462646
-14.869450569152832 -19.868091583251953 0.3143808841705322
-13.80632495880127 -20.082674026489258 0.3087369203567505
-12.812050819396973 -20.34238052368164 0.30455851554870605
-12.165460586547852 -21.15671730041504 0.3091721534729004
-11.42619514465332 -21.86028289794922 0.3124833106994629
-12.103353500366211 -25.614408493041992 0.3588956594467163
-12.4392671585083 -29.322532653808594 0.4035123586654663
-13.476791381835938 -35.69584655761719 0.4833652973175049
-22.390201568603516 -67.38648986816406 0.8995676040649414
-7.058361053466797 -24.492923736572266 0.32291364669799805
-7.088129997253418 -28.918922424316406 0.377200722694397
-5.904813766479492 -29.106319427490234 0.37624120712280273
-4.70672082901001 -39.12285232543945 0.4991971254348755
-1.9612901210784912 -24.612375259399414 0.3127884864807129
-0.9499188661575317 -24.15397071838379 0.30622899532318115
0.02244054526090622 -24.818559646606445 0.3144108057022095
2.9871432781219482 -72.61062622070312 0.9206368923187256
4.715368747711182 -57.851932525634766 0.7353208065032959
6.403592586517334 -52.42771530151367 0.6691099405288696
7.438492298126221 -45.585567474365234 0.5851328372955322
8.10809326171875 -39.59916305541992 0.5120664834976196
13.641707420349121 -55.224605560302734 0.720635175704956
9.929333686828613 -34.22261428833008 0.4514261484146118
11.288322448730469 -33.769622802734375 0.4510751962661743
10.516789436340332 -27.703998565673828 0.37540197372436523
11.689940452575684 -27.418148040771484 0.377597451210022
9.005921363830566 -18.97039794921875 0.26603055000305176
9.271356582641602 -17.65984535217285 0.2526785135269165
9.595230102539062 -16.617231369018555 0.2430877685546875
10.338873863220215 -16.349897384643555 0.24506402015686035
18.86029052734375 -27.32816505432129 0.42064738273620605
19.266895294189453 -25.647001266479492 0.4063737392425537
19.56522560119629 -23.973026275634766 0.3920048475265503
19.843608856201172 -22.410947799682617 0.3792099952697754
20.104799270629883 -20.945329666137695 0.36780011653900146
13.236166954040527 -12.72368335723877 0.23259198665618896
13.475861549377441 -11.949763298034668 0.22816991806030273
20.826181411743164 -17.022449493408203 0.34075236320495605
21.056224822998047 -15.842338562011719 0.33381688594818115
21.284006118774414 -14.712037086486816 0.32777929306030273
21.504039764404297 -13.62016773223877 0.3224674463272095
22.89854621887207 -13.24461841583252 0.3351175785064697
25.775617599487305 -13.556221008300781 0.36894261837005615
30.2647647857666 -14.394980430603027 0.42456579208374023
23.612985610961914 -10.088078498840332 0.32529520988464355
24.751590728759766 -9.416812896728516 0.3354898691177368
28.539283752441406 -9.563244819641113 0.3813053369522095
33.09883117675781 -9.629595756530762 0.4366947412490845
33.43537521362305 -8.285316467285156 0.43638288974761963
70.12945556640625 -5.767879486083984 0.8914268016815186
63.41252517700195 -2.6553618907928467 0.8040385246276855
35.31010818481445 -0.05784495174884796 0.44732213020324707
30.901098251342773 1.1925489902496338 0.39175939559936523
25.533035278320312 2.01578950881958 0.3244694471359253
24.452478408813477 2.9235684871673584 0.3119797706604004
24.372947692871094 3.913492441177368 0.3127201795578003
23.781875610351562 4.806472301483154 0.30736982822418213
23.375492095947266 5.711248874664307 0.30484044551849365
34.2005729675293 9.828726768493652 0.4508042335510254
25.313867568969727 8.390303611755371 0.3378434181213379
24.92934799194336 9.391067504882812 0.33747899532318115
27.56138038635254 11.668309211730957 0.3791605234146118
24.271610260009766 11.447061538696289 0.3399643898010254
19.371583938598633 10.107270240783691 0.27680158615112305
19.589950561523438 11.245430946350098 0.28615641593933105
19.94185447692871 12.53937816619873 0.29842448234558105
20.333755493164062 13.956993103027344 0.3124387264251709
20.354511260986328 15.21021556854248 0.32189977169036865
25.06918716430664 20.353879928588867 0.4090818166732788
25.495071411132812 22.45905303955078 0.43042826652526855
26.6780948638916 25.4775333404541 0.4673283100128174
27.475595474243164 28.437206268310547 0.5009348392486572
27.695985794067383 31.073535919189453 0.527320384979248
23.434356689453125 28.522571563720703 0.4676530361175537
23.638071060180664 31.25191307067871 0.49640727043151855
26.045394897460938 37.475955963134766 0.5781558752059937
28.726543426513672 45.100440979003906 0.6774052381515503
26.741384506225586 45.962955474853516 0.6736551523208618
28.15345001220703 53.201759338378906 0.7625315189361572
21.638025283813477 45.19633865356445 0.6347994804382324
33.83245086669922 78.63697052001953 1.0844895839691162
5.211043357849121 17.74304962158203 0.2342698574066162
8.140522956848145 48.87968063354492 0.6277545690536499
8.584249496459961 68.41775512695312 0.8735380172729492
1.8657475709915161 22.000154495239258 0.2797064781188965
2.544590711593628 57.28308868408203 0.7263998985290527
0.13888105750083923 33.2190055847168 0.42083418369293213
-1.1957920789718628 33.17351150512695 0.42052769660949707
-3.0240495204925537 39.58662033081055 0.5029587745666504
-4.503451347351074 38.496490478515625 0.4910142421722412
-3.151639938354492 19.952138900756836 0.2558964490890503
-3.998166084289551 20.04484748840332 0.25893712043762207
-4.907154083251953 20.308238983154297 0.2646763324737549
-5.841252326965332 20.521970748901367 0.27030622959136963
-3.769202947616577 11.46942138671875 0.15294408798217773
-4.170567035675049 11.157022476196289 0.1508939266204834
-9.168903350830078 21.811922073364258 0.2997434139251709
-11.806687355041504 25.19999885559082 0.3525456190109253
-22.2895565032959 42.986297607421875 0.613420844078064
-22.177988052368164 38.86334991455078 0.5668613910675049
-23.347126007080078 37.340179443359375 0.5578941106796265
-25.883024215698242 37.91489791870117 0.5815702676773071
-25.99482536315918 34.971702575683594 0.5520206689834595
-35.95214080810547 44.51185607910156 0.7248502969741821
-25.310274124145508 28.879446029663086 0.4864780902862549
-28.477279663085938 29.971416473388672 0.5237479209899902
-38.08277130126953 36.98271942138672 0.6725003719329834
-37.736270904541016 33.80708312988281 0.6418424844741821
-44.50559997558594 36.756141662597656 0.7312369346618652
-57.3173828125 43.58283996582031 0.9121890068054199
-30.074268341064453 21.014907836914062 0.46479105949401855
-30.398303985595703 19.47091293334961 0.4573228359222412
-58.02549743652344 33.95719528198242 0.8517117500305176
-46.65852355957031 24.84294891357422 0.6696512699127197
-47.20545196533203 22.747623443603516 0.6638290882110596
-46.95613479614258 13.920564651489258 0.6204477548599243
-44.85245132446289 11.356915473937988 0.5861399173736572
-45.744361877441406 9.64404582977295 0.5922452211380005
-93.20596313476562 8.1432523727417 1.1852657794952393
-94.83013916015625 0.637610912322998 1.2013719081878662
-93.18418884277344 -3.1217026710510254 1.181154489517212
-60.69362258911133 -4.481209754943848 0.7709825038909912
-84.20771789550781 -9.633992195129395 1.0737338066101074
-40.19090270996094 -6.243898391723633 0.5152610540390015
-50.52138900756836 -9.943563461303711 0.6523020267486572
-46.288047790527344 -11.060273170471191 0.6029020547866821
-18.88753318786621 -5.324164867401123 0.24860024452209473
-15.293800354003906 -4.982964515686035 0.2037724256515503
-14.976326942443848 -5.554891586303711 0.2023557424545288
-15.369683265686035 -6.41488790512085 0.21098732948303223
-15.79896354675293 -7.3531904220581055 0.2207639217376709
-16.260427474975586 -8.379073143005371 0.2317337989807129
-25.505521774291992 -14.469268798828125 0.37148356437683105
-23.180593490600586 -14.411918640136719 0.3457895517349243
-22.87248992919922 -15.529053688049316 0.35023045539855957
-19.13174819946289 -14.145442008972168 0.3014206886291504
-9.56087589263916 -7.682209014892578 0.15537512302398682
-22.542808532714844 -19.655656814575195 0.37889325618743896
-19.64606285095215 -18.57183074951172 0.3424875736236572
-19.00847053527832 -19.474605560302734 0.34475386142730713
-13.870856285095215 -15.404021263122559 0.2626011371612549
-17.1866512298584 -20.702796936035156 0.34086835384368896
-15.138825416564941 -19.80492401123047 0.31580114364624023
-14.074163436889648 -20.032785415649414 0.3101541996002197
-13.028871536254883 -20.22750473022461 0.3048069477081299
-12.334054946899414 -20.95387840270996 0.30802464485168457
-11.599360466003418 -21.652366638183594 0.3111826181411743
-11.400777816772461 -23.505720138549805 0.3309580087661743
-12.642541885375977 -28.978384017944336 0.4005253314971924
-13.943723678588867 -35.82573699951172 0.4870182275772095
-22.416833877563477 -65.24185943603516 0.8739359378814697
-11.195630073547363 -37.41532897949219 0.49475622177124023
-9.316458702087402 -36.404823303222656 0.4760526418685913
-6.150354862213135 -28.80980682373047 0.3731980323791504
-5.26943826675415 -30.676856994628906 0.39431798458099365
-5.125203609466553 -39.232643127441406 0.5012363195419312
-2.2551651000976562 -25.076807022094727 0.31896519660949707
-1.1988412141799927 -24.210325241088867 0.3070816993713379
-0.2264571636915207 -24.439319610595703 0.3096201419830322
2.2399301528930664 -72.35901641845703 0.9171116352081299
4.188807010650635 -58.767234802246094 0.7463767528533936
5.916059970855713 -52.9013557434082 0.674350380897522
7.058841705322266 -46.210933685302734 0.592211127281189
7.951606273651123 -40.94981384277344 0.5284574031829834
9.35208511352539 -39.584144592285156 0.5152726173400879
9.714159965515137 -34.79971694946289 0.4577115774154663
10.831969261169434 -33.534908294677734 0.4464457035064697
10.328516006469727 -28.064970016479492 0.3788517713546753
11.383975982666016 -27.471601486206055 0.3767191171646118
8.9576997756958 -19.375015258789062 0.2704131603240967
9.185308456420898 -17.936864852905273 0.25529229640960693
9.51564884185791 -16.873416900634766 0.2454068660736084
10.083247184753418 -16.31056785583496 0.24292457103729248
18.770185470581055 -27.798173904418945 0.4249216318130493
19.18790626525879 -26.09022331237793 0.4102823734283447
19.491775512695312 -24.385168075561523 0.39548254013061523
19.774921417236328 -22.79636573791504 0.3823087215423584
20.040224075317383 -21.307676315307617 0.3705637454986572
20.29010772705078 -19.90549659729004 0.36008524894714355
13.309364318847656 -12.046131134033203 0.22741377353668213
20.768747329711914 -17.33083152770996 0.34267866611480713
20.997241973876953 -16.1350040435791 0.3354661464691162
21.22716522216797 -14.994071960449219 0.32923567295074463
21.44905662536621 -13.893017768859863 0.32374608516693115
22.194713592529297 -13.140588760375977 0.3267557621002197
24.764434814453125 -13.347711563110352 0.3563932180404663
29.146163940429688 -14.22818374633789 0.41088175773620605
-8.6724853515625 -2.540153741836548 -0.11448144912719727
-9.00601577758789 -3.035956859588623 -0.12039875984191895
-9.140023231506348 -3.4962830543518066 -0.12397170066833496
-9.16751480102539 -3.93621826171875 -0.1263899803161621
-9.191872596740723 -4.39238166809082 -0.12905848026275635
-9.212939262390137 -4.866678714752197 -0.13199543952941895
-9.2305269241333 -5.361284255981445 -0.13522851467132568
-9.244405746459961 -5.878652572631836 -0.1387850046157837
-9.25429630279541 -6.421573162078857 -0.14269673824310303
-14.114692687988281 -10.659684181213379 -0.2240736484527588
-13.304239273071289 -10.914528846740723 -0.2180025577545166
-12.534565925598145 -11.155630111694336 -0.21257340908050537
-11.800436973571777 -11.384681701660156 -0.20772302150726318
-11.091256141662598 -11.5968656539917 -0.20328879356384277
-10.40299129486084 -11.791828155517578 -0.19920670986175537
-9.8976469039917 -12.172341346740723 -0.19874835014343262
-9.393455505371094 -12.551247596740723 -0.19860315322875977
-12.342374801635742 -17.953210830688477 -0.2760005593299866
-11.514473915100098 -18.28214454650879 -0.2737135887145996
-10.697758674621582 -18.604263305664062 -0.2718721628189087
-9.86423397064209 -18.87198257446289 -0.2697664499282837
-9.02866268157959 -19.1074161529541 -0.26772236824035645
-8.134873390197754 -19.175975799560547 -0.26388388872146606
-7.298360347747803 -19.331098556518555 -0.2617659568786621
-6.470591068267822 -19.47416114807129 -0.25996845960617065
-6.011200428009033 -20.85921859741211 -0.27500689029693604
-5.13070011138916 -20.93277359008789 -0.27303361892700195
-4.258210182189941 -20.989770889282227 -0.27132344245910645
-2.76383900642395 -17.132625579833984 -0.21984827518463135
-1.9880248308181763 -16.524700164794922 -0.21085035800933838
-1.2717044353485107 -15.958724975585938 -0.20281147956848145
-0.8420110940933228 -21.410215377807617 -0.27144306898117065
0.019728384912014008 -21.818199157714844 -0.27640092372894287
0.9142712354660034 -22.22390365600586 -0.2817787528038025
1.844312310218811 -22.627525329589844 -0.28760457038879395
2.8128244876861572 -23.029264450073242 -0.29391252994537354
3.8057405948638916 -23.322864532470703 -0.29937028884887695
4.814687252044678 -23.514493942260742 -0.3040706515312195
5.860774517059326 -23.725683212280273 -0.3096004128456116
6.936453819274902 -23.90732192993164 -0.31535786390304565
8.021319389343262 -23.996217727661133 -0.3205287456512451
9.138348579406738 -24.072832107543945 -0.3261983394622803
10.290815353393555 -24.136568069458008 -0.3324037790298462
9.035109519958496 -19.031856536865234 -0.26688528060913086
9.266053199768066 -17.649742126464844 -0.2525346875190735
9.641505241394043 -16.697355270385742 -0.24425333738327026
10.811978340148926 -17.09805679321289 -0.25628048181533813
12.254920959472656 -17.75712776184082 -0.2733253836631775
12.367185592651367 -16.462495803833008 -0.2608455419540405
12.468452453613281 -15.277448654174805 -0.24981528520584106
12.557795524597168 -14.182502746582031 -0.23997819423675537
12.692098617553711 -13.222723960876465 -0.23219072818756104
12.424151420593262 -11.943102836608887 -0.21832239627838135
12.636488914489746 -11.205442428588867 -0.2139570713043213
15.411825180053711 -12.596980094909668 -0.25216448307037354
15.665752410888672 -11.786636352539062 -0.2483583688735962
15.819724082946777 -10.93498420715332 -0.2436268925666809
15.963289260864258 -10.110783576965332 -0.23938006162643433
16.0972900390625 -9.310746192932129 -0.2355818748474121
16.263378143310547 -8.553426742553711 -0.23278766870498657
16.44224739074707 -7.820506572723389 -0.2306569218635559
14.508286476135254 -6.198308944702148 -0.19986653327941895
14.991416931152344 -5.70352840423584 -0.20319724082946777
15.34354305267334 -5.1414713859558105 -0.2050001621246338
15.83754825592041 -4.607696056365967 -0.2089540958404541
16.341899871826172 -4.049537658691406 -0.21328699588775635
16.857990264892578 -3.464621067047119 -0.21802687644958496
17.387361526489258 -2.850306510925293 -0.22320997714996338
23.812606811523438 -2.9262421131134033 -0.3039363622665405
28.038206100463867 -2.3060388565063477 -0.3563978672027588
27.486968994140625 -1.1509979963302612 -0.3485206961631775
23.678279876708984 -0.03878721594810486 -0.29996663331985474
26.58245277404785 1.0258818864822388 -0.3370070457458496
25.423547744750977 2.007143020629883 -0.32307755947113037
23.789289474487305 2.844280242919922 -0.3035188913345337
22.640640258789062 3.635340452194214 -0.29049456119537354
22.485021591186523 4.544364929199219 -0.29060810804367065
22.82234001159668 5.5761027336120605 -0.29762715101242065
23.356847763061523 6.712398529052734 -0.30786943435668945
20.378196716308594 6.754367828369141 -0.271969199180603
18.720272064208984 7.052061557769775 -0.2534242868423462
22.480392456054688 9.517239570617676 -0.3092610836029053
19.10013198852539 9.008074760437012 -0.2675282955169678
19.14887237548828 9.99106502532959 -0.27361899614334106
19.25583267211914 11.05363655090332 -0.2812740206718445
19.467363357543945 12.241025924682617 -0.2913234233856201
19.606914520263672 13.458096504211426 -0.3012709617614746
19.705869674682617 14.725505828857422 -0.311642050743103
19.75009536743164 16.0352725982666 -0.32228410243988037
20.12822914123535 17.731313705444336 -0.33982133865356445
20.10870933532715 19.20378303527832 -0.3522505760192871
20.06521224975586 20.767467498779297 -0.3658290505409241
20.683984756469727 23.206418991088867 -0.3938142657279968
20.876907348632812 25.409828186035156 -0.41661518812179565
20.32936668395996 26.877477645874023 -0.42692339420318604
16.134449005126953 23.21539878845215 -0.3581538796424866
13.805634498596191 21.67475128173828 -0.3255525827407837
11.842880249023438 20.355484008789062 -0.2983394265174866
10.807713508605957 20.423410415649414 -0.2927260398864746
9.976604461669922 20.838586807250977 -0.29268574714660645
7.733649730682373 17.975370407104492 -0.2478993535041809
6.873705863952637 17.929853439331055 -0.2432619333267212
4.456096172332764 13.186802864074707 -0.17633569240570068
3.524399995803833 12.00021743774414 -0.15844380855560303
3.0720438957214355 12.263564109802246 -0.16015946865081787
2.6061110496520996 12.519128799438477 -0.16199731826782227
2.12617826461792 12.766622543334961 -0.16395890712738037
1.6318029165267944 13.00571060180664 -0.16605305671691895
1.122496247291565 13.236031532287598 -0.1682802438735962
0.5977855920791626 13.457157135009766 -0.1706477403640747
0.05737432464957237 13.723438262939453 -0.17385518550872803
-0.5107592344284058 14.169445037841797 -0.1796199083328247
-1.1177436113357544 14.631919860839844 -0.18590295314788818
-1.7679452896118164 15.11279296875 -0.19276022911071777
-2.3304667472839355 14.75352954864502 -0.18922019004821777
-2.81982159614563 14.137202262878418 -0.18262231349945068
-2.510685443878174 10.390462875366211 -0.13541829586029053
-2.9001736640930176 10.189135551452637 -0.13420617580413818
-3.304020404815674 10.053893089294434 -0.13406813144683838
-3.7074384689331055 9.918074607849121 -0.13413655757904053
-4.11167049407959 9.78126049041748 -0.1344149112701416
-4.517946720123291 9.643027305603027 -0.1349043846130371
-5.06020975112915 9.758813858032227 -0.13925981521606445
-6.270201206207275 10.987515449523926 -0.1602632999420166
-6.8997578620910645 11.035109519958496 -0.16487383842468262
-7.408814907073975 10.852842330932617 -0.16646993160247803
-7.927620887756348 10.665289878845215 -0.16834986209869385
-8.458003044128418 10.471734046936035 -0.17052817344665527
-8.168479919433594 9.320371627807617 -0.15700280666351318
-8.269015312194824 8.702875137329102 -0.15208208560943604
-8.362497329711914 8.120936393737793 -0.14767229557037354
-8.449771881103516 7.569960117340088 -0.14371907711029053
-11.426729202270508 9.4370756149292 -0.18774378299713135
-11.61164379119873 8.829228401184082 -0.18479573726654053
-11.790912628173828 8.239095687866211 -0.18222558498382568
-11.965328216552734 7.66411018371582 -0.18001055717468262
-12.135618209838867 7.101898193359375 -0.1781294345855713
-18.676252365112305 9.944014549255371 -0.26804524660110474
-19.35620880126953 9.32748031616211 -0.2721974849700928
-24.06693458557129 10.427051544189453 -0.3322749733924866
-29.302045822143555 11.3189697265625 -0.39794206619262695
-38.22305679321289 13.024763107299805 -0.5115657448768616
-25.7855167388916 7.644347667694092 -0.3407130837440491
-21.164583206176758 5.359002113342285 -0.2765822410583496
-18.33779525756836 3.8660619258880615 -0.2374165654182434
-16.560529708862305 2.8013229370117188 -0.21277546882629395
-13.854958534240723 1.7741538286209106 -0.17695271968841553
-15.21738052368164 1.3295187950134277 -0.1935133934020996
-16.852706909179688 0.7915703058242798 -0.2137312889099121
-19.043760299682617 0.12804405391216278 -0.24125933647155762
-19.28264808654785 -0.6459755897521973 -0.2444167137145996
-20.078571319580078 -1.4824613332748413 -0.2550557255744934
-19.785381317138672 -2.2635886669158936 -0.25228351354599
-19.519636154174805 -3.032487630844116 -0.25024735927581787
-19.28192901611328 -3.7950446605682373 -0.24895590543746948
-18.845685958862305 -4.503070831298828 -0.24546587467193604
-8.953057289123535 -2.523751974105835 -0.11784136295318604
-8.88703727722168 -2.895540237426758 -0.11840963363647461
-9.132591247558594 -3.3873848915100098 -0.12339746952056885
-9.160852432250977 -3.8234896659851074 -0.12575578689575195
-9.186016082763672 -4.275371551513672 -0.1283583641052246
-9.20793342590332 -4.744892597198486 -0.1312270164489746
-9.226419448852539 -5.2341437339782715 -0.13438189029693604
-9.241259574890137 -5.74550724029541 -0.1378542184829712
-9.252189636230469 -6.281683444976807 -0.14167189598083496
-9.258893013000488 -6.84574556350708 -0.1458742618560791
-13.505145072937012 -10.851452827453613 -0.21947526931762695
-12.725679397583008 -11.095837593078613 -0.21388936042785645
-11.98302173614502 -11.327803611755371 -0.2088991403579712
-11.271799087524414 -11.54820728302002 -0.20443379878997803
-10.562163352966309 -11.729615211486816 -0.19996118545532227
-10.025283813476562 -12.076309204101562 -0.19883501529693604
-9.52094841003418 -12.4555082321167 -0.1986098289489746
-12.553852081298828 -17.86880874633789 -0.27665120363235474
-11.722692489624023 -18.19963836669922 -0.2742488384246826
-10.903396606445312 -18.523380279541016 -0.27229630947113037
-10.07712459564209 -18.81082534790039 -0.27034318447113037
-9.239087104797363 -19.048824310302734 -0.2682039141654968
-8.348023414611816 -19.13477897644043 -0.2644716501235962
-7.509032726287842 -19.293027877807617 -0.2622706890106201
-6.67919397354126 -19.439096450805664 -0.2603938579559326
-6.235245704650879 -20.83793830871582 -0.27554768323898315
-5.3526105880737305 -20.91575813293457 -0.27350789308547974
-4.47817325592041 -20.976892471313477 -0.27173173427581787
-3.610955238342285 -21.021739959716797 -0.27021199464797974
-2.1782591342926025 -16.674226760864258 -0.21303057670593262
-1.4477187395095825 -16.098234176635742 -0.20476090908050537
-0.8474599719047546 -17.11427879333496 -0.21707594394683838
-0.20121657848358154 -21.715232849121094 -0.27510881423950195
0.6847862601280212 -22.121492385864258 -0.28037798404693604
1.605578064918518 -22.525644302368164 -0.2860872149467468
2.564063549041748 -22.927825927734375 -0.29227006435394287
3.555424213409424 -23.275697708129883 -0.29828572273254395
4.556263446807861 -23.464218139648438 -0.3028053641319275
5.592131614685059 -23.669578552246094 -0.3081105351448059
6.6700758934021 -23.894683837890625 -0.31427937746047974
7.744021892547607 -23.97487449645996 -0.3191731572151184
8.85262680053711 -24.054649353027344 -0.32471513748168945
9.995803833007812 -24.12169075012207 -0.3307814598083496
8.94951057434082 -19.357276916503906 -0.27015841007232666
9.214364051818848 -17.99359893798828 -0.256100594997406
9.467260360717773 -16.787599563598633 -0.2441524863243103
10.69803524017334 -17.305042266845703 -0.2577366828918457
12.224625587463379 -18.104372024536133 -0.27674275636672974
12.339863777160645 -16.778783798217773 -0.2638551592826843
12.444055557250977 -15.568121910095215 -0.25248557329177856
12.5359525680542 -14.451336860656738 -0.2423567771911621
12.648065567016602 -13.447993278503418 -0.23387593030929565
12.367544174194336 -12.133111000061035 -0.21948504447937012
12.58447265625 -11.390047073364258 -0.2150270938873291
12.783721923828125 -10.667582511901855 -0.21092736721038818
15.624543190002441 -12.006437301635742 -0.249628484249115
15.78179931640625 -11.147665977478027 -0.24477744102478027
15.92790699005127 -10.316855430603027 -0.24041098356246948
16.064254760742188 -9.510997772216797 -0.2365022897720337
16.216859817504883 -8.740679740905762 -0.23338276147842407
16.397748947143555 -8.004833221435547 -0.23116350173950195
-5.53868293762207 -1.6222665309906006 -0.2194349765777588
-5.377673149108887 -1.812829852104187 -0.21577107906341553
-5.197500705718994 -1.988174557685852 -0.21158099174499512
-4.928643703460693 -2.1161882877349854 -0.20393693447113037
-4.6684794425964355 -2.2308528423309326 -0.19672632217407227
-4.4060869216918945 -2.3274922370910645 -0.18946313858032227
-4.135095119476318 -2.401747941970825 -0.1818171739578247
-3.838526487350464 -2.440971851348877 -0.17295610904693604
-3.5680105686187744 -2.475847005844116 -0.1651216745376587
-3.3810219764709473 -2.5534095764160156 -0.16109216213226318
-3.2026796340942383 -2.6274163722991943 -0.15750384330749512
-3.0309932231903076 -2.6975464820861816 -0.15427327156066895
-2.911344289779663 -2.8087708950042725 -0.15381121635437012
-2.931483268737793 -3.0651156902313232 -0.16125929355621338
-2.95088267326355 -3.3448338508605957 -0.16959130764007568
-2.969428062438965 -3.6518666744232178 -0.17895770072937012
-2.986978769302368 -3.9911048412323 -0.18953943252563477
-3.003347873687744 -4.368670463562012 -0.20156824588775635
-3.0182929039001465 -4.792307376861572 -0.21533715724945068
-3.535162925720215 -6.147935390472412 -0.2696431279182434
-3.843764543533325 -7.3537821769714355 -0.3154921531677246
-3.4284942150115967 -7.255740165710449 -0.3051210641860962
-3.0314226150512695 -7.145829677581787 -0.2951314449310303
-2.6524927616119385 -7.025630950927734 -0.2855275273323059
-2.3603084087371826 -7.103690147399902 -0.28461140394210815
-2.1481456756591797 -7.454189777374268 -0.2949519753456116
-1.9181350469589233 -7.825811862945557 -0.3063557744026184
-1.667893886566162 -8.221473693847656 -0.3189595341682434
-1.3945647478103638 -8.64468765258789 -0.3329329490661621
-1.0947372913360596 -9.09959602355957 -0.3484737277030945
-0.7642927169799805 -9.591200828552246 -0.36582720279693604
-0.39821186661720276 -10.12555980682373 -0.3852858543395996
0.009685583412647247 -10.710156440734863 -0.40721577405929565
0.4890387952327728 -11.88743782043457 -0.45235979557037354
0.9433378577232361 -11.573678970336914 -0.44150590896606445
1.3905476331710815 -11.384747505187988 -0.4360805153846741
1.8512017726898193 -11.344801902770996 -0.43705034255981445
2.2282705307006836 -10.882692337036133 -0.422359824180603
2.6148502826690674 -10.585479736328125 -0.4145723581314087
2.9837963581085205 -10.284011840820312 -0.40713822841644287
3.1558234691619873 -9.440811157226562 -0.37847673892974854
3.284773111343384 -8.6529541015625 -0.35190510749816895
3.3780746459960938 -7.923089981079102 -0.3274855613708496
3.4449148178100586 -7.256495952606201 -0.3054134249687195
3.6139976978302 -6.883851528167725 -0.2956111431121826
3.7706122398376465 -6.530026912689209 -0.2866988182067871
3.916069269180298 -6.192883014678955 -0.2785884737968445
4.051506996154785 -5.870543479919434 -0.27120137214660645
4.177900791168213 -5.561387538909912 -0.2644703984260559
4.296107769012451 -5.263967037200928 -0.25833821296691895
4.406867980957031 -4.977023601531982 -0.2527529001235962
4.510832786560059 -4.699420928955078 -0.2476717233657837
4.608583450317383 -4.430145263671875 -0.24305498600006104
4.3101630210876465 -3.822050094604492 -0.21902978420257568
4.62296724319458 -3.778616428375244 -0.22701621055603027
4.749069690704346 -3.5731122493743896 -0.2259657382965088
4.961553573608398 -3.4295523166656494 -0.2293245792388916
5.175046443939209 -3.2777562141418457 -0.23290973901748657
5.389573097229004 -3.1173555850982666 -0.23672807216644287
5.605159282684326 -2.947934865951538 -0.24079304933547974
5.821815013885498 -2.769056797027588 -0.24511557817459106
6.039549350738525 -2.5802524089813232 -0.24971026182174683
6.25835657119751 -2.381002902984619 -0.25459063053131104
6.479922771453857 -2.1713547706604004 -0.25983965396881104
6.7078752517700195 -1.9515472650527954 -0.26561665534973145
6.937846660614014 -1.7192044258117676 -0.2717653512954712
7.169861793518066 -1.4735416173934937 -0.2783052325248718
7.403924942016602 -1.2137269973754883 -0.2852644920349121
7.640038967132568 -0.9388586282730103 -0.2926698923110962
7.878168106079102 -0.6479489803314209 -0.30055010318756104
8.118268013000488 -0.3399466574192047 -0.30893880128860474
8.360245704650879 -0.013700764626264572 -0.31786882877349854
8.602466583251953 0.3319913446903229 -0.3273213505744934
8.846070289611816 0.6983795166015625 -0.3373866677284241
9.090873718261719 1.0869166851043701 -0.3481099605560303
9.336600303649902 1.499152421951294 -0.3595375418663025
9.358241081237793 1.8913646936416626 -0.3630080223083496
9.300182342529297 2.272284507751465 -0.3640071749687195
9.228309631347656 2.6520798206329346 -0.3650752902030945
9.142560958862305 3.030303955078125 -0.3662105202674866
9.042917251586914 3.40653657913208 -0.3674123287200928
8.929359436035156 3.780310869216919 -0.3686788082122803
8.851885795593262 4.174755096435547 -0.37211382389068604
8.80866813659668 4.595987796783447 -0.3777644634246826
8.747389793395996 5.021358489990234 -0.3834902048110962
8.523103713989258 5.359303951263428 -0.38280045986175537
8.159869194030762 5.600897312164307 -0.37630391120910645
7.795772075653076 5.825507164001465 -0.370022177696228
7.491970539093018 6.082796096801758 -0.36692094802856445
7.342735767364502 6.4683427810668945 -0.3720564842224121
7.181756019592285 6.858559608459473 -0.37757647037506104
6.83407735824585 7.073256969451904 -0.3739559054374695
6.33044958114624 7.102458477020264 -0.3617415428161621
5.902894020080566 7.18456506729126 -0.3535420894622803
5.581609725952148 7.37945556640625 -0.3517964482307434
5.256103515625 7.562858581542969 -0.3501753807067871
4.926661968231201 7.734821319580078 -0.3486781716346741
4.5935516357421875 7.895377159118652 -0.3473036289215088
4.097375869750977 7.742844104766846 -0.33307206630706787
3.4928269386291504 7.295625686645508 -0.3075404763221741
3.087686538696289 7.176737308502197 -0.2970516085624695
2.7066423892974854 7.0601983070373535 -0.28748857975006104
2.347095251083374 6.9457011222839355 -0.27875566482543945
2.006798267364502 6.832939624786377 -0.27077043056488037
1.683786153793335 6.721654891967773 -0.2634633183479309
1.3763433694839478 6.611614227294922 -0.25677263736724854
1.082956075668335 6.5025954246521 -0.2506422996520996
0.8022924661636353 6.394397735595703 -0.24502885341644287
0.5331596732139587 6.286825656890869 -0.23989152908325195
0.2745116055011749 6.17970609664917 -0.23519247770309448
0.025387616828083992 6.072870254516602 -0.23090046644210815
-0.21505922079086304 5.966160297393799 -0.22698938846588135
-0.44760438799858093 5.859413146972656 -0.22343218326568604
-0.6729456186294556 5.752484321594238 -0.2202082872390747
-0.8917195796966553 5.6452202796936035 -0.21730005741119385
-1.1045103073120117 5.537475109100342 -0.2146894931793213
-1.331636667251587 5.510987281799316 -0.21556532382965088
-1.5599526166915894 5.4805474281311035 -0.21665430068969727
-1.7884016036987305 5.441972732543945 -0.2177973985671997
-2.0167484283447266 5.395168304443359 -0.2189943790435791
-2.2447516918182373 5.340044021606445 -0.22024500370025635
-2.4721531867980957 5.276516437530518 -0.2215486764907837
-2.6986827850341797 5.2045159339904785 -0.22290360927581787
-2.9240665435791016 5.123956680297852 -0.2243105173110962
-3.148021936416626 5.034782409667969 -0.22576868534088135
-3.3702454566955566 4.936923980712891 -0.22727620601654053
-3.590430736541748 4.830320358276367 -0.2288343906402588
-3.808253526687622 4.714949607849121 -0.2304396629333496
-4.023381233215332 4.590748310089111 -0.23209428787231445
-4.235477924346924 4.457700729370117 -0.23379474878311157
-4.444172382354736 4.315802097320557 -0.23553788661956787
-4.64627742767334 4.162504196166992 -0.23718219995498657
-4.8427886962890625 3.9995388984680176 -0.2388063669204712
-5.034683704376221 3.828253984451294 -0.24047869443893433
-5.221609592437744 3.648683547973633 -0.24220049381256104
-5.389042377471924 3.4518237113952637 -0.24332785606384277
-5.540684223175049 3.24247670173645 -0.24408650398254395
-5.686024188995361 3.0274837017059326 -0.24492573738098145
-5.82489538192749 2.806931972503662 -0.24584311246871948
-7.893021106719971 3.419666051864624 -0.3270595073699951
-7.341320514678955 2.8358497619628906 -0.29922807216644287
-6.837917804718018 2.3300650119781494 -0.27466630935668945
-6.394745349884033 1.8957804441452026 -0.2535970211029053
-6.00065803527832 1.519404649734497 -0.2353529930114746
-6.026403903961182 1.2705121040344238 -0.23416829109191895
-6.050179958343506 1.0234272480010986 -0.23330342769622803
-6.068634510040283 0.7771017551422119 -0.2326216697692871
-6.0818305015563965 0.5313610434532166 -0.23211991786956787
-6.089808464050293 0.286038339138031 -0.2317976951599121
-6.092596054077148 0.040968429297208786 -0.23165488243103027
-6.090206623077393 -0.20402942597866058 -0.23168784379959106
-6.057300567626953 -0.44722792506217957 -0.23093342781066895
-5.9839768409729 -0.68460613489151 -0.22900354862213135
-5.903356075286865 -0.9171236157417297 -0.22714555263519287
-5.8156914710998535 -1.1446397304534912 -0.2253633737564087
-5.7212371826171875 -1.3670533895492554 -0.22365319728851318
-5.578541278839111 -1.5725229978561401 -0.22037005424499512
-5.41888952255249 -1.7655611038208008 -0.21669328212738037
-5.254127025604248 -1.948814868927002 -0.21306848526000977
-4.9955291748046875 -2.0849947929382324 -0.2058168649673462
-4.735259532928467 -2.2038938999176025 -0.19858598709106445
-4.4711103439331055 -2.3039815425872803 -0.19124102592468262
-4.214788436889648 -2.3910484313964844 -0.18424272537231445
-3.9108948707580566 -2.43149733543396 -0.1750929355621338
-3.6341962814331055 -2.4673967361450195 -0.1670137643814087
-3.4272868633270264 -2.534031629562378 -0.16206014156341553
-3.247123956680298 -2.6090760231018066 -0.15837609767913818
-3.0738344192504883 -2.680149793624878 -0.1550581455230713
-2.9065942764282227 -2.747662305831909 -0.1520754098892212
-2.926454782485962 -2.9982151985168457 -0.15929770469665527
-2.946052074432373 -3.2716851234436035 -0.16739404201507568
-2.964824914932251 -3.5713894367218018 -0.1764814853668213
-2.982642412185669 -3.901949167251587 -0.18673670291900635
-2.9993317127227783 -4.269164562225342 -0.19837427139282227
-3.014662981033325 -4.6803059577941895 -0.2116713523864746
-3.0283432006835938 -5.14473819732666 -0.22698259353637695
-3.382662773132324 -6.314366817474365 -0.2723604440689087
-3.5317957401275635 -7.281727313995361 -0.3077083230018616
-3.1301238536834717 -7.174659729003906 -0.29762107133865356
-2.7466254234313965 -7.056927680969238 -0.2879207134246826
-2.411386013031006 -7.018087387084961 -0.28214865922927856
-2.203399419784546 -7.363654136657715 -0.2922413945198059
-1.97812020778656 -7.7296648025512695 -0.30336320400238037
-1.7332433462142944 -8.118949890136719 -0.3156496286392212
-1.4660521745681763 -8.534842491149902 -0.3292592167854309
-1.173284888267517 -8.981287002563477 -0.34438252449035645
-0.8510186076164246 -9.463088989257812 -0.3612520098686218
-0.49448704719543457 -9.985989570617676 -0.38014543056488037
-0.09782532602548599 -10.557082176208496 -0.4014125466346741
0.346244215965271 -11.185148239135742 -0.4254786968231201
0.8305755853652954 -11.652657508850098 -0.44417500495910645
1.2789645195007324 -11.43649673461914 -0.437541663646698
1.7312363386154175 -11.333571434020996 -0.43591630458831787
2.127640962600708 -10.957113265991211 -0.42438679933547974
2.5187671184539795 -10.661083221435547 -0.41650837659835815
2.8921115398406982 -10.360639572143555 -0.4089863896369934
3.1168105602264404 -9.649360656738281 -0.3855464458465576
3.255779266357422 -8.846675872802734 -0.3584187626838684
3.357513666152954 -8.10229206085205 -0.33346331119537354
3.4279704093933105 -7.414488792419434 -0.31058061122894287
3.572464942932129 -6.976231575012207 -0.29800188541412354
3.73210072517395 -6.617864608764648 -0.2888753414154053
3.8802671432495117 -6.2766923904418945 -0.2805696725845337
4.018143177032471 -5.9507598876953125 -0.2730062007904053
4.1467390060424805 -5.638418674468994 -0.2661147117614746
4.266944885253906 -5.3381500244140625 -0.25983601808547974
4.379519939422607 -5.048674583435059 -0.254116415977478
4.4851484298706055 -4.768810749053955 -0.2489113211631775
4.584417819976807 -4.49751615524292 -0.24418050050735474
4.221358299255371 -3.820695638656616 -0.21648085117340088
4.584280490875244 -3.8254261016845703 -0.22701501846313477
4.6954803466796875 -3.6081650257110596 -0.22515034675598145
4.907715320587158 -3.4666213989257812 -0.2284548282623291
5.120948314666748 -3.3169519901275635 -0.2319808006286621
5.335208892822266 -3.1587657928466797 -0.2357393503189087
5.550524711608887 -2.991664171218872 -0.239740788936615
5.7669196128845215 -2.8152120113372803 -0.24399739503860474
-3.0492210388183594 -0.893108606338501 -0.20151686668395996
-2.982968807220459 -1.005570411682129 -0.19964921474456787
-2.912630081176758 -1.1141506433486938 -0.1977827548980713
-2.838467836380005 -1.2187386751174927 -0.19591760635375977
-2.760742425918579 -1.3192312717437744 -0.19405901432037354
-2.679708480834961 -1.4155428409576416 -0.19221091270446777
-2.595623731613159 -1.507590651512146 -0.19037556648254395
-2.5087270736694336 -1.5953383445739746 -0.18855798244476318
-2.4192633628845215 -1.678725242614746 -0.18675923347473145
-2.3115146160125732 -1.7457023859024048 -0.1837141513824463
-2.2201380729675293 -1.8213530778884888 -0.1821291446685791
-2.1842434406280518 -1.9439523220062256 -0.18545007705688477
-2.1432323455810547 -2.0677194595336914 -0.1888796091079712
-2.084174633026123 -2.17918062210083 -0.19124650955200195
-1.9951730966567993 -2.261533498764038 -0.19127404689788818
-1.9015703201293945 -2.3385908603668213 -0.19116532802581787
-1.803726077079773 -2.410085916519165 -0.19092309474945068
-1.7020217180252075 -2.475759744644165 -0.19054770469665527
-1.596856713294983 -2.5354113578796387 -0.19003987312316895
-1.4886418581008911 -2.5888655185699463 -0.18940389156341553
-1.3778139352798462 -2.635995864868164 -0.18864405155181885
-1.2647954225540161 -2.6766982078552246 -0.18776261806488037
-1.1500300168991089 -2.7109146118164062 -0.1867659091949463
-1.033955693244934 -2.7386317253112793 -0.1856600046157837
-0.9170106053352356 -2.7598626613616943 -0.1844484806060791
-0.7996016144752502 -2.7746663093566895 -0.18313920497894287
-0.6821519732475281 -2.7831172943115234 -0.18173909187316895
-0.5650643706321716 -2.7853410243988037 -0.1802535057067871
-0.4487067461013794 -2.7814667224884033 -0.17869162559509277
-0.33344921469688416 -2.7716801166534424 -0.1770564317703247
-0.21962970495224 -2.756178617477417 -0.17535912990570068
-0.10756851732730865 -2.735142946243286 -0.1736055612564087
0.002446516416966915 -2.7088308334350586 -0.17180311679840088
0.11147432774305344 -2.7097134590148926 -0.17200398445129395
0.22392019629478455 -2.7472665309906006 -0.1748182773590088
0.3401486277580261 -2.7848920822143555 -0.1779390573501587
0.4605896770954132 -2.8226571083068848 -0.1813899278640747
0.5857311487197876 -2.8606510162353516 -0.1851961612701416
0.7161078453063965 -2.8989620208740234 -0.18938803672790527
0.8523356318473816 -2.9376816749572754 -0.1940016746520996
0.9951021671295166 -2.9769012928009033 -0.19907426834106445
1.1451984643936157 -3.016752004623413 -0.20465409755706787
1.303525686264038 -3.05735182762146 -0.21079611778259277
1.4711281061172485 -3.098832368850708 -0.2175612449645996
1.6492087841033936 -3.141375780105591 -0.22502458095550537
1.8391813039779663 -3.185128927230835 -0.233271062374115
2.048980236053467 -3.240255117416382 -0.24314898252487183
2.245478630065918 -3.2536473274230957 -0.25073015689849854
2.41202974319458 -3.2107598781585693 -0.25469744205474854
2.5347225666046143 -3.1057662963867188 -0.2542531490325928
2.6545157432556152 -2.997954845428467 -0.253963828086853
2.7714450359344482 -2.8873138427734375 -0.2538313865661621
2.8946516513824463 -2.7825708389282227 -0.25465714931488037
3.03167724609375 -2.688351631164551 -0.2569881081581116
3.1676549911499023 -2.589106798171997 -0.25947409868240356
3.3025057315826416 -2.484745979309082 -0.26211994886398315
3.4361329078674316 -2.3751444816589355 -0.26492631435394287
3.5684454441070557 -2.260172128677368 -0.2678999900817871
3.6993370056152344 -2.139709949493408 -0.2710444927215576
3.828681230545044 -2.013627290725708 -0.2743629813194275
3.956355094909668 -1.8817756175994873 -0.2778621315956116
4.082211017608643 -1.744027853012085 -0.2815449833869934
4.206095218658447 -1.6002168655395508 -0.2854182720184326
4.327833652496338 -1.4502105712890625 -0.2894856929779053
4.447237014770508 -1.2938506603240967 -0.2937532663345337
4.564106464385986 -1.1309884786605835 -0.29822587966918945
4.6782145500183105 -0.9614577293395996 -0.30290913581848145
4.789320468902588 -0.7851127982139587 -0.30780965089797974
4.897160530090332 -0.6017959713935852 -0.31293046474456787
5.001194000244141 -0.41132524609565735 -0.3182637691497803
5.101070404052734 -0.21360696852207184 -0.32380998134613037
5.196713924407959 -0.008516980335116386 -0.32959306240081787
5.287762641906738 0.20406770706176758 -0.3356166481971741
5.373826503753662 0.4242563843727112 -0.3418867588043213
5.454493522644043 0.6521469354629517 -0.3484065532684326
5.529319763183594 0.8878244161605835 -0.3551802635192871
5.597828388214111 1.1313573122024536 -0.3622114658355713
5.659514427185059 1.3827683925628662 -0.369503378868103
5.713838577270508 1.6420726776123047 -0.3770595192909241
5.709087371826172 1.8922818899154663 -0.38146138191223145
5.639917850494385 2.1245996952056885 -0.38224077224731445
5.561874866485596 2.3546595573425293 -0.3830617070198059
5.474998950958252 2.5821385383605957 -0.38392412662506104
5.379345893859863 2.806717872619629 -0.384823203086853
5.274996757507324 3.0280702114105225 -0.38576066493988037
5.162013530731201 3.2458603382110596 -0.38673722743988037
4.947897434234619 3.39621639251709 -0.38062459230422974
4.715397357940674 3.523650646209717 -0.3733431100845337
4.484622955322266 3.6411027908325195 -0.3663734793663025
4.255756378173828 3.748971939086914 -0.35970842838287354
4.02895975112915 3.8476502895355225 -0.35333573818206787
3.805046558380127 3.9382195472717285 -0.3473140597343445
3.628833293914795 4.071381568908691 -0.3459010720252991
3.4473788738250732 4.195894241333008 -0.344417929649353
3.261176586151123 4.311604022979736 -0.34286946058273315
3.0707499980926514 4.4184184074401855 -0.3412611484527588
2.8765742778778076 4.516202926635742 -0.3396010398864746
2.6791369915008545 4.604890823364258 -0.3378908038139343
2.478912115097046 4.684422492980957 -0.3361360430717468
2.276367425918579 4.754755020141602 -0.3343403935432434
2.0719752311706543 4.815906524658203 -0.3325105905532837
1.8661857843399048 4.867895603179932 -0.3306477665901184
1.6594479084014893 4.910757064819336 -0.3287593722343445
1.4521944522857666 4.9445719718933105 -0.32684648036956787
1.2448495626449585 4.9694294929504395 -0.32491534948349
1.0378174781799316 4.985428810119629 -0.32297074794769287
0.8314928412437439 4.99269962310791 -0.3210145831108093
0.6262603998184204 4.991391658782959 -0.3190523386001587
0.4224775433540344 4.981662273406982 -0.3170875906944275
0.21888455748558044 4.927513599395752 -0.31282734870910645
0.02031724900007248 4.860298156738281 -0.3082582354545593
-0.1727006435394287 4.791104316711426 -0.3040645122528076
-0.3605608344078064 4.719947814941406 -0.3002254366874695
-0.5436040759086609 4.646846771240234 -0.29672932624816895
-0.7221622467041016 4.5718092918396 -0.2935536503791809
-0.896540641784668 4.494813919067383 -0.2906917333602905
-1.0670220851898193 4.415860176086426 -0.2881282567977905
-1.233865737915039 4.334924697875977 -0.28585588932037354
-1.3973252773284912 4.251962184906006 -0.28386247158050537
-1.5576305389404297 4.1669440269470215 -0.2821413278579712
-1.7150013446807861 4.079817295074463 -0.2806868553161621
-1.8696385622024536 3.9905290603637695 -0.27949297428131104
-2.0217413902282715 3.899005889892578 -0.2785542607307434
-2.1714909076690674 3.8051869869232178 -0.27786946296691895
-2.319061040878296 3.708986282348633 -0.27743303775787354
-2.464620590209961 3.610313653945923 -0.27724504470825195
-2.6083247661590576 3.509063720703125 -0.27730488777160645
-2.750322103500366 3.405141592025757 -0.2776119112968445
-2.890765428543091 3.298410415649414 -0.2781673073768616
-3.0297887325286865 3.188753843307495 -0.27897417545318604
-3.157172441482544 3.0659708976745605 -0.2791200876235962
-3.262718677520752 2.92299747467041 -0.27782976627349854
-3.3624958992004395 2.7770092487335205 -0.27658772468566895
-3.4564638137817383 2.62821626663208 -0.2753956913948059
-3.5445845127105713 2.476836681365967 -0.2742549777030945
-3.626826524734497 2.32307767868042 -0.27316606044769287
-3.6645431518554688 2.144531726837158 -0.26929032802581787
-3.6832480430603027 1.961113452911377 -0.26465290784835815
-3.694647789001465 1.780399203300476 -0.26011496782302856
-3.6990976333618164 1.6026428937911987 -0.2556813359260559
-3.696924924850464 1.4280695915222168 -0.25135642290115356
-3.688469648361206 1.2568721771240234 -0.24714434146881104
-3.674060344696045 1.0892093181610107 -0.24304521083831787
-3.6540110111236572 0.9252219796180725 -0.23906266689300537
-3.628631830215454 0.7650032639503479 -0.23519855737686157
-3.5982186794281006 0.6086630821228027 -0.23145222663879395
-3.5630555152893066 0.45625820755958557 -0.22782671451568604
-3.523420572280884 0.307832807302475 -0.2243177890777588
-3.4795684814453125 0.16343386471271515 -0.22092974185943604
-3.431751251220703 0.023072905838489532 -0.21765649318695068
-3.380199670791626 -0.1132349818944931 -0.21450400352478027
-3.3251469135284424 -0.24550536274909973 -0.21146559715270996
-3.2792935371398926 -0.3751673996448517 -0.20933973789215088
-3.2333202362060547 -0.5023170709609985 -0.20752763748168945
-3.1821606159210205 -0.6263071298599243 -0.2056947946548462
-3.1260693073272705 -0.7469624876976013 -0.20384657382965088
-3.0653011798858643 -0.8640685677528381 -0.20198750495910645
-3.000121831893921 -0.9774865508079529 -0.20012223720550537
-2.9307897090911865 -1.0870559215545654 -0.19825398921966553
-2.8575706481933594 -1.1926686763763428 -0.19638991355895996
-2.780722141265869 -1.294203519821167 -0.19452834129333496
-2.7005035877227783 -1.391585111618042 -0.19267785549163818
-2.617164134979248 -1.4847168922424316 -0.19083940982818604
-2.530956506729126 -1.5735520124435425 -0.18901574611663818
-2.4421181678771973 -1.6580549478530884 -0.18721270561218262
-2.34023380279541 -1.7302966117858887 -0.18458998203277588
-2.228431463241577 -1.7905536890029907 -0.1813063621520996
-2.1937968730926514 -1.9128304719924927 -0.18460047245025635
-2.1541008949279785 -2.0363152027130127 -0.18800127506256104
-2.1059162616729736 -2.15755033493042 -0.19121789932250977
-2.018126964569092 -2.2411935329437256 -0.19128012657165527
-1.9256590604782104 -2.31962251663208 -0.1912062168121338
-1.8288524150848389 -2.392540216445923 -0.19099748134613037
-1.7280869483947754 -2.45971417427063 -0.19065511226654053
-1.6237573623657227 -2.520902633666992 -0.19018030166625977
-1.5162757635116577 -2.5759451389312744 -0.1895766258239746
-1.4060661792755127 -2.624682903289795 -0.18884789943695068
-1.2935594320297241 -2.6670138835906982 -0.18799757957458496
-1.179197907447815 -2.7028727531433105 -0.18702960014343262
-1.063413143157959 -2.73223614692688 -0.1859499216079712
-0.9466431736946106 -2.7551088333129883 -0.18476462364196777
-0.8293126225471497 -2.771519184112549 -0.18347978591918945
-0.7118398547172546 -2.781573534011841 -0.18210160732269287
-0.5946226716041565 -2.785356283187866 -0.18063676357269287
-0.47804513573646545 -2.783015727996826 -0.1790926456451416
-0.36247941851615906 -2.7747068405151367 -0.1774764060974121
-0.24826408922672272 -2.7606191635131836 -0.1757948398590088
-0.13572756946086884 -2.740974187850952 -0.17405474185943604
-0.02516690455377102 -2.715973377227783 -0.17226338386535645
0.08358603715896606 -2.700216293334961 -0.17133867740631104
0.1951412856578827 -2.737758159637451 -0.1740785837173462
0.3103746771812439 -2.775359869003296 -0.17711997032165527
0.42970529198646545 -2.81308913230896 -0.18048417568206787
0.553607165813446 -2.851017713546753 -0.1841975450515747
0.6826050877571106 -2.8892390727996826 -0.18828940391540527
0.8172906041145325 -2.9278407096862793 -0.19279253482818604
0.9583336710929871 -2.9669253826141357 -0.1977449655532837
1.1064972877502441 -3.006610870361328 -0.20319294929504395
1.2626519203186035 -3.0470054149627686 -0.20918595790863037
1.4277989864349365 -3.0882511138916016 -0.21578752994537354
1.6031054258346558 -3.1304996013641357 -0.22306597232818604
1.7899221181869507 -3.1739401817321777 -0.23110556602478027
1.994215488433838 -3.2258243560791016 -0.24053120613098145
2.2036783695220947 -3.2635903358459473 -0.24975603818893433
2.3702993392944336 -3.2229502201080322 -0.2537385821342468
2.503967523574829 -3.1325838565826416 -0.2543501853942871
2.6244890689849854 -3.025482416152954 -0.2540218234062195
2.742140054702759 -2.9155654907226562 -0.2538502812385559
2.859832525253296 -2.8056259155273438 -0.2540907859802246
2.9971163272857666 -2.712648868560791 -0.2563844919204712
3.133366584777832 -2.6146955490112305 -0.2588307857513428
3.2685065269470215 -2.511629819869995 -0.2614351511001587
3.402454137802124 -2.4033572673797607 -0.2642006278038025
3.5351076126098633 -2.289771556854248 -0.2671315670013428
3.6663684844970703 -2.1707100868225098 -0.2702327370643616
3.7961184978485107 -2.0460550785064697 -0.27350789308547974
3.924229145050049 -1.9156755208969116 -0.27696001529693604
-2.226644992828369 -0.6521794199943542 -0.20628130435943604
-2.179089069366455 -0.7345795035362244 -0.20444846153259277
-2.1292874813079834 -0.8145036101341248 -0.20268571376800537
-2.0773518085479736 -0.8919448852539062 -0.20099568367004395
-2.0233821868896484 -0.9668795466423035 -0.19937574863433838
-1.9674773216247559 -1.0393071174621582 -0.19782793521881104
-1.90973699092865 -1.1092156171798706 -0.1963503360748291
-1.8502464294433594 -1.176599383354187 -0.19494402408599854
-1.7890974283218384 -1.2414557933807373 -0.19360673427581787
-1.7263705730438232 -1.3037880659103394 -0.19233965873718262
-1.6703014373779297 -1.3702845573425293 -0.19208025932312012
-1.6416147947311401 -1.4610137939453125 -0.19538283348083496
-1.5806257724761963 -1.5249354839324951 -0.1952681541442871
-1.5183806419372559 -1.5875993967056274 -0.1953108310699463
-1.4587880373001099 -1.653540849685669 -0.19604456424713135
-1.3969069719314575 -1.7179447412490845 -0.19685804843902588
-1.3327380418777466 -1.7807642221450806 -0.1977522373199463
-1.2662863731384277 -1.8419359922409058 -0.19872701168060303
-1.1975479125976562 -1.9014064073562622 -0.19978296756744385
-1.1263319253921509 -1.9587819576263428 -0.20088708400726318
-1.0449910163879395 -1.9992458820343018 -0.2005629539489746
-0.9632940888404846 -2.0386221408843994 -0.20046281814575195
-0.8811002969741821 -2.0769729614257812 -0.20058679580688477
-0.7982733249664307 -2.11437726020813 -0.2009340524673462
-0.7146604657173157 -2.1508729457855225 -0.20150721073150635
-0.6301124691963196 -2.18652081489563 -0.20230793952941895
-0.5444690585136414 -2.2213804721832275 -0.20334303379058838
-0.4575744569301605 -2.2554948329925537 -0.2046138048171997
-0.3692476451396942 -2.2889113426208496 -0.20613062381744385
-0.27931126952171326 -2.3216583728790283 -0.2078993320465088
-0.1875671148300171 -2.353794574737549 -0.2099318504333496
-0.09381060302257538 -2.3853378295898438 -0.21223711967468262
0.0021846452727913857 -2.4163331985473633 -0.2148287296295166
0.10065886378288269 -2.4468095302581787 -0.21772241592407227
0.2018769383430481 -2.4767849445343018 -0.22093462944030762
0.3061242699623108 -2.506300687789917 -0.22448384761810303
0.41371315717697144 -2.5353806018829346 -0.2283949851989746
0.5249937772750854 -2.5640249252319336 -0.23269003629684448
0.6403517127037048 -2.5922794342041016 -0.23740071058273315
0.7592023015022278 -2.6166813373565674 -0.24223589897155762
0.8746231198310852 -2.616490125656128 -0.24527668952941895
0.9916123747825623 -2.612166166305542 -0.24841082096099854
1.1100575923919678 -2.6035819053649902 -0.2516377568244934
1.2298310995101929 -2.590564250946045 -0.2549550533294678
1.3507938385009766 -2.5729563236236572 -0.2583632469177246
1.4727908372879028 -2.5506110191345215 -0.2618562579154968
1.5956531763076782 -2.523369789123535 -0.2654353976249695
1.7191929817199707 -2.491074323654175 -0.2690975069999695
1.843209147453308 -2.4535715579986572 -0.2728371024131775
1.967477560043335 -2.4107232093811035 -0.27664995193481445
2.0917587280273438 -2.3623805046081543 -0.2805342674255371
2.2157905101776123 -2.308424711227417 -0.28448259830474854
2.309290647506714 -2.2198779582977295 -0.2847896218299866
2.3980166912078857 -2.1264426708221436 -0.28494954109191895
2.484182357788086 -2.0304598808288574 -0.28525102138519287
2.567763090133667 -1.9319403171539307 -0.2856917381286621
2.6487374305725098 -1.8308683633804321 -0.28627336025238037
2.727458953857422 -1.7275052070617676 -0.2870381474494934
2.8197004795074463 -1.6309258937835693 -0.2896053194999695
2.9098167419433594 -1.5303614139556885 -0.29230058193206787
2.997673749923706 -1.4258004426956177 -0.2951253056526184
3.083132028579712 -1.317188024520874 -0.2980800271034241
3.166036605834961 -1.204527735710144 -0.30116593837738037
3.2462334632873535 -1.0877772569656372 -0.30438554286956787
3.3235528469085693 -0.9669339060783386 -0.3077388405799866
3.397819995880127 -0.8419819474220276 -0.31122636795043945
3.4688241481781006 -0.7129064798355103 -0.31484824419021606
3.5361642837524414 -0.5796816349029541 -0.31858599185943604
3.599846839904785 -0.4423748850822449 -0.3224586844444275
3.6596596240997314 -0.300990492105484 -0.3264668583869934
3.7153749465942383 -0.15557993948459625 -0.3306136131286621
3.766763210296631 -0.006171314045786858 -0.33489274978637695
3.813580274581909 0.14717914164066315 -0.3393062353134155
3.8555736541748047 0.30439770221710205 -0.34385454654693604
3.8924756050109863 0.46539002656936646 -0.34853291511535645
3.924027442932129 0.6300716400146484 -0.3533424735069275
3.9499433040618896 0.798309326171875 -0.3582789897918701
3.969942808151245 0.9699645638465881 -0.3633382320404053
3.9837303161621094 1.1448631286621094 -0.3685176372528076
3.991015911102295 1.3228259086608887 -0.3738124370574951
3.991499900817871 1.5036249160766602 -0.3792177438735962
3.9848780632019043 1.6870291233062744 -0.3847249150276184
3.9697163105010986 1.8722132444381714 -0.3902180790901184
3.8978545665740967 2.033731698989868 -0.3908809423446655
3.8196775913238525 2.192655324935913 -0.3915712237358093
3.7282297611236572 2.344299793243408 -0.39154863357543945
3.5795364379882812 2.4569778442382812 -0.3860017657279968
3.429478406906128 2.5627284049987793 -0.3806319236755371
3.278327703475952 2.661698579788208 -0.3754372000694275
3.0253546237945557 2.6650896072387695 -0.358456015586853
2.783130645751953 2.657886505126953 -0.3421504497528076
2.5563082695007324 2.6457788944244385 -0.3270857334136963
2.3436038494110107 2.629413366317749 -0.3131526708602905
2.2061235904693604 2.685131788253784 -0.30896806716918945
2.1114542484283447 2.7915573120117188 -0.3111873269081116
2.0108635425567627 2.8933753967285156 -0.3132655620574951
1.9045684337615967 2.990161895751953 -0.31519365310668945
1.792824387550354 3.0814993381500244 -0.3169606328010559
1.6759122610092163 3.166985034942627 -0.31856220960617065
1.5541561841964722 3.2462360858917236 -0.31998372077941895
1.4279065132141113 3.3188936710357666 -0.3212239742279053
1.2975564002990723 3.384634494781494 -0.32227373123168945
1.155871868133545 3.4205446243286133 -0.3210042119026184
1.0133007764816284 3.4501895904541016 -0.3197017312049866
0.8701737523078918 3.473729133605957 -0.31838154792785645
0.726762592792511 3.4912023544311523 -0.3170467019081116
0.5833395719528198 3.5026590824127197 -0.31569904088974
0.4401591718196869 3.508138418197632 -0.3143428564071655
0.2974734902381897 3.50771427154541 -0.31297993659973145
0.15553805232048035 3.501471519470215 -0.31161272525787354
0.01458781398832798 3.4894917011260986 -0.3102431297302246
-0.1251498907804489 3.47186541557312 -0.3088734745979309
-0.2634489834308624 3.44870662689209 -0.30750811100006104
-0.40009769797325134 3.420121192932129 -0.3061458468437195
-0.5348895192146301 3.3862271308898926 -0.30479204654693604
-0.6676264405250549 3.3471555709838867 -0.3034474849700928
-0.7981227040290833 3.3030333518981934 -0.3021138310432434
-0.9261977672576904 3.2539989948272705 -0.30079424381256104
-1.051681637763977 3.2001936435699463 -0.2994893193244934
-1.1744112968444824 3.141763687133789 -0.2982020974159241
-1.2942363023757935 3.078857660293579 -0.29693377017974854
-1.4110058546066284 3.0116288661956787 -0.2956862449645996
-1.5245901346206665 2.9402334690093994 -0.2944600582122803
-1.6348575353622437 2.864820718765259 -0.2932582497596741
-1.741685390472412 2.7855641841888428 -0.29208147525787354
-1.8449674844741821 2.7026095390319824 -0.29093098640441895
-1.9352911710739136 2.603611707687378 -0.2884230613708496
-2.0171754360198975 2.497438669204712 -0.2854207158088684
-2.093378782272339 2.3885836601257324 -0.282375693321228
-2.163881778717041 2.277416706085205 -0.27930134534835815
-2.228687286376953 2.164311408996582 -0.27620381116867065
-2.2878177165985107 2.0496068000793457 -0.27309101819992065
-2.341317892074585 1.9336426258087158 -0.26997148990631104
-2.3892524242401123 1.8167355060577393 -0.26685506105422974
-2.4316961765289307 1.699191927909851 -0.26374655961990356
-2.4687461853027344 1.581299901008606 -0.26065385341644287
-2.5005054473876953 1.4633251428604126 -0.2575832009315491
-2.5270919799804688 1.3455325365066528 -0.25453877449035645
-2.548633575439453 1.2281534671783447 -0.2515285015106201
-2.5652639865875244 1.1114060878753662 -0.2485554814338684
-2.577119827270508 0.9955074787139893 -0.24562394618988037
-2.584345579147339 0.8806390166282654 -0.24274003505706787
-2.5870935916900635 0.7669669985771179 -0.23990559577941895
-2.585507869720459 0.6546683311462402 -0.2371230125427246
-2.579744577407837 0.5438751578330994 -0.23439902067184448
-2.569953680038452 0.43472662568092346 -0.23173296451568604
-2.5562856197357178 0.3273422420024872 -0.2291274070739746
-2.5388948917388916 0.22182302176952362 -0.22658467292785645
-2.517925500869751 0.11826778948307037 -0.22410845756530762
-2.4935271739959717 0.016764912754297256 -0.2216963768005371
-2.4658384323120117 -0.08259955048561096 -0.2193537950515747
-2.4350078105926514 -0.1797841340303421 -0.21707844734191895
-2.401165246963501 -0.27470847964286804 -0.2148725986480713
-2.364445209503174 -0.36732998490333557 -0.21273767948150635
-2.324981212615967 -0.45759859681129456 -0.21067214012145996
-2.2828922271728516 -0.545482873916626 -0.20867884159088135
-2.238302707672119 -0.6309459209442139 -0.20675623416900635
-2.191333293914795 -0.7139755487442017 -0.20490503311157227
-2.142090082168579 -0.7945269346237183 -0.20312464237213135
-2.0906827449798584 -0.8725938200950623 -0.2014162540435791
-2.0372188091278076 -0.9481624960899353 -0.19977927207946777
-1.9817935228347778 -1.02122163772583 -0.1982131004333496
-1.924508810043335 -1.0917702913284302 -0.1967177391052246
-1.8654533624649048 -1.1597944498062134 -0.19529318809509277
-1.8047150373458862 -1.2252922058105469 -0.1939375400543213
-1.7423795461654663 -1.2882620096206665 -0.19265341758728027
-1.6785272359848022 -1.3487032651901245 -0.1914381980895996
-1.6567559242248535 -1.4445682764053345 -0.19542622566223145
-1.5962220430374146 -1.5089397430419922 -0.1952883005142212
-1.5338873863220215 -1.5715008974075317 -0.19523942470550537
-1.4740750789642334 -1.6370078325271606 -0.19585168361663818
-1.4127752780914307 -1.7018088102340698 -0.19664442539215088
-1.3491829633712769 -1.7650302648544312 -0.19751906394958496
-1.2833068370819092 -1.826623558998108 -0.1984724998474121
-1.2151461839675903 -1.8865269422531128 -0.19950830936431885
-1.144702672958374 -1.9446853399276733 -0.20062577724456787
-1.0655890703201294 -1.9891191720962524 -0.2006239891052246
-0.9839977025985718 -2.0287694931030273 -0.20046770572662354
-0.9019429087638855 -2.067373275756836 -0.20053541660308838
-0.8192888498306274 -2.104999542236328 -0.20082533359527588
-0.735887348651886 -2.1417250633239746 -0.2013411521911621
-0.6515887379646301 -2.177583694458008 -0.20208394527435303
-0.5662418603897095 -2.212636947631836 -0.2030574083328247
-0.4796792268753052 -2.2469375133514404 -0.2042696475982666
-0.39172986149787903 -2.280519962310791 -0.20572340488433838
-0.302219033241272 -2.313434600830078 -0.2074282169342041
-0.21095125377178192 -2.3457202911376953 -0.20939290523529053
-0.11772556602954865 -2.377417802810669 -0.21162736415863037
-0.022317826747894287 -2.4085447788238525 -0.21414625644683838
0.07550324499607086 -2.439154863357544 -0.21696245670318604
0.17600201070308685 -2.469254732131958 -0.2200911045074463
0.27945515513420105 -2.498879909515381 -0.22355306148529053
0.3861664831638336 -2.5280683040618896 -0.22737085819244385
0.49648240208625793 -2.556818723678589 -0.23156511783599854
0.6107697486877441 -2.5851738452911377 -0.23616719245910645
0.7294428944587708 -2.6131391525268555 -0.24120748043060303
0.845278799533844 -2.616917371749878 -0.24449849128723145
0.9618833065032959 -2.6136603355407715 -0.2476094365119934
1.079969882965088 -2.606163501739502 -0.25081318616867065
1.1994209289550781 -2.5942795276641846 -0.25410783290863037
1.3200933933258057 -2.577854633331299 -0.2574922442436218
1.4418458938598633 -2.556720733642578 -0.26096516847610474
1.5645055770874023 -2.530730724334717 -0.264522910118103
1.6878942251205444 -2.4997236728668213 -0.2681630253791809
1.8118090629577637 -2.463562250137329 -0.27188432216644287
1.9360367059707642 -2.42207932472229 -0.27567893266677856
2.0603365898132324 -2.3751444816589355 -0.2795460820198059
2.1844558715820312 -2.32261061668396 -0.2834792137145996
2.286444902420044 -2.243104934692383 -0.2847713232040405
2.3758151531219482 -2.1503236293792725 -0.2848964333534241
2.4626307487487793 -2.054980516433716 -0.2851613163948059
2.5468671321868896 -1.9571020603179932 -0.2855678200721741
2.62850284576416 -1.8566761016845703 -0.2861135005950928
2.7075092792510986 -1.7537121772766113 -0.286800742149353
2.7965645790100098 -1.6557286977767944 -0.28894364833831787
2.8872311115264893 -1.5561809539794922 -0.2916066646575928
2.975675582885742 -1.4526244401931763 -0.2943990230560303
-1.773465871810913 -0.5194458961486816 -0.21160364151000977
-1.7387328147888184 -0.5861329436302185 -0.21010339260101318
-1.7019596099853516 -0.6510382294654846 -0.20865559577941895
-1.6632310152053833 -0.7141369581222534 -0.20726335048675537
-1.6226261854171753 -0.7753742933273315 -0.2059236764907837
-1.5802249908447266 -0.8347420692443848 -0.20463883876800537
-1.5361069440841675 -0.8922011256217957 -0.20340967178344727
-1.4903466701507568 -0.9477323889732361 -0.20223593711853027
-1.4430153369903564 -1.0013062953948975 -0.2011171579360962
-1.3941863775253296 -1.0529118776321411 -0.20005393028259277
-1.3714196681976318 -1.1250852346420288 -0.20311784744262695
-1.3531099557876587 -1.204252004623413 -0.2074141502380371
-1.3093721866607666 -1.2632415294647217 -0.20833265781402588
-1.2573926448822021 -1.314711570739746 -0.20830893516540527
-1.2038413286209106 -1.3645589351654053 -0.20836389064788818
-1.1487468481063843 -1.412750482559204 -0.2084975242614746
-1.0921335220336914 -1.4592735767364502 -0.20870935916900635
-1.0345054864883423 -1.5047900676727295 -0.2090975046157837
-0.977396547794342 -1.5518639087677002 -0.21000444889068604
-0.9184696078300476 -1.5972901582717896 -0.21098101139068604
-0.8577433228492737 -1.6410109996795654 -0.21202528476715088
-0.7952355742454529 -1.6829605102539062 -0.21313989162445068
-0.7309711575508118 -1.723086953163147 -0.21432268619537354
-0.6649774312973022 -1.7613147497177124 -0.21557581424713135
-0.5972785353660583 -1.7975926399230957 -0.21689963340759277
-0.5278976559638977 -1.831834077835083 -0.21829187870025635
-0.4568692743778229 -1.8639816045761108 -0.21975481510162354
-0.38423100113868713 -1.8939615488052368 -0.22128736972808838
-0.3100089132785797 -1.9216949939727783 -0.22288954257965088
-0.23424987494945526 -1.9471100568771362 -0.22456324100494385
-0.1569933295249939 -1.9701170921325684 -0.2263045310974121
-0.07828738540410995 -1.9906405210494995 -0.22811663150787354
0.0018158243037760258 -2.008615493774414 -0.22999835014343262
0.08326265215873718 -2.02392578125 -0.23194843530654907
0.16598930954933167 -2.0365164279937744 -0.23396623134613037
0.2499333620071411 -2.046281337738037 -0.23605304956436157
0.33502209186553955 -2.0531320571899414 -0.23820513486862183
0.42117857933044434 -2.056990385055542 -0.24042439460754395
0.5083132982254028 -2.057765483856201 -0.24270892143249512
0.5963389873504639 -2.0553534030914307 -0.24505573511123657
0.6851541996002197 -2.049687623977661 -0.24746662378311157
0.7746589183807373 -2.0406508445739746 -0.24993669986724854
0.8647297620773315 -2.028179407119751 -0.2524654269218445
0.955249011516571 -2.0121755599975586 -0.2550508379936218
1.046083927154541 -1.992554783821106 -0.2576906085014343
1.137091875076294 -1.9692378044128418 -0.2603810429573059
1.228122353553772 -1.942155361175537 -0.26312094926834106
1.3190176486968994 -1.911225438117981 -0.2659047245979309
1.4096064567565918 -1.8763904571533203 -0.2687312960624695
1.499711036682129 -1.8375799655914307 -0.27159440517425537
1.5891412496566772 -1.794740080833435 -0.2744905352592468
1.6776942014694214 -1.7478340864181519 -0.2774159908294678
1.7651678323745728 -1.6968218088150024 -0.2803645730018616
1.8513388633728027 -1.6416813135147095 -0.2833302617073059
1.9359827041625977 -1.5823838710784912 -0.286310613155365
2.0188632011413574 -1.518947958946228 -0.28929585218429565
2.0997307300567627 -1.4513899087905884 -0.29227983951568604
2.178344964981079 -1.3797118663787842 -0.2952571511268616
2.254444122314453 -1.3039823770523071 -0.2982179522514343
2.3277652263641357 -1.2242457866668701 -0.3011586666107178
2.398040771484375 -1.140596628189087 -0.3040669560432434
2.46500825881958 -1.0531145334243774 -0.30693864822387695
2.5283966064453125 -0.9619317054748535 -0.30976277589797974
2.5879335403442383 -0.8671923875808716 -0.31252825260162354
2.650643825531006 -0.7711665630340576 -0.31609880924224854
2.7035231590270996 -0.6699317693710327 -0.31893205642700195
2.7533328533172607 -0.5658609867095947 -0.32186174392700195
2.7999274730682373 -0.4589911699295044 -0.32488787174224854
2.8431556224823 -0.34938162565231323 -0.32800614833831787
2.8828601837158203 -0.23710191249847412 -0.3312184810638428
2.918887138366699 -0.12222637236118317 -0.33452290296554565
2.951068878173828 -0.004834095016121864 -0.3379146456718445
2.9792423248291016 0.11497129499912262 -0.34139484167099
3.003241777420044 0.23710228502750397 -0.34495866298675537
3.0228943824768066 0.36142247915267944 -0.3486049175262451
3.038032054901123 0.48780590295791626 -0.35232865810394287
3.0484814643859863 0.6161161661148071 -0.3561275005340576
3.0540730953216553 0.7461926341056824 -0.3599965572357178
3.0546350479125977 0.8778597116470337 -0.36393147706985474
3.0500009059906006 1.0109249353408813 -0.36792683601379395
3.0400075912475586 1.1451915502548218 -0.3719789385795593
3.024491310119629 1.2804393768310547 -0.3760793209075928
2.9922192096710205 1.4112027883529663 -0.3788197636604309
2.949727773666382 1.5390403270721436 -0.3809725046157837
2.900053024291992 1.6647483110427856 -0.38289570808410645
2.7896406650543213 1.7541190385818481 -0.3773311376571655
2.621441602706909 1.7993485927581787 -0.36407792568206787
2.4588892459869385 1.837440848350525 -0.3514857888221741
2.301981210708618 1.8689955472946167 -0.33953022956848145
2.1506593227386475 1.8945531845092773 -0.3281886577606201
2.004835844039917 1.9146177768707275 -0.3174336552619934
1.864394187927246 1.9296482801437378 -0.3072407841682434
1.7292028665542603 1.9400835037231445 -0.29758381843566895
1.5991051197052002 1.9463164806365967 -0.2884383201599121
1.523979663848877 2.0148582458496094 -0.28927451372146606
1.448685884475708 2.0844762325286865 -0.2906672954559326
1.3697526454925537 2.150500535964966 -0.29195332527160645
1.2873575687408447 2.2127089500427246 -0.29312944412231445
1.201698899269104 2.270859718322754 -0.2941908836364746
1.1129869222640991 2.324747085571289 -0.295132040977478
1.0214521884918213 2.37416934967041 -0.2959505319595337
0.9273439049720764 2.4189515113830566 -0.2966408133506775
0.8309178352355957 2.4589152336120605 -0.2972017526626587
0.7324535250663757 2.493929862976074 -0.29763078689575195
0.6322281956672668 2.523850202560425 -0.29792559146881104
0.5305395722389221 2.5485899448394775 -0.29808366298675537
0.42769017815589905 2.568060874938965 -0.2981075048446655
0.3239828944206238 2.582202672958374 -0.29799580574035645
0.2197304666042328 2.5909838676452637 -0.2977461814880371
0.11524611711502075 2.5943801403045654 -0.2973647117614746
0.010838156566023827 2.5924158096313477 -0.29684895277023315
-0.09318489581346512 2.5851070880889893 -0.29620134830474854
-0.19651789963245392 2.5725245475769043 -0.2954268455505371
-0.29886290431022644 2.554752826690674 -0.2945277690887451
-0.39993250370025635 2.531863212585449 -0.2935078740119934
-0.4994503855705261 2.5040056705474854 -0.29237139225006104
-0.5971488356590271 2.4712982177734375 -0.2911220192909241
-0.6927732229232788 2.433907985687256 -0.2897658348083496
-0.7860828042030334 2.3919925689697266 -0.28830766677856445
-0.8768538236618042 2.3457446098327637 -0.2867543697357178
-0.96487957239151 2.2953600883483887 -0.28510820865631104
-1.0499680042266846 2.2410340309143066 -0.2833797335624695
-1.1319444179534912 2.182999849319458 -0.2815718650817871
-1.2106496095657349 2.1214747428894043 -0.2796931862831116
-1.28594970703125 2.056680679321289 -0.27774739265441895
-1.3577173948287964 1.9888644218444824 -0.2757430076599121
-1.4258520603179932 1.9182592630386353 -0.2736842632293701
-1.4902657270431519 1.8450802564620972 -0.27157914638519287
-1.5508838891983032 1.7695893049240112 -0.2694332003593445
-1.6076546907424927 1.6920130252838135 -0.2672536373138428
-1.6605361700057983 1.6125726699829102 -0.2650447487831116
-1.70950448513031 1.5315046310424805 -0.2628133296966553
-1.7545465230941772 1.4490396976470947 -0.2605641484260559
-1.7956634759902954 1.3653805255889893 -0.2583034038543701
-1.8328657150268555 1.2807469367980957 -0.25603532791137695
-1.8661799430847168 1.1953387260437012 -0.2537654638290405
-1.8956398963928223 1.1093496084213257 -0.25149857997894287
-1.9212896823883057 1.0229748487472534 -0.24923968315124512
-1.9431744813919067 0.9363950490951538 -0.24699175357818604
-1.9613615274429321 0.84976726770401 -0.24475908279418945
-1.9759109020233154 0.7632709741592407 -0.24254655838012695
-1.986895203590393 0.6770492196083069 -0.24035662412643433
-1.9943901300430298 0.5912609100341797 -0.23819291591644287
-1.9984760284423828 0.506027102470398 -0.2360585331916809
-1.9992395639419556 0.4214898347854614 -0.23395711183547974
-1.9967607259750366 0.3377700746059418 -0.2318892478942871
-1.9911341667175293 0.254976361989975 -0.22985804080963135
-1.9824496507644653 0.17320431768894196 -0.22786641120910645
-1.970800518989563 0.09256993234157562 -0.22591638565063477
-1.9562770128250122 0.013153566047549248 -0.22401022911071777
-1.9389718770980835 -0.06495620310306549 -0.22214865684509277
-1.9189791679382324 -0.1416822075843811 -0.22033286094665527
-1.8963901996612549 -0.21696333587169647 -0.21856462955474854
-1.8713006973266602 -0.2907143235206604 -0.21684527397155762
-1.8437995910644531 -0.3628939986228943 -0.21517598628997803
-1.8139753341674805 -0.43343794345855713 -0.21355795860290527
-1.7819174528121948 -0.5023010969161987 -0.2119917869567871
-1.7477138042449951 -0.5694307684898376 -0.21047747135162354
-1.7114490270614624 -0.6347944736480713 -0.2090163230895996
-1.6732062101364136 -0.6983522176742554 -0.2076094150543213
-1.6330687999725342 -0.7600639462471008 -0.20625746250152588
-1.5911141633987427 -0.8199025988578796 -0.20495867729187012
-1.5474238395690918 -0.8778517842292786 -0.20371603965759277
-1.502071499824524 -0.9338732957839966 -0.20252764225006104
-1.455129623413086 -0.9879449605941772 -0.20139479637145996
-1.4066754579544067 -1.040055274963379 -0.2003176212310791
-1.3756496906280518 -1.1053386926651 -0.20206868648529053
-1.3579803705215454 -1.1840505599975586 -0.20630395412445068
-1.3222696781158447 -1.2499686479568481 -0.20835041999816895
-1.2706856727600098 -1.301845669746399 -0.2083064317703247
-1.217528223991394 -1.3521003723144531 -0.20834314823150635
-1.1628246307373047 -1.400719404220581 -0.2084566354751587
-1.1065932512283325 -1.4476641416549683 -0.20864832401275635
-1.0488585233688354 -1.492914080619812 -0.20891928672790527
-0.9920123219490051 -1.5401102304458618 -0.20976769924163818
-0.9335431456565857 -1.5859624147415161 -0.21072709560394287
-0.8732705116271973 -1.630117654800415 -0.21175432205200195
-0.8112108111381531 -1.6725220680236816 -0.2128511667251587
-0.7473908066749573 -1.7131197452545166 -0.21401751041412354
-0.6818307638168335 -1.7518327236175537 -0.21525347232818604
-0.6145594716072083 -1.7886046171188354 -0.21655786037445068
-0.545602023601532 -1.8233720064163208 -0.21793293952941895
-0.47498834133148193 -1.8560512065887451 -0.21937823295593262
-0.40275248885154724 -1.8865886926651 -0.22089314460754395
-0.3289264440536499 -1.9148962497711182 -0.22247827053070068
-0.2535524368286133 -1.9409034252166748 -0.22413229942321777
-0.17666971683502197 -1.9645243883132935 -0.22585713863372803
-0.09832767397165298 -1.9856945276260376 -0.22765100002288818
-0.0185745470225811 -2.004315137863159 -0.22951436042785645
0.06253887712955475 -2.0203099250793457 -0.23144853115081787
0.14495006203651428 -2.0335919857025146 -0.2334492802619934
0.22859396040439606 -2.0440785884857178 -0.23551899194717407
0.31339898705482483 -2.0516855716705322 -0.23765522241592407
0.39929160475730896 -2.0563082695007324 -0.23985737562179565
0.4861866235733032 -2.0578677654266357 -0.24212485551834106
0.5739961266517639 -2.0562684535980225 -0.24445700645446777
0.6626228094100952 -2.0514326095581055 -0.24685019254684448
0.7519627809524536 -2.043257236480713 -0.24930745363235474
0.8419011831283569 -2.031665802001953 -0.2518208622932434
0.9323209524154663 -2.016552448272705 -0.254391074180603
1.0230860710144043 -1.9978631734848022 -0.2570186257362366
1.1140639781951904 -1.97549307346344 -0.25969624519348145
1.2051044702529907 -1.9493658542633057 -0.2624232769012451
1.2960498332977295 -1.919414758682251 -0.26519614458084106
1.3867337703704834 -1.8855715990066528 -0.26801228523254395
1.4769781827926636 -1.8477731943130493 -0.27086687088012695
1.5665974617004395 -1.8059515953063965 -0.27375566959381104
1.6553895473480225 -1.7600855827331543 -0.2766737937927246
1.743157982826233 -1.7101125717163086 -0.2796168923377991
1.8296785354614258 -1.6560148000717163 -0.2825789451599121
1.9147300720214844 -1.5977754592895508 -0.28555619716644287
1.998077154159546 -1.5353899002075195 -0.2885396480560303
2.0794801712036133 -1.4688688516616821 -0.2915254831314087
2.1586880683898926 -1.3982279300689697 -0.2945058345794678
2.2354462146759033 -1.3235211372375488 -0.2974715232849121
2.3094940185546875 -1.2447898387908936 -0.3004176616668701
2.3805696964263916 -1.1621140241622925 -0.3033357858657837
-1.4721108675003052 -0.431174635887146 -0.2151423692703247
-1.4450197219848633 -0.48711925745010376 -0.21387410163879395
-1.4161087274551392 -0.541697084903717 -0.21264910697937012
-1.3854361772537231 -0.594857394695282 -0.21146631240844727
-1.3530752658843994 -0.6465739607810974 -0.2103273868560791
-1.3190834522247314 -0.696800172328949 -0.20923173427581787
-1.2835298776626587 -0.7454990148544312 -0.2081819772720337
-1.2464756965637207 -0.7926502823829651 -0.20717668533325195
-1.2079824209213257 -0.8382183909416199 -0.20621728897094727
-1.1792497634887695 -0.890585720539093 -0.2072615623474121
-1.162235975265503 -0.9534762501716614 -0.21084368228912354
-1.143031120300293 -1.017280101776123 -0.21461081504821777
-1.1166315078735352 -1.0772879123687744 -0.21761560440063477
-1.0723209381103516 -1.121204137802124 -0.21759474277496338
-1.0266112089157104 -1.1636651754379272 -0.21764302253723145
-0.9795340895652771 -1.2046494483947754 -0.21776258945465088
-0.9311220049858093 -1.244134783744812 -0.21795129776000977
-0.8813974261283875 -1.282077670097351 -0.21820998191833496
-0.8303911685943604 -1.3184524774551392 -0.2185378074645996
-0.7781338691711426 -1.3532377481460571 -0.21893632411956787
-0.7246521711349487 -1.3863812685012817 -0.21940577030181885
-0.6699743866920471 -1.4178696870803833 -0.21994459629058838
-0.614931046962738 -1.4495478868484497 -0.2208418846130371
-0.5588944554328918 -1.4803357124328613 -0.22192704677581787
-0.5015046000480652 -1.509344220161438 -0.2230696678161621
-0.44279396533966064 -1.5365161895751953 -0.22427141666412354
-0.38280045986175537 -1.5617938041687012 -0.2255312204360962
-0.32157406210899353 -1.5851200819015503 -0.22684717178344727
-0.2591519355773926 -1.6064332723617554 -0.22822046279907227
-0.19557857513427734 -1.6256738901138306 -0.22964990139007568
-0.1309087872505188 -1.6427801847457886 -0.23113608360290527
-0.06519440561532974 -1.6576954126358032 -0.23267722129821777
0.0015096771530807018 -1.6703537702560425 -0.2342732548713684
0.06914116442203522 -1.6806925535202026 -0.2359224557876587
0.13763703405857086 -1.6886522769927979 -0.23762470483779907
0.20692823827266693 -1.694164514541626 -0.23937946557998657
0.27693817019462585 -1.6971752643585205 -0.24118363857269287
0.34759461879730225 -1.6976271867752075 -0.24303793907165527
0.41881272196769714 -1.6954487562179565 -0.2449404001235962
0.49050527811050415 -1.690579891204834 -0.2468886375427246
0.5625774264335632 -1.6829743385314941 -0.24888265132904053
0.6349323391914368 -1.6725775003433228 -0.25091874599456787
0.7074664831161499 -1.6593221426010132 -0.2529970407485962
0.7800717949867249 -1.6431708335876465 -0.2551118731498718
0.8526300191879272 -1.6240730285644531 -0.2572646141052246
0.9250215888023376 -1.601969599723816 -0.25944966077804565
0.9971190690994263 -1.5768464803695679 -0.26166462898254395
1.0687882900238037 -1.5486500263214111 -0.2639095187187195
1.1398942470550537 -1.5173646211624146 -0.2661769390106201
1.210290551185608 -1.4829531908035278 -0.2684657573699951
1.2798271179199219 -1.4454089403152466 -0.2707722783088684
1.3483484983444214 -1.4047203063964844 -0.27309101819992065
1.415696144104004 -1.3608828783035278 -0.27541887760162354
1.4817010164260864 -1.3139053583145142 -0.2777516841888428
1.546201467514038 -1.263798475265503 -0.28008317947387695
1.6090137958526611 -1.2105952501296997 -0.2824110984802246
1.6699711084365845 -1.154328465461731 -0.28472739458084106
1.7288917303085327 -1.0950396060943604 -0.2870296239852905
1.7855902910232544 -1.0327965021133423 -0.28930985927581787
1.8415746688842773 -0.9685429930686951 -0.29183125495910645
1.8983662128448486 -0.9029300212860107 -0.2948353886604309
1.95296311378479 -0.8343605399131775 -0.29786092042922974
2.0051825046539307 -0.7628796100616455 -0.300899863243103
2.054839849472046 -0.6885516047477722 -0.30394792556762695
2.101743459701538 -0.6114663481712341 -0.30699849128723145
2.1457066535949707 -0.5317109823226929 -0.3100447654724121
2.186537981033325 -0.449375718832016 -0.3130794167518616
2.224050283432007 -0.3645862936973572 -0.3160945773124695
2.25805401802063 -0.2774799168109894 -0.3190816044807434
2.2883646488189697 -0.18821415305137634 -0.3220363259315491
2.3148021697998047 -0.09692798554897308 -0.32494401931762695
2.337193012237549 -0.0038240356370806694 -0.3278005123138428
2.3553709983825684 0.09090139716863632 -0.3305952548980713
2.369176149368286 0.18703925609588623 -0.33331990242004395
2.3784635066986084 0.28437331318855286 -0.3359639644622803
2.3831005096435547 0.3826462924480438 -0.33851945400238037
2.382967472076416 0.4816174805164337 -0.3409779667854309
2.3779571056365967 0.5809971690177917 -0.3433278203010559
2.3679840564727783 0.6805222630500793 -0.3455617427825928
2.352982521057129 0.7798988223075867 -0.34766924381256104
2.3329005241394043 0.8788217902183533 -0.34964436292648315
2.3077123165130615 0.9769854545593262 -0.3514760136604309
2.2774198055267334 1.0740855932235718 -0.35315752029418945
2.242036819458008 1.1697969436645508 -0.35468220710754395
2.200530529022217 1.2631975412368774 -0.35586869716644287
2.090636968612671 1.3145873546600342 -0.3463704586029053
1.9820255041122437 1.3604531288146973 -0.33717119693756104
1.8749436140060425 1.4010872840881348 -0.3282771706581116
1.7695908546447754 1.436745524406433 -0.31969499588012695
1.6661388874053955 1.4677321910858154 -0.31142109632492065
1.5647190809249878 1.494304895401001 -0.3034566044807434
1.4654401540756226 1.516729712486267 -0.2957979440689087
1.368377447128296 1.5352522134780884 -0.28844135999679565
1.273594856262207 1.5501283407211304 -0.28138017654418945
1.1907490491867065 1.5742971897125244 -0.2768452763557434
1.130728006362915 1.6269725561141968 -0.2778865694999695
1.0680809020996094 1.6768823862075806 -0.2788441777229309
1.0029433965682983 1.7238556146621704 -0.2797200679779053
0.9354614615440369 1.7677464485168457 -0.2805073857307434
0.8657904863357544 1.8084183931350708 -0.2812056541442871
0.7940993905067444 1.8457326889038086 -0.28181231021881104
0.7205615043640137 1.8795654773712158 -0.2823231816291809
0.6453636288642883 1.9098089933395386 -0.28273820877075195
0.5687034726142883 1.9363731145858765 -0.28305500745773315
0.4907782971858978 1.9591834545135498 -0.28327107429504395
0.41179224848747253 1.9781523942947388 -0.28338944911956787
0.33195552229881287 1.9932221174240112 -0.2834065556526184
0.25148507952690125 2.004369020462036 -0.28332358598709106
0.17059285938739777 2.0115582942962646 -0.2831416726112366
0.08949895203113556 2.0147767066955566 -0.2828572392463684
0.008419232442975044 2.014024257659912 -0.2824770212173462
-0.07243013381958008 2.009331226348877 -0.2819978594779968
-0.15283778309822083 2.000714063644409 -0.28142476081848145
-0.23258920013904572 1.9882383346557617 -0.280758261680603
-0.3114897906780243 1.9719429016113281 -0.2800002098083496
-0.3893316090106964 1.9519150257110596 -0.2791554927825928
-0.46592777967453003 1.9282374382019043 -0.278225302696228
-0.5410911440849304 1.9010050296783447 -0.27721333503723145
-0.6146472096443176 1.8703306913375854 -0.2761226296424866
-0.6864283084869385 1.8363286256790161 -0.2749568819999695
-0.7562800645828247 1.7991238832473755 -0.27372151613235474
-0.8240540623664856 1.7588574886322021 -0.2724177837371826
-0.8896130323410034 1.7156617641448975 -0.271051824092865
-0.9528334736824036 1.6696867942810059 -0.2696278691291809
-1.0135977268218994 1.6210999488830566 -0.26814961433410645
-1.071805477142334 1.5700405836105347 -0.2666218876838684
-1.127363681793213 1.5166842937469482 -0.26504838466644287
-1.1801915168762207 1.4611825942993164 -0.2634340524673462
-1.2302196025848389 1.4037041664123535 -0.26178300380706787
-1.2773913145065308 1.3444128036499023 -0.26009970903396606
-1.3216508626937866 1.283480167388916 -0.258388876914978
-1.3629671335220337 1.2210557460784912 -0.2566554546356201
-1.4013104438781738 1.1573047637939453 -0.2549006938934326
-1.4366599321365356 1.0924018621444702 -0.25313127040863037
-1.4690033197402954 1.0264924764633179 -0.2513490915298462
-1.4983417987823486 0.9597248435020447 -0.24956071376800537
-1.5246784687042236 0.8922628164291382 -0.24776816368103027
-1.5480279922485352 0.8242337703704834 -0.24597430229187012
-1.5684115886688232 0.7557938694953918 -0.24418413639068604
-1.5858526229858398 0.6870798468589783 -0.24239951372146606
-1.600386619567871 0.6182118654251099 -0.24062460660934448
-1.6120506525039673 0.5493216514587402 -0.2388625144958496
-1.6208851337432861 0.48052242398262024 -0.23711442947387695
-1.6269367933273315 0.4119519591331482 -0.23538470268249512
-1.630254864692688 0.34369781613349915 -0.23367571830749512
-1.6308951377868652 0.2758801579475403 -0.23198813199996948
-1.6289141178131104 0.20858807861804962 -0.23032736778259277
-1.624369502067566 0.14191876351833344 -0.22869157791137695
-1.6173239946365356 0.07597032934427261 -0.22708451747894287
-1.607839584350586 0.010809640400111675 -0.2255098819732666
-1.5959792137145996 -0.05346507951617241 -0.2239668369293213
-1.5818102359771729 -0.11678976565599442 -0.2224581241607666
-1.5653975009918213 -0.1790892481803894 -0.22098469734191895
-1.546810269355774 -0.24030683934688568 -0.21954858303070068
-1.5261144638061523 -0.3003709614276886 -0.21814894676208496
-1.5033771991729736 -0.3592253625392914 -0.21678972244262695
-1.4786648750305176 -0.41681793332099915 -0.2154695987701416
-1.4520478248596191 -0.4730994999408722 -0.21419084072113037
-1.4235891103744507 -0.528018593788147 -0.21295487880706787
-1.3933558464050293 -0.5815500020980835 -0.21176111698150635
-1.3614141941070557 -0.6336339712142944 -0.21061182022094727
-1.3278300762176514 -0.6842375993728638 -0.2095046043395996
-1.2926661968231201 -0.7333291172981262 -0.20844316482543945
-1.2559854984283447 -0.7808725237846375 -0.2074263095855713
-1.2178516387939453 -0.8268470764160156 -0.20645582675933838
-1.1832162141799927 -0.8748329877853394 -0.2063838243484497
-1.166741132736206 -0.9374794960021973 -0.20992028713226318
-1.1481008529663086 -1.001057505607605 -0.2136397361755371
-1.1271919012069702 -1.0655605792999268 -0.21754968166351318
-1.0836586952209473 -1.1102313995361328 -0.21759295463562012
-1.0383001565933228 -1.1530656814575195 -0.21762526035308838
-0.9915699362754822 -1.1944279670715332 -0.21772539615631104
-0.9434899091720581 -1.2342939376831055 -0.2178969383239746
-0.8940949440002441 -1.272629976272583 -0.21813738346099854
-0.8434103727340698 -1.309407353401184 -0.21844804286956787
-0.7914652228355408 -1.3445852994918823 -0.21882951259613037
-0.7382912039756775 -1.3781534433364868 -0.21928000450134277
-0.6839130520820618 -1.4100642204284668 -0.2198011875152588
-0.6288855075836182 -1.4414864778518677 -0.22057700157165527
-0.5731955170631409 -1.472718358039856 -0.22164690494537354
-0.5161435604095459 -1.502180576324463 -0.22277605533599854
-0.4577634930610657 -1.5298233032226562 -0.2239619493484497
-0.39809370040893555 -1.555580735206604 -0.22520709037780762
-0.33717504143714905 -1.5794095993041992 -0.22650837898254395
-0.27504757046699524 -1.601227879524231 -0.22786760330200195
-0.21176180243492126 -1.6210061311721802 -0.22928369045257568
-0.14736557006835938 -1.6386529207229614 -0.23075520992279053
-0.08190935850143433 -1.6541389226913452 -0.23228228092193604
-0.015451351180672646 -1.6673704385757446 -0.23386555910110474
0.05195162445306778 -1.678301453590393 -0.23550009727478027
0.12023547291755676 -1.68686842918396 -0.23718953132629395
0.1893312931060791 -1.6930067539215088 -0.23893022537231445
0.25916773080825806 -1.6966558694839478 -0.24072223901748657
0.3296695649623871 -1.6977537870407104 -0.24256491661071777
0.40075376629829407 -1.6962488889694214 -0.24445515871047974
0.4723319113254547 -1.692072868347168 -0.24639177322387695
0.5443167686462402 -1.6851656436920166 -0.24837422370910645
0.6166114807128906 -1.6754724979400635 -0.25039994716644287
0.6891100406646729 -1.6629492044448853 -0.25246661901474
0.7617067098617554 -1.6475354433059692 -0.2545735836029053
0.8342896699905396 -1.629173994064331 -0.2567164897918701
0.9067325592041016 -1.6078393459320068 -0.25889360904693604
0.9789158701896667 -1.5834921598434448 -0.2611019015312195
1.0507100820541382 -1.5560754537582397 -0.26333940029144287
1.121970534324646 -1.525567889213562 -0.26560139656066895
1.192561149597168 -1.4919500350952148 -0.2678859233856201
1.2623323202133179 -1.4551959037780762 -0.2701869606971741
1.3311206102371216 -1.415311574935913 -0.2725032567977905
1.3987820148468018 -1.3722683191299438 -0.27482926845550537
1.4651429653167725 -1.3260819911956787 -0.2771608233451843
1.5300393104553223 -1.2767661809921265 -0.27949362993240356
1.5932954549789429 -1.224344253540039 -0.28182268142700195
1.6547393798828125 -1.1688480377197266 -0.2841426730155945
1.7141897678375244 -1.1103187799453735 -0.2864491939544678
1.7714704275131226 -1.0488107204437256 -0.28873616456985474
1.8268829584121704 -0.9846645593643188 -0.29107505083084106
1.8842030763626099 -0.9198070168495178 -0.2940737009048462
-1.256993055343628 -0.3681676685810089 -0.21766924858093262
-1.234926462173462 -0.41629818081855774 -0.21657311916351318
-1.2112243175506592 -0.4633205533027649 -0.21551108360290527
-1.1859463453292847 -0.5092034339904785 -0.21448564529418945
-1.1591417789459229 -0.5539019703865051 -0.2134944200515747
-1.1308685541152954 -0.5973771810531616 -0.21254289150238037
-1.1011745929718018 -0.6395846605300903 -0.21162736415863037
-1.070119857788086 -0.6805045008659363 -0.21075034141540527
-1.0397377014160156 -0.7214763760566711 -0.2103133201599121
-1.024538278579712 -0.7737485766410828 -0.21336328983306885
-1.007473111152649 -0.8265110850334167 -0.2165590524673462
-0.9884728193283081 -0.8797309398651123 -0.21990561485290527
-0.9674652218818665 -0.9333800077438354 -0.2234053611755371
-0.93388432264328 -0.9764551520347595 -0.22453999519348145
-0.8940482139587402 -1.0134025812149048 -0.22458398342132568
-0.8529919981956482 -1.049026370048523 -0.22469079494476318
-0.8107426762580872 -1.0832862854003906 -0.22486042976379395
-0.7673292756080627 -1.1161530017852783 -0.22509360313415527
-0.7227837443351746 -1.147600769996643 -0.2253878116607666
-0.6771382689476013 -1.1775959730148315 -0.22574543952941895
-0.6304228901863098 -1.2061049938201904 -0.22616541385650635
-0.5826688408851624 -1.2330987453460693 -0.22664880752563477
-0.5339071750640869 -1.2585475444793701 -0.22719502449035645
-0.48417413234710693 -1.28242826461792 -0.22780358791351318
-0.43350276350975037 -1.3046879768371582 -0.22847497463226318
-0.38192734122276306 -1.3253077268600464 -0.22920918464660645
-0.3294821083545685 -1.3442500829696655 -0.23000568151474
-0.2762115001678467 -1.3615134954452515 -0.23087239265441895
-0.2224026322364807 -1.3786433935165405 -0.2320723533630371
-0.16769897937774658 -1.3939179182052612 -0.23331868648529053
-0.1121433824300766 -1.4072932004928589 -0.23461198806762695
-0.05579587444663048 -1.4187146425247192 -0.23595112562179565
0.0012894519604742527 -1.4281362295150757 -0.23733478784561157
0.05905470252037048 -1.4355075359344482 -0.23876118659973145
0.11743215471506119 -1.4407877922058105 -0.24023211002349854
0.17636215686798096 -1.4439300298690796 -0.24174273014068604
0.23577047884464264 -1.444892168045044 -0.24329549074172974
0.29558587074279785 -1.4436171054840088 -0.24488484859466553
0.3557310402393341 -1.440077781677246 -0.24651265144348145
0.41612693667411804 -1.4342271089553833 -0.24817830324172974
0.4766841530799866 -1.4260355234146118 -0.24987566471099854
0.5373215079307556 -1.4154518842697144 -0.25160539150238037
0.5979461073875427 -1.4024497270584106 -0.25336629152297974
0.6584582328796387 -1.3869975805282593 -0.255154013633728
0.718758761882782 -1.3690752983093262 -0.2569692134857178
0.7787460684776306 -1.3486511707305908 -0.2588069438934326
0.8383101224899292 -1.3257068395614624 -0.2606654763221741
0.8973402380943298 -1.3002318143844604 -0.26254111528396606
0.955721378326416 -1.2722070217132568 -0.26443320512771606
1.0133358240127563 -1.2416285276412964 -0.2663381099700928
1.0700619220733643 -1.20850670337677 -0.2682490944862366
1.1257725954055786 -1.1728395223617554 -0.2701680660247803
1.1803414821624756 -1.1346408128738403 -0.2720882296562195
1.2336857318878174 -1.0939751863479614 -0.2740175127983093
1.2875512838363647 -1.0523871183395386 -0.2763533592224121
1.3402036428451538 -1.0083463191986084 -0.27872151136398315
1.3915191888809204 -0.9618553519248962 -0.2811177372932434
1.4413726329803467 -0.9129319787025452 -0.2835389971733093
1.4896321296691895 -0.86160808801651 -0.2859828472137451
1.5361676216125488 -0.8079160451889038 -0.28844135999679565
1.5808415412902832 -0.7519022226333618 -0.2909151315689087
1.6235203742980957 -0.6936020851135254 -0.2933955788612366
1.6640660762786865 -0.6330969333648682 -0.29588091373443604
1.7023398876190186 -0.5704447031021118 -0.29836505651474
1.7382071018218994 -0.505699872970581 -0.30084067583084106
1.7715263366699219 -0.438982218503952 -0.3033052682876587
1.8021621704101562 -0.370369553565979 -0.3057515621185303
1.8299800157546997 -0.29999056458473206 -0.30817586183547974
1.854851484298706 -0.227932408452034 -0.3105672001838684
1.8766494989395142 -0.1543446034193039 -0.31292498111724854
1.89525306224823 -0.07935477793216705 -0.31523823738098145
1.910537838935852 -0.003132474608719349 -0.31750327348709106
1.9224045276641846 0.07419047504663467 -0.3197133541107178
1.9307478666305542 0.15242885053157806 -0.3218599557876587
1.9354771375656128 0.23140637576580048 -0.32393878698349
1.9365074634552002 0.3109416663646698 -0.32594072818756104
1.9337652921676636 0.39082759618759155 -0.3278602957725525
1.9271984100341797 0.4708723723888397 -0.3296926021575928
1.9167523384094238 0.550845742225647 -0.33142781257629395
1.9023945331573486 0.6305478811264038 -0.333063542842865
1.884110450744629 0.7097601294517517 -0.3345906734466553
1.861892819404602 0.7882465124130249 -0.33600544929504395
1.835754632949829 0.8657905459403992 -0.3373005986213684
1.805720567703247 0.9421460032463074 -0.33847367763519287
1.7474498748779297 1.003111481666565 -0.33484578132629395
1.6693564653396606 1.0496869087219238 -0.3277089595794678
1.5911483764648438 1.0921576023101807 -0.32072222232818604
1.5130528211593628 1.1306531429290771 -0.31389665603637695
1.4352779388427734 1.1653146743774414 -0.30724018812179565
1.3580082654953003 1.1962958574295044 -0.30075883865356445
1.281406283378601 1.223743200302124 -0.2944600582122803
1.205611228942871 1.2478076219558716 -0.2883449196815491
1.1307473182678223 1.2686433792114258 -0.2824196219444275
1.0569167137145996 1.2864011526107788 -0.2766823172569275
0.984211266040802 1.3012336492538452 -0.2711348533630371
0.9260324239730835 1.332446575164795 -0.26965653896331787
0.874179482460022 1.3724572658538818 -0.27041947841644287
0.8204007148742676 1.4101070165634155 -0.271112859249115
0.7648079991340637 1.4452643394470215 -0.27173787355422974
0.7075240612030029 1.4778424501419067 -0.2722896337509155
0.6486833691596985 1.5077366828918457 -0.27276933193206787
0.5884150266647339 1.5348666906356812 -0.2731740474700928
0.5268682241439819 1.5591480731964111 -0.27350175380706787
0.46418607234954834 1.5805132389068604 -0.27375203371047974
0.40052729845046997 1.598899483680725 -0.273922324180603
0.3360404372215271 1.6142573356628418 -0.27401572465896606
0.2708873152732849 1.6265352964401245 -0.27403032779693604
0.2052305042743683 1.6357239484786987 -0.27396440505981445
0.13923296332359314 1.6417827606201172 -0.2738185524940491
0.0730605497956276 1.6447138786315918 -0.2735951542854309
0.006873053498566151 1.644504427909851 -0.2732961177825928
-0.059159472584724426 1.6411828994750977 -0.27291643619537354
-0.12488006055355072 1.6347603797912598 -0.2724635601043701
-0.19012975692749023 1.6252636909484863 -0.2719356417655945
-0.2547479271888733 1.6127420663833618 -0.27133500576019287
-0.3185858428478241 1.5972436666488647 -0.2706654667854309
-0.38149571418762207 1.5788167715072632 -0.26992636919021606
-0.44333168864250183 1.557548999786377 -0.26912248134613037
-0.5039579272270203 1.5335062742233276 -0.2682545781135559
-0.5632388591766357 1.5067782402038574 -0.2673250436782837
-0.6210583448410034 1.4774349927902222 -0.2663381099700928
-0.6772876977920532 1.4455986022949219 -0.26529622077941895
-0.7318241000175476 1.411361575126648 -0.2642018795013428
-0.784561812877655 1.374822974205017 -0.26305925846099854
-0.8354057669639587 1.3361040353775024 -0.2618709206581116
-0.884265124797821 1.2953226566314697 -0.26063984632492065
-0.9310635328292847 1.2525957822799683 -0.2593684792518616
-0.9757278561592102 1.2080411911010742 -0.2580629587173462
-1.0181936025619507 1.161781907081604 -0.2567250728607178
-1.0584079027175903 1.113939881324768 -0.2553560137748718
-1.0963174104690552 1.0646519660949707 -0.2539632320404053
-1.131885051727295 1.0140316486358643 -0.2525478005409241
-1.1650769710540771 0.9622121453285217 -0.25111228227615356
-1.195866584777832 0.909304678440094 -0.24966204166412354
-1.2242329120635986 0.8554530143737793 -0.24819719791412354
-1.250165581703186 0.8007639050483704 -0.24672257900238037
-1.2736543416976929 0.7453598976135254 -0.24524247646331787
-1.294703483581543 0.689354658126831 -0.24375873804092407
-1.3133153915405273 0.6328731179237366 -0.24227255582809448
-1.3295018672943115 0.5760071277618408 -0.2407887578010559
-1.343275785446167 0.5188876986503601 -0.2393086552619934
-1.3546591997146606 0.4616124927997589 -0.23783469200134277
-1.3636754751205444 0.4042757451534271 -0.23637163639068604
-1.370352864265442 0.346984326839447 -0.234919011592865
-1.3747220039367676 0.2898298501968384 -0.2334797978401184
-1.3768205642700195 0.23290160298347473 -0.2320570945739746
-1.3766840696334839 0.1762922704219818 -0.2306532859802246
-1.374354600906372 0.1200764924287796 -0.22926652431488037
-1.3698738813400269 0.06434418261051178 -0.2279036045074463
-1.3632864952087402 0.009170500561594963 -0.2265627384185791
-1.3546403646469116 -0.04538048058748245 -0.22524797916412354
-1.3439843654632568 -0.09922903031110764 -0.22395765781402588
-1.3313654661178589 -0.15231899917125702 -0.22269606590270996
-1.3168376684188843 -0.20457732677459717 -0.22146379947662354
-1.3004491329193115 -0.25595158338546753 -0.2202620506286621
-1.2822562456130981 -0.3063838481903076 -0.21909010410308838
-1.2623111009597778 -0.3558324873447418 -0.21795248985290527
-1.2406635284423828 -0.4042292535305023 -0.21684706211090088
-1.2173701524734497 -0.4515354633331299 -0.21577715873718262
-1.1924842596054077 -0.49770551919937134 -0.21474206447601318
-1.1660608053207397 -0.5427089929580688 -0.21374285221099854
-1.1381546258926392 -0.5864920020103455 -0.21277976036071777
-1.1088155508041382 -0.6290252208709717 -0.2118544578552246
-1.0781006813049316 -0.6702816486358643 -0.2109682559967041
-1.0460618734359741 -0.7102119326591492 -0.2101198434829712
-1.0285537242889404 -0.7604798674583435 -0.21257710456848145
-1.011968731880188 -0.8131189346313477 -0.21573567390441895
-0.9934654235839844 -0.8662276864051819 -0.21904432773590088
-0.9729732275009155 -0.9197735786437988 -0.2225050926208496
-0.9437591433525085 -0.9668996334075928 -0.2245393991470337
-0.9042386412620544 -1.004184603691101 -0.22456681728363037
-0.86348956823349 -1.0401475429534912 -0.22465837001800537
-0.8215397000312805 -1.0747520923614502 -0.22481215000152588
-0.7784161567687988 -1.1079732179641724 -0.22502827644348145
-0.734155535697937 -1.1397801637649536 -0.22530722618103027
-0.6887838840484619 -1.1701523065567017 -0.22564959526062012
-0.6423367857933044 -1.1990396976470947 -0.22605299949645996
-0.5948413610458374 -1.2264212369918823 -0.22652113437652588
-0.5463322401046753 -1.252266764640808 -0.2270510196685791
-0.49684351682662964 -1.276542067527771 -0.22764360904693604
-0.4464055001735687 -1.2992141246795654 -0.22829973697662354
-0.39505329728126526 -1.3202444314956665 -0.2290174961090088
-0.34282582998275757 -1.3396137952804565 -0.2297987937927246
-0.2897539436817169 -1.3572771549224854 -0.2306416630744934
-0.23609955608844757 -1.3744890689849854 -0.23176413774490356
-0.18161541223526 -1.390233039855957 -0.23299944400787354
-0.1262720227241516 -1.404094934463501 -0.23428118228912354
-0.07011780142784119 -1.4160107374191284 -0.23560869693756104
-0.013213968835771084 -1.4259406328201294 -0.23698019981384277
0.04438435658812523 -1.4338347911834717 -0.23839616775512695
0.1026131883263588 -1.4396533966064453 -0.23985612392425537
0.16141068935394287 -1.44334077835083 -0.24135702848434448
0.22070440649986267 -1.444855809211731 -0.24289876222610474
0.28042370080947876 -1.44415283203125 -0.24447953701019287
0.3404943645000458 -1.4411900043487549 -0.2460988163948059
0.4008321464061737 -1.435930609703064 -0.24775290489196777
0.46135634183883667 -1.4283316135406494 -0.24944233894348145
0.5219836831092834 -1.4183567762374878 -0.2511647343635559
0.5826190114021301 -1.4059714078903198 -0.25291764736175537
0.6431689262390137 -1.391141414642334 -0.2546998858451843
0.7035316228866577 -1.373846411705017 -0.25650715827941895
0.7636083960533142 -1.3540586233139038 -0.25833940505981445
0.8232913017272949 -1.3317450284957886 -0.2601930499076843
0.8824667930603027 -1.3069138526916504 -0.2620656490325928
0.9410238265991211 -1.2795312404632568 -0.26395344734191895
0.9988440871238708 -1.2496007680892944 -0.2658540606498718
1.0558054447174072 -1.2171251773834229 -0.26776570081710815
1.11178457736969 -1.1820993423461914 -0.26968222856521606
1.166654348373413 -1.1445403099060059 -0.2716023921966553
1.2202839851379395 -1.1044650077819824 -0.27352070808410645
1.2740379571914673 -1.0631424188613892 -0.2757594585418701
1.327008605003357 -1.019717812538147 -0.27811968326568604
1.3786756992340088 -0.9738457798957825 -0.28050923347473145
1.428908109664917 -0.9255312085151672 -0.2829244136810303
1.4775828123092651 -0.8748157024383545 -0.28536272048950195
1.5245662927627563 -0.8217228651046753 -0.28781819343566895
1.569726824760437 -0.7662811279296875 -0.2902882695198059
-1.095546841621399 -0.3208855092525482 -0.21956562995910645
-1.0770115852355957 -0.363064706325531 -0.21860063076019287
-1.0570025444030762 -0.4043290615081787 -0.21766626834869385
-1.0355725288391113 -0.44464078545570374 -0.21676111221313477
-1.0127605199813843 -0.4839531183242798 -0.21588647365570068
-0.9886121153831482 -0.522229790687561 -0.21504473686218262
-0.9631770849227905 -0.5594334602355957 -0.2142348289489746
-0.9365013837814331 -0.595531702041626 -0.21345782279968262
-0.919784426689148 -0.6382378339767456 -0.2153254747390747
-0.9048248529434204 -0.6833386421203613 -0.21808302402496338
-0.8881978392601013 -0.7286605834960938 -0.2209639549255371
-0.8698570132255554 -0.7741621732711792 -0.22396814823150635
-0.8497467637062073 -0.8198079466819763 -0.22709918022155762
-0.8263057470321655 -0.8639691472053528 -0.22993791103363037
-0.7910420298576355 -0.8966476321220398 -0.22997820377349854
-0.7546727657318115 -0.9281079769134521 -0.23007464408874512
-0.7172307372093201 -0.9583396911621094 -0.23022782802581787
-0.6787441372871399 -0.987298309803009 -0.23043841123580933
-0.6392461657524109 -1.014965534210205 -0.23070573806762695
-0.598764955997467 -1.0412968397140503 -0.23102927207946777
-0.5573378205299377 -1.0662847757339478 -0.23140949010849
-0.5149912238121033 -1.0898771286010742 -0.23184651136398315
-0.4717639088630676 -1.1120624542236328 -0.23233968019485474
-0.42768529057502747 -1.1328037977218628 -0.2328895926475525
-0.38279464840888977 -1.152073621749878 -0.2334950566291809
-0.33712416887283325 -1.1698384284973145 -0.23415791988372803
-0.2907121479511261 -1.1860710382461548 -0.23487627506256104
-0.24359546601772308 -1.2007368803024292 -0.23565024137496948
-0.19581544399261475 -1.213823676109314 -0.23648029565811157
-0.14740967750549316 -1.2252812385559082 -0.23736530542373657
-0.09842227399349213 -1.23509681224823 -0.23830527067184448
-0.04889175668358803 -1.2432198524475098 -0.23930132389068604
0.001129490789026022 -1.2496399879455566 -0.240351140499115
0.05160071700811386 -1.2543176412582397 -0.24145346879959106
0.10247253626585007 -1.2572276592254639 -0.24261248111724854
0.15369446575641632 -1.2583403587341309 -0.24382281303405762
0.20521339774131775 -1.2576295137405396 -0.24508625268936157
0.2569780945777893 -1.2550499439239502 -0.2464003562927246
0.3089275658130646 -1.2506049871444702 -0.24776691198349
0.36100536584854126 -1.2442560195922852 -0.24918413162231445
0.41315072774887085 -1.2359715700149536 -0.2506508231163025
0.46530017256736755 -1.2257232666015625 -0.2521663308143616
0.5173864364624023 -1.2134977579116821 -0.2537282109260559
0.5693415403366089 -1.1992851495742798 -0.25533896684646606
0.6210954785346985 -1.1830402612686157 -0.2569935917854309
0.6725670695304871 -1.1647664308547974 -0.25869220495224
0.723686695098877 -1.1444422006607056 -0.260433554649353
0.7743721008300781 -1.1220505237579346 -0.26221638917922974
0.8245394825935364 -1.0975828170776367 -0.26403647661209106
0.874106228351593 -1.0710339546203613 -0.2658956050872803
0.9229828119277954 -1.0423940420150757 -0.267788290977478
0.9710782170295715 -1.0116759538650513 -0.2697157859802246
1.0182985067367554 -0.9788724184036255 -0.27167195081710815
1.0645499229431152 -0.9439958333969116 -0.2736574411392212
1.109735369682312 -0.9070539474487305 -0.27566850185394287
1.1537511348724365 -0.8680611252784729 -0.27770161628723145
1.196496605873108 -0.8270477056503296 -0.2797560691833496
1.2378668785095215 -0.7840315699577332 -0.28182452917099
1.2777589559555054 -0.7390622496604919 -0.28390824794769287
1.3160655498504639 -0.692160964012146 -0.2860005497932434
1.3526767492294312 -0.6433796882629395 -0.2880977392196655
1.387487769126892 -0.5927712917327881 -0.2901979684829712
1.420390009880066 -0.5403879284858704 -0.29229509830474854
1.4512767791748047 -0.4863055944442749 -0.2943874001502991
1.4800419807434082 -0.43059241771698 -0.29646748304367065
1.5065772533416748 -0.37332800030708313 -0.2985329031944275
1.530784249305725 -0.31460142135620117 -0.3005788326263428
1.5525628328323364 -0.25451338291168213 -0.3025996685028076
1.571813702583313 -0.1931527704000473 -0.30459064245224
1.5884453058242798 -0.13064533472061157 -0.30654680728912354
1.6023683547973633 -0.06709766387939453 -0.30846333503723145
1.6135046482086182 -0.0026380186900496483 -0.3103346824645996
1.6217695474624634 0.06258323788642883 -0.31215715408325195
1.6271016597747803 0.12845779955387115 -0.3139241337776184
1.6294318437576294 0.1948205977678299 -0.3156306743621826
1.6287052631378174 0.26151910424232483 -0.31727010011672974
1.6248791217803955 0.32839861512184143 -0.3188411593437195
1.6179174184799194 0.3953028619289398 -0.3203365206718445
1.607787013053894 0.46205568313598633 -0.3217518925666809
1.5944777727127075 0.528491735458374 -0.32308244705200195
1.5779815912246704 0.5944376587867737 -0.32432329654693604
1.5583043098449707 0.65972501039505 -0.3254701495170593
1.5354597568511963 0.7241641879081726 -0.32652056217193604
1.5057299137115479 0.785624623298645 -0.3266561031341553
1.4470003843307495 0.8306379914283752 -0.32090532779693604
1.3874179124832153 0.8724063634872437 -0.3152211308479309
1.327196717262268 0.9109840989112854 -0.3096156716346741
1.2665265798568726 0.9464304447174072 -0.30409932136535645
1.2055906057357788 0.9788293838500977 -0.2986818552017212
1.1445482969284058 1.0082541704177856 -0.2933717966079712
1.0835567712783813 1.034793496131897 -0.2881770730018616
1.0227432250976562 1.0585352182388306 -0.28310078382492065
0.9622352719306946 1.0795817375183105 -0.2781484127044678
0.9021375775337219 1.0980136394500732 -0.2733266353607178
0.8425530791282654 1.1139423847198486 -0.26863420009613037
0.7835694551467896 1.127455472946167 -0.26407796144485474
0.7389044761657715 1.1600749492645264 -0.2645412087440491
0.6931708455085754 1.191418170928955 -0.26511555910110474
0.6459699869155884 1.2206937074661255 -0.2656300663948059
0.5974001884460449 1.2478196620941162 -0.26608598232269287
0.5475636720657349 1.2727092504501343 -0.2664821147918701
0.49657872319221497 1.2953118085861206 -0.2668147683143616
0.4445534348487854 1.3155549764633179 -0.267084538936615
0.3916076719760895 1.3333914279937744 -0.2672908306121826
0.3378695249557495 1.3487759828567505 -0.26743245124816895
0.28345468640327454 1.3616505861282349 -0.2675081491470337
0.2284969985485077 1.3720078468322754 -0.26752030849456787
0.17312078177928925 1.3798034191131592 -0.2674660086631775
0.11745862662792206 1.385034203529358 -0.26734697818756104
0.06164240464568138 1.3876736164093018 -0.2671626806259155
0.0058015333488583565 1.3877463340759277 -0.26691484451293945
-0.04993458092212677 1.3852384090423584 -0.2666029930114746
-0.10543179512023926 1.3801732063293457 -0.2662288546562195
-0.16056762635707855 1.3725652694702148 -0.2657942771911621
-0.21521541476249695 1.3624591827392578 -0.26529866456985474
-0.26924800872802734 1.3498879671096802 -0.2647450566291809
-0.3225518465042114 1.3348793983459473 -0.26413410902023315
-0.37500613927841187 1.3175026178359985 -0.26346760988235474
-0.4264993667602539 1.297809362411499 -0.26274800300598145
-0.47692635655403137 1.2758678197860718 -0.2619777321815491
-0.5261794924736023 1.2517306804656982 -0.26115864515304565
-0.5741657018661499 1.2254879474639893 -0.26029253005981445
-0.6207866072654724 1.1972134113311768 -0.25938189029693604
-0.665958046913147 1.166987419128418 -0.25842976570129395
-0.7095999717712402 1.1348992586135864 -0.2574373483657837
-0.7516340017318726 1.1010339260101318 -0.2564082741737366
-0.7919936180114746 1.0654951333999634 -0.2553456425666809
-0.8306117653846741 1.0283706188201904 -0.25425130128860474
-0.8674315810203552 0.9897499680519104 -0.2531276345252991
-0.9024009704589844 0.9497473239898682 -0.2519771456718445
-0.93547523021698 0.908454954624176 -0.2508046627044678
-0.9666173458099365 0.8659704327583313 -0.24961018562316895
-0.9957874417304993 0.8223986625671387 -0.24839800596237183
-1.0229604244232178 0.7778394818305969 -0.24716997146606445
-1.0481154918670654 0.7323900461196899 -0.24592912197113037
-1.0712316036224365 0.6861512064933777 -0.24467790126800537
-1.092298150062561 0.6392257213592529 -0.24341940879821777
-1.1113078594207764 0.5917094349861145 -0.24215352535247803
-1.128258228302002 0.5436875820159912 -0.24088644981384277
-1.1431496143341064 0.4952690601348877 -0.23961752653121948
-1.1559885740280151 0.4465406835079193 -0.23834919929504395
-1.1667869091033936 0.3975905179977417 -0.23708575963974
-1.1755565404891968 0.3485026955604553 -0.23582780361175537
-1.1823136806488037 0.29936978220939636 -0.23457783460617065
-1.1870814561843872 0.2502704858779907 -0.23333758115768433
-1.189884901046753 0.2012796700000763 -0.23210835456848145
-1.1907448768615723 0.15247562527656555 -0.23089373111724854
-1.1896945238113403 0.10394266247749329 -0.2296919822692871
-1.1867623329162598 0.05574878677725792 -0.2285090684890747
-1.1819863319396973 0.00795216578990221 -0.22734391689300537
-1.1753977537155151 -0.03937481343746185 -0.2261977195739746
-1.167033314704895 -0.0861586481332779 -0.2250734567642212
-1.1569353342056274 -0.13235974311828613 -0.22397172451019287
-1.145142674446106 -0.17790807783603668 -0.2228938341140747
-1.131691813468933 -0.22273801267147064 -0.22184157371520996
-1.1166309118270874 -0.26681265234947205 -0.22081315517425537
-1.099997878074646 -0.3100737929344177 -0.21981406211853027
-1.0818390846252441 -0.35247722268104553 -0.2188417911529541
-1.062199592590332 -0.39397886395454407 -0.21789991855621338
-1.041123628616333 -0.4345347583293915 -0.21698689460754395
-1.01865553855896 -0.4741012156009674 -0.21610498428344727
-0.9948437213897705 -0.5126411318778992 -0.2152540683746338
-0.9697315692901611 -0.5501264929771423 -0.21443688869476318
-0.9433628916740417 -0.5865094661712646 -0.21365129947662354
-0.9233104586601257 -0.626872181892395 -0.21464800834655762
-0.9087640643119812 -0.6719136238098145 -0.21737444400787354
-0.8925641179084778 -0.7171733379364014 -0.22022414207458496
-0.8746606111526489 -0.7626340985298157 -0.2231966257095337
-0.8550044894218445 -0.8082550764083862 -0.22629475593566895
-0.8335391879081726 -0.853977620601654 -0.22952234745025635
-0.8000656962394714 -0.8884957432746887 -0.22996294498443604
-0.7639744877815247 -0.9202660918235779 -0.23004472255706787
-0.7268009185791016 -0.9508136510848999 -0.2301838994026184
-0.6885751485824585 -0.9800935387611389 -0.23037981986999512
-0.6493291258811951 -1.008091688156128 -0.23063254356384277
-0.6090931296348572 -1.0347589254379272 -0.23094195127487183
-0.5679014921188354 -1.060092568397522 -0.23130756616592407
-0.5257862210273743 -1.084043264389038 -0.23173117637634277
-0.4827762842178345 -1.1065858602523804 -0.2322096824645996
-0.43891170620918274 -1.1276966333389282 -0.23274552822113037
-0.3942212462425232 -1.1473349332809448 -0.23333698511123657
-0.34874555468559265 -1.1654847860336304 -0.23398518562316895
-0.3025187849998474 -1.1821082830429077 -0.23468953371047974
-0.25557559728622437 -1.1971789598464966 -0.2354494333267212
-0.20795892179012299 -1.210668921470642 -0.23626482486724854
-0.159708634018898 -1.222538709640503 -0.23713642358779907
-0.1108655259013176 -1.2327690124511719 -0.23806357383728027
-0.06146826967597008 -1.2413244247436523 -0.23904377222061157
-0.011566243134438992 -1.24817955493927 -0.24007952213287354
0.03879640996456146 -1.2533024549484253 -0.2411702275276184
0.08957087993621826 -1.256659746170044 -0.24231404066085815
0.14070892333984375 -1.2582303285598755 -0.24351155757904053
0.1921587586402893 -1.2579765319824219 -0.2447609305381775
0.2438667118549347 -1.255879521369934 -0.24606281518936157
0.2957749366760254 -1.2519127130508423 -0.24741721153259277
0.3478253185749054 -1.2460405826568604 -0.24882102012634277
0.39996063709259033 -1.2382482290267944 -0.2502748370170593
0.45211467146873474 -1.2285066843032837 -0.25177937746047974
0.504223644733429 -1.2167797088623047 -0.25332963466644287
0.5562165379524231 -1.2030726671218872 -0.25492697954177856
0.6080275177955627 -1.1873449087142944 -0.25657063722610474
0.6595788598060608 -1.1695811748504639 -0.25825822353363037
0.7107947468757629 -1.1497818231582642 -0.2599892020225525
0.7615971565246582 -1.1279038190841675 -0.2617604732513428
0.8119052648544312 -1.1039623022079468 -0.26357197761535645
0.8616313338279724 -1.0779434442520142 -0.2654225826263428
0.9106905460357666 -1.049834132194519 -0.26730668544769287
0.9589915871620178 -1.0196435451507568 -0.26922446489334106
1.0064433813095093 -0.9873647689819336 -0.2711751461029053
1.052950143814087 -0.9530100226402283 -0.2731526494026184
1.098412275314331 -0.9165904521942139 -0.2751576900482178
1.1427347660064697 -0.8781102895736694 -0.2771846652030945
1.1858086585998535 -0.8376138210296631 -0.27923423051834106
1.2275373935699463 -0.7951053380966187 -0.28130024671554565
1.2678152322769165 -0.7506139278411865 -0.28337907791137695
1.306530237197876 -0.7042028903961182 -0.28546953201293945
1.3435825109481812 -0.6558911800384521 -0.2875667214393616
-0.9697709679603577 -0.2840423882007599 -0.22104203701019287
-0.9538455605506897 -0.3215402662754059 -0.2201826572418213
-0.9365842342376709 -0.35826295614242554 -0.21934831142425537
-0.918030321598053 -0.39417460560798645 -0.21853959560394287
-0.8982172012329102 -0.4292179048061371 -0.21775782108306885
-0.8771876096725464 -0.4633687734603882 -0.2170039415359497
-0.8549830913543701 -0.49659162759780884 -0.2162783145904541
-0.8368321657180786 -0.5321502685546875 -0.21692705154418945
-0.8238104581832886 -0.5716422200202942 -0.21933674812316895
-0.8093302845954895 -0.6112238764762878 -0.22185015678405762
-0.7933548092842102 -0.6508520245552063 -0.22446608543395996
-0.7758432626724243 -0.6904881596565247 -0.2271883487701416
-0.756763756275177 -0.7300997376441956 -0.2300173044204712
-0.736079216003418 -0.7696319818496704 -0.23295247554779053
-0.7086011171340942 -0.8031986951828003 -0.23429465293884277
-0.6759945750236511 -0.8313497304916382 -0.23438191413879395
-0.6424099802970886 -0.8583660125732422 -0.23452353477478027
-0.6078810691833496 -0.8842213749885559 -0.23471391201019287
-0.5724360942840576 -0.9088869094848633 -0.23495805263519287
-0.53610759973526 -0.9323365092277527 -0.23525351285934448
-0.4989280700683594 -0.9545325636863708 -0.23560017347335815
-0.4609294831752777 -0.975464940071106 -0.2359974980354309
-0.42214396595954895 -0.9950997233390808 -0.23644793033599854
-0.3826080560684204 -1.0134104490280151 -0.2369484305381775
-0.3423556685447693 -1.0303627252578735 -0.23749959468841553
-0.3014175593852997 -1.0459352731704712 -0.23810136318206787
-0.25983723998069763 -1.0601073503494263 -0.23875445127487183
-0.21764884889125824 -1.0728449821472168 -0.2394576072692871
-0.1748921275138855 -1.084128499031067 -0.24021077156066895
-0.1316055953502655 -1.093927025794983 -0.2410140037536621
-0.08783306181430817 -1.102216124534607 -0.24186664819717407
-0.04361282289028168 -1.1089686155319214 -0.24276691675186157
0.0010060924105346203 -1.1141669750213623 -0.24371659755706787
0.04598257318139076 -1.1177834272384644 -0.24471330642700195
0.0912698283791542 -1.119789481163025 -0.24575763940811157
0.13681739568710327 -1.120174527168274 -0.24685019254684448
0.1825769990682602 -1.1188981533050537 -0.2479872703552246
0.22849294543266296 -1.1159567832946777 -0.24917197227478027
0.27451804280281067 -1.111313819885254 -0.2503993511199951
0.3205929398536682 -1.1049652099609375 -0.25167012214660645
0.3666587769985199 -1.0968836545944214 -0.252985417842865
0.4126591682434082 -1.0870498418807983 -0.25434160232543945
0.45852988958358765 -1.0754588842391968 -0.2557387351989746
0.5042124390602112 -1.0620872974395752 -0.25717484951019287
0.5496352314949036 -1.0469286441802979 -0.2586513161659241
0.594734787940979 -1.029974102973938 -0.2601619362831116
0.6394402384757996 -1.0112131834030151 -0.2617098093032837
0.6836791634559631 -0.9906393885612488 -0.2632905840873718
0.7273834347724915 -0.9682468175888062 -0.2649037837982178
0.7704691886901855 -0.9440418481826782 -0.26654744148254395
0.8128634691238403 -0.9180295467376709 -0.2682191729545593
0.8544884324073792 -0.8902059197425842 -0.26991593837738037
0.8952579498291016 -0.8605965375900269 -0.2716395854949951
0.9350951313972473 -0.8291975259780884 -0.2733827829360962
0.9739142656326294 -0.7960386872291565 -0.2751460671424866
1.011630892753601 -0.7611339688301086 -0.27692586183547974
1.0481562614440918 -0.72450852394104 -0.2787184715270996
1.0834041833877563 -0.6861995458602905 -0.2805238962173462
1.1172864437103271 -0.6462438702583313 -0.28233659267425537
1.1497169733047485 -0.6046746969223022 -0.28415364027023315
1.180607795715332 -0.5615407824516296 -0.2859737277030945
1.2098687887191772 -0.5168901085853577 -0.2877919673919678
1.237413763999939 -0.4707792401313782 -0.28960347175598145
1.263156771659851 -0.4232727885246277 -0.29140704870224
1.2870147228240967 -0.37443578243255615 -0.2931978106498718
1.3089014291763306 -0.32434436678886414 -0.2949727177619934
1.3287357091903687 -0.2730833888053894 -0.29672688245773315
1.3464468717575073 -0.2207203358411789 -0.298456609249115
1.3619532585144043 -0.1673596203327179 -0.30015885829925537
1.3751829862594604 -0.11309956014156342 -0.30182695388793945
1.3860740661621094 -0.05804058536887169 -0.30345964431762695
1.3945653438568115 -0.0022794054821133614 -0.30505144596099854
1.4005961418151855 0.054056085646152496 -0.30659806728363037
1.404113531112671 0.11085197329521179 -0.3080952763557434
1.405077338218689 0.16799573600292206 -0.3095393776893616
1.4034481048583984 0.2253473997116089 -0.31092673540115356
1.3991925716400146 0.2827852666378021 -0.3122518062591553
1.3922885656356812 0.34017372131347656 -0.3135121464729309
1.382722020149231 0.39737552404403687 -0.3147023320198059
1.370481252670288 0.4542490541934967 -0.31582111120224
1.3555694818496704 0.5106497406959534 -0.3168635964393616
1.3379980325698853 0.5664547681808472 -0.3178254961967468
1.317785620689392 0.6215006709098816 -0.3187062740325928
1.2795876264572144 0.667635977268219 -0.31570881605148315
1.2329347133636475 0.7077611684799194 -0.3109737038612366
1.1852747201919556 0.7452945709228516 -0.30626726150512695
1.1367732286453247 0.7802770733833313 -0.301601767539978
1.0875884294509888 0.8127159476280212 -0.2969881296157837
1.0378719568252563 0.8426546454429626 -0.29243308305740356
0.98776775598526 0.8701422214508057 -0.28794634342193604
0.937402069568634 0.8952156901359558 -0.2835347652435303
0.8869000673294067 0.9179471731185913 -0.27920371294021606
0.8363697528839111 0.9383655786514282 -0.2749593257904053
0.7859171628952026 0.9565587639808655 -0.2708064913749695
0.7356348633766174 0.9725858569145203 -0.2667476534843445
0.6856099367141724 0.9865072965621948 -0.2627870440483093
0.6390463709831238 1.0032994747161865 -0.26020097732543945
0.599317729473114 1.0301063060760498 -0.26069051027297974
0.5583581924438477 1.0551366806030273 -0.26112687587738037
0.5162540078163147 1.0783265829086304 -0.2615150809288025
0.47309473156929016 1.0996229648590088 -0.2618520259857178
0.4289688467979431 1.1189576387405396 -0.26213395595550537
0.38397645950317383 1.1362909078598022 -0.26236283779144287
0.33821120858192444 1.1515809297561646 -0.26253741979599
0.29177674651145935 1.1647719144821167 -0.26265764236450195
0.2447756677865982 1.1758471727371216 -0.262722373008728
0.1973148137331009 1.1847811937332153 -0.26273274421691895
0.14950096607208252 1.1915490627288818 -0.2626863718032837
0.10143868625164032 1.1961336135864258 -0.2625850439071655
0.05323924496769905 1.1985318660736084 -0.26243001222610474
0.0050118728540837765 1.1987454891204834 -0.2622188329696655
-0.043140217661857605 1.196765422821045 -0.2619539499282837
-0.09110623598098755 1.1926199197769165 -0.2616371512413025
-0.13877815008163452 1.1863148212432861 -0.2612673044204712
-0.1860561966896057 1.1778768301010132 -0.2608455419540405
-0.23283608257770538 1.167331576347351 -0.26037436723709106
-0.2790186405181885 1.1547174453735352 -0.25985556840896606
-0.32450470328330994 1.1400734186172485 -0.2592885494232178
-0.36919930577278137 1.1234462261199951 -0.25867635011672974
-0.4130120277404785 1.1048840284347534 -0.25801777839660645
-0.45585745573043823 1.084439754486084 -0.2573201656341553
-0.49765047430992126 1.0621740818023682 -0.25657975673675537
-0.5383105874061584 1.0381487607955933 -0.25580155849456787
-0.5777619481086731 1.0124421119689941 -0.2549861669540405
-0.6159363389015198 0.9851025342941284 -0.2541365623474121
-0.6527664661407471 0.9562138319015503 -0.2532551884651184
-0.6881912350654602 0.9258533120155334 -0.25234270095825195
-0.722153902053833 0.894095242023468 -0.25140154361724854
-0.7545997500419617 0.8610180616378784 -0.25043660402297974
-0.7854881286621094 0.8266993165016174 -0.24944663047790527
-0.8147680163383484 0.7912375926971436 -0.2484334111213684
-0.8424099683761597 0.7546932101249695 -0.24740374088287354
-0.8683708906173706 0.717174232006073 -0.24635577201843262
-0.8926324248313904 0.6787432432174683 -0.24529194831848145
-0.915169358253479 0.6394922137260437 -0.24421709775924683
-0.9359578490257263 0.5995059609413147 -0.24313193559646606
-0.9549863934516907 0.5588717460632324 -0.24203813076019287
-0.9722391366958618 0.5176680088043213 -0.2409377098083496
-0.9877168536186218 0.4759688675403595 -0.23983359336853027
-1.00141179561615 0.43386217951774597 -0.23872637748718262
-1.0133212804794312 0.39143306016921997 -0.23761922121047974
-1.023456335067749 0.3487537205219269 -0.23651444911956787
-1.0318208932876587 0.30589112639427185 -0.23541277647018433
-1.0384262800216675 0.26294079422950745 -0.23431718349456787
-1.0432846546173096 0.21995195746421814 -0.23322832584381104
-1.04641592502594 0.17701028287410736 -0.23214739561080933
-1.0478324890136719 0.13418048620224 -0.23107749223709106
-1.0475636720657349 0.09153065830469131 -0.23002034425735474
-1.045627474784851 0.049115024507045746 -0.22897601127624512
-1.0420496463775635 0.0070048365741968155 -0.22794580459594727
-1.0368592739105225 -0.034731775522232056 -0.22693312168121338
-1.030085563659668 -0.07605014741420746 -0.2259371280670166
-1.0217595100402832 -0.11689732223749161 -0.2249605655670166
-1.011910319328308 -0.1572052389383316 -0.22400414943695068
-1.0005754232406616 -0.196931391954422 -0.22306787967681885
-0.9877893328666687 -0.23602212965488434 -0.2221541404724121
-0.9735857844352722 -0.27443966269493103 -0.22126364707946777
-0.9580013751983643 -0.3121298849582672 -0.22039759159088135
-0.9410750269889832 -0.3490539789199829 -0.21955645084381104
-0.9228404760360718 -0.3851662278175354 -0.21874165534973145
-0.9033429026603699 -0.42043036222457886 -0.21795308589935303
-0.8826189041137695 -0.45481568574905396 -0.2171919345855713
-0.8607079386711121 -0.4882754385471344 -0.2164595127105713
-0.8398975133895874 -0.5221801400184631 -0.21633505821228027
-0.8272410035133362 -0.5616456270217896 -0.21871721744537354
-0.8131315112113953 -0.6012036800384521 -0.22120440006256104
-0.797538161277771 -0.6408214569091797 -0.22379469871520996
-0.78042072057724 -0.6804681420326233 -0.22649061679840088
-0.7617411017417908 -0.7200853228569031 -0.22929155826568604
-0.7414637207984924 -0.7596448659896851 -0.23219990730285645
-0.71668940782547 -0.795903205871582 -0.23427999019622803
-0.6843333840370178 -0.8243386745452881 -0.23435568809509277
-0.6509954333305359 -0.8516440391540527 -0.23448199033737183
-0.6167009472846985 -0.8777909874916077 -0.23466086387634277
-0.5814842581748962 -0.9027569890022278 -0.23489153385162354
-0.5453780293464661 -0.926520049571991 -0.2351735234260559
-0.5084101557731628 -0.9490394592285156 -0.23550736904144287
-0.47061479091644287 -0.9702968001365662 -0.23589253425598145
-0.4320259094238281 -0.990257978439331 -0.2363295555114746
-0.39267686009407043 -1.0089046955108643 -0.23681598901748657
-0.3525997996330261 -1.0262032747268677 -0.2373555302619934
-0.31183215975761414 -1.0421266555786133 -0.23794513940811157
-0.270412802696228 -1.0566555261611938 -0.23858416080474854
-0.2283753752708435 -1.0697636604309082 -0.23927569389343262
-0.18575693666934967 -1.0814125537872314 -0.24001669883728027
-0.14260180294513702 -1.091585397720337 -0.24080586433410645
-0.09894715249538422 -1.1002594232559204 -0.24164509773254395
-0.05483699589967728 -1.1074061393737793 -0.24253439903259277
-0.010315034538507462 -1.1130013465881348 -0.24347186088562012
0.03457831218838692 -1.1170135736465454 -0.24445700645446777
0.07978880405426025 -1.1194320917129517 -0.2454897165298462
0.12527625262737274 -1.1202292442321777 -0.24656939506530762
0.1709856539964676 -1.1193785667419434 -0.24769550561904907
0.216868594288826 -1.1168546676635742 -0.24886739253997803
0.26287269592285156 -1.1126471757888794 -0.25008320808410645
0.3089377284049988 -1.106736183166504 -0.2513442039489746
0.35501226782798767 -1.0990920066833496 -0.2526485323905945
0.4010346531867981 -1.0897022485733032 -0.253994345664978
0.4469442069530487 -1.0785585641860962 -0.2553822994232178
0.49267885088920593 -1.0656410455703735 -0.2568080425262451
0.5381740927696228 -1.0509364604949951 -0.25827348232269287
0.5833620429039001 -1.034439206123352 -0.2597768306732178
0.6281740665435791 -1.016127586364746 -0.2613155245780945
0.6725366115570068 -0.9960142970085144 -0.26288777589797974
0.7163824439048767 -0.9740856885910034 -0.26449358463287354
0.7596315145492554 -0.9503375887870789 -0.2661287188529968
0.8022096157073975 -0.9247822761535645 -0.2677931785583496
0.844035804271698 -0.8974151611328125 -0.2694850564002991
0.8850306272506714 -0.8682593703269958 -0.27120137214660645
0.9251131415367126 -0.8373063206672668 -0.2729402780532837
0.9641977548599243 -0.8045896291732788 -0.27469807863235474
1.0022001266479492 -0.7701233625411987 -0.2764735817909241
1.0390316247940063 -0.7339365482330322 -0.2782643437385559
1.0746142864227295 -0.6960486769676208 -0.2800661325454712
1.1088507175445557 -0.6565061807632446 -0.2818770408630371
1.1416577100753784 -0.6153392791748047 -0.2836940288543701
1.1729457378387451 -0.5725921988487244 -0.2855135202407837
-0.8689050674438477 -0.2544941008090973 -0.22222673892974854
-0.8549805283546448 -0.2882184088230133 -0.2214522361755371
-0.8398396968841553 -0.3212602734565735 -0.22069966793060303
-0.823512852191925 -0.35359036922454834 -0.21997034549713135
-0.8060370087623596 -0.3851662278175354 -0.21926474571228027
-0.7874460220336914 -0.4159616529941559 -0.2185823917388916
-0.7690351009368896 -0.44667041301727295 -0.21828389167785645
-0.7577627897262573 -0.4818711280822754 -0.22040915489196777
-0.7451892495155334 -0.5170873403549194 -0.22262227535247803
-0.7312923073768616 -0.5522805452346802 -0.22492754459381104
-0.7160407900810242 -0.5874220728874207 -0.22732138633728027
-0.6994103193283081 -0.6224623322486877 -0.22980666160583496
-0.6813763976097107 -0.6573711633682251 -0.23238301277160645
-0.6619078516960144 -0.6920809149742126 -0.23504960536956787
-0.6409842371940613 -0.7265567779541016 -0.23780781030654907
-0.611526370048523 -0.752062201499939 -0.23791277408599854
-0.5811122059822083 -0.776463508605957 -0.23804032802581787
-0.5498349070549011 -0.7997888326644897 -0.23821675777435303
-0.5177217125892639 -0.8220093250274658 -0.23844075202941895
-0.4848097860813141 -0.8431214690208435 -0.23871171474456787
-0.4511246979236603 -0.8630774021148682 -0.2390303611755371
-0.416698694229126 -0.8818588852882385 -0.23939472436904907
-0.3815660774707794 -0.899447500705719 -0.23980671167373657
-0.34575819969177246 -0.9158056974411011 -0.2402663230895996
-0.3093128204345703 -0.9309182167053223 -0.24077105522155762
-0.2722610831260681 -0.944755494594574 -0.24132221937179565
-0.23463952541351318 -0.9573063254356384 -0.24191975593566895
-0.19648543000221252 -0.9685282111167908 -0.2425636649131775
-0.15783879160881042 -0.9784170389175415 -0.24325156211853027
-0.11873647570610046 -0.9869381785392761 -0.24398577213287354
-0.07921378314495087 -0.9940690994262695 -0.24476277828216553
-0.039321064949035645 -0.9998034834861755 -0.2455849051475525
0.0009071286767721176 -1.0040955543518066 -0.2464497685432434
0.041424550116062164 -1.006947636604309 -0.24735862016677856
0.08218448609113693 -1.0083311796188354 -0.24830949306488037
0.12314613908529282 -1.0082261562347412 -0.2493031620979309
0.1642560511827469 -1.0066179037094116 -0.2503371238708496
0.20546801388263702 -1.00348961353302 -0.25141072273254395
0.24673189222812653 -0.9988192915916443 -0.2525240182876587
0.287993848323822 -0.9926041960716248 -0.2536769509315491
0.3291991055011749 -0.9848214983940125 -0.25486594438552856
0.3702963888645172 -0.975464940071106 -0.25609272718429565
0.4112274646759033 -0.9645189642906189 -0.2573543190956116
0.45193636417388916 -0.9519724249839783 -0.25864946842193604
0.4923548996448517 -0.9378348588943481 -0.2599788308143616
0.5324326753616333 -0.9220768213272095 -0.2613387107849121
0.5720981359481812 -0.9047150611877441 -0.26272904872894287
0.6112899780273438 -0.8857451677322388 -0.26414811611175537
0.6499425768852234 -0.8651694655418396 -0.2655946612358093
0.6879870891571045 -0.8429819941520691 -0.26706624031066895
0.7253586053848267 -0.819200873374939 -0.2685610055923462
0.761979877948761 -0.7938379049301147 -0.270077109336853
0.7977873086929321 -0.7668997645378113 -0.2716127634048462
0.8327050805091858 -0.7384063005447388 -0.2731654644012451
0.866661548614502 -0.7083743214607239 -0.27473288774490356
0.899583101272583 -0.676831841468811 -0.27631306648254395
0.9313923716545105 -0.6438061594963074 -0.2779030203819275
0.9620227813720703 -0.6093229055404663 -0.2795003056526184
0.9913923740386963 -0.5734278559684753 -0.2811037302017212
1.0194300413131714 -0.5361457467079163 -0.2827083468437195
1.0460599660873413 -0.49753913283348083 -0.28431111574172974
1.0712099075317383 -0.45764416456222534 -0.28591203689575195
1.0948084592819214 -0.41652044653892517 -0.2875056862831116
1.1167831420898438 -0.3742235600948334 -0.28908771276474
1.1370664834976196 -0.33080989122390747 -0.29065752029418945
1.1555877923965454 -0.2863548994064331 -0.2922108769416809
1.17228364944458 -0.2409275323152542 -0.29374468326568604
1.1870934963226318 -0.19459734857082367 -0.295254111289978
1.1999541521072388 -0.14745673537254333 -0.2967372536659241
1.2108098268508911 -0.09958405047655106 -0.2981898784637451
1.2196102142333984 -0.051066458225250244 -0.29960954189300537
1.2263092994689941 -0.0020075482316315174 -0.3009908199310303
1.2308586835861206 0.04750124365091324 -0.3023311495780945
1.2332184314727783 0.09735889732837677 -0.30362874269485474
1.2333629131317139 0.1474616527557373 -0.30487751960754395
1.231258511543274 0.19770345091819763 -0.3060762286186218
1.2268848419189453 0.24796386063098907 -0.3072200417518616
1.2202248573303223 0.2981334328651428 -0.30830705165863037
1.2112709283828735 0.3481009304523468 -0.30933308601379395
1.2000194787979126 0.3977464437484741 -0.31029558181762695
1.1864768266677856 0.44695591926574707 -0.31119221448898315
1.1706541776657104 0.49560636281967163 -0.31201863288879395
1.1480741500854492 0.541458785533905 -0.3115553855895996
1.1108835935592651 0.5796116590499878 -0.3075423240661621
1.0725044012069702 0.6156604290008545 -0.3035292625427246
1.0330796241760254 0.6495999097824097 -0.29952472448349
0.9927465915679932 0.6814180612564087 -0.29554158449172974
0.9516390562057495 0.7111309766769409 -0.29158467054367065
0.9098821878433228 0.7387369275093079 -0.28766560554504395
0.8675968050956726 0.7642817497253418 -0.2837880253791809
0.8248971700668335 0.7877814769744873 -0.2799617648124695
0.7818887233734131 0.8092577457427979 -0.27619099617004395
0.738671064376831 0.8287568092346191 -0.27248311042785645
0.6953388452529907 0.8463180065155029 -0.26884233951568604
0.651979386806488 0.8619900345802307 -0.26527178287506104
0.6086703538894653 0.8758001327514648 -0.2617757320404053
0.5654889941215515 0.8878145813941956 -0.2583577632904053
0.5271474123001099 0.9060572385787964 -0.25728654861450195
0.4910208284854889 0.927886962890625 -0.25766682624816895
0.45391422510147095 0.9481154680252075 -0.25800251960754395
0.41589999198913574 0.966681718826294 -0.2582942843437195
0.37705934047698975 0.9835537075996399 -0.258539617061615
0.3374760150909424 0.9986836910247803 -0.2587379813194275
0.29722926020622253 1.0120402574539185 -0.25888997316360474
0.256407231092453 1.0235823392868042 -0.2589937448501587
0.21509817242622375 1.0332845449447632 -0.2590498924255371
0.17339186370372772 1.0411287546157837 -0.25905841588974
0.13137711584568024 1.0470973253250122 -0.2590181231498718
0.08914543688297272 1.051175832748413 -0.2589314579963684
0.046789731830358505 1.0533572435379028 -0.25879597663879395
0.0044061532244086266 1.0536458492279053 -0.25861287117004395
-0.03792020305991173 1.0520439147949219 -0.25838398933410645
-0.08009994775056839 1.0485411882400513 -0.25810933113098145
-0.12203411012887955 1.0431804656982422 -0.2577870488166809
-0.16364116966724396 1.0359606742858887 -0.25742268562316895
-0.20482812821865082 1.0269138813018799 -0.2570125460624695
-0.24551346898078918 1.0160588026046753 -0.2565627098083496
-0.2856120765209198 1.0034366846084595 -0.2560689449310303
-0.3250429630279541 0.9890780448913574 -0.25553667545318604
-0.36372512578964233 0.9730328321456909 -0.2549654245376587
-0.4015880823135376 0.955337405204773 -0.25435566902160645
-0.43855544924736023 0.9360427260398865 -0.25371235609054565
-0.47455844283103943 0.9152011275291443 -0.25303423404693604
-0.5095294713973999 0.8928729891777039 -0.25232255458831787
-0.5434106588363647 0.8691049218177795 -0.2515804171562195
-0.5761410593986511 0.8439627885818481 -0.2508101463317871
-0.6076620817184448 0.8175165057182312 -0.25001299381256104
-0.6379294991493225 0.7898115515708923 -0.24918967485427856
-0.6668910384178162 0.7609386444091797 -0.24834370613098145
-0.694505512714386 0.7309440970420837 -0.24747639894485474
-0.7207327485084534 0.6999209523200989 -0.2465870976448059
-0.7455406188964844 0.6679133772850037 -0.24568134546279907
-0.7688944935798645 0.6350116729736328 -0.24476033449172974
-0.7907660007476807 0.6012802124023438 -0.2438252568244934
-0.8111355900764465 0.5667967796325684 -0.24287736415863037
-0.8299794793128967 0.5316265821456909 -0.24191975593566895
-0.8472846746444702 0.49584493041038513 -0.24095475673675537
-0.863036572933197 0.45951882004737854 -0.23998188972473145
-0.8772260546684265 0.42272427678108215 -0.2390047311782837
-0.8898485898971558 0.3855265974998474 -0.23802506923675537
-0.9008976817131042 0.348002165555954 -0.23704367876052856
-0.9103758931159973 0.3102215826511383 -0.23606467247009277
-0.9182900786399841 0.2722368538379669 -0.23508626222610474
-0.924641489982605 0.23412981629371643 -0.2341102957725525
-0.9294425845146179 0.1959497332572937 -0.23314166069030762
-0.9327008724212646 0.1577758938074112 -0.2321791648864746
-0.934435248374939 0.11965484917163849 -0.23122453689575195
-0.9346574544906616 0.0816589891910553 -0.23027914762496948
-0.9333848357200623 0.04384239763021469 -0.22934651374816895
-0.9306412935256958 0.00625647883862257 -0.2284255027770996
-0.926447331905365 -0.03103235736489296 -0.22751784324645996
-0.9208251237869263 -0.06798854470252991 -0.22662615776062012
-0.9138011336326599 -0.10454459488391876 -0.22574973106384277
-0.9054003953933716 -0.14065654575824738 -0.22489094734191895
-0.8956522941589355 -0.17627574503421783 -0.22404992580413818
-0.8845850229263306 -0.21136927604675293 -0.22322773933410645
-0.8722314834594727 -0.24587222933769226 -0.22242701053619385
-0.8586182594299316 -0.27975210547447205 -0.22164690494537354
-0.8437814116477966 -0.312966525554657 -0.2208876609802246
-0.8277522921562195 -0.34548211097717285 -0.2201521396636963
-0.8105636239051819 -0.37725335359573364 -0.21944105625152588
-0.7922528386116028 -0.4082533121109009 -0.21875321865081787
-0.772850751876831 -0.438436895608902 -0.21808981895446777
-0.7607341408729553 -0.47296246886253357 -0.2198622226715088
-0.7484930157661438 -0.5081821084022522 -0.22205400466918945
-0.7349318265914917 -0.543385922908783 -0.2243361473083496
-0.7200276255607605 -0.5785473585128784 -0.22670674324035645
-0.7037488222122192 -0.6136144995689392 -0.2291700839996338
-0.68607097864151 -0.648553192615509 -0.23172318935394287
-0.6669682860374451 -0.683322012424469 -0.23436665534973145
-0.6464157104492188 -0.7178636193275452 -0.23710227012634277
-0.6190781593322754 -0.7457300424575806 -0.23788774013519287
-0.5888887047767639 -0.7703937292098999 -0.23800432682037354
-0.5578243732452393 -0.7939915060997009 -0.23816853761672974
-0.5259225964546204 -0.8165003657341003 -0.23837971687316895
-0.4932086765766144 -0.8378919363021851 -0.23863911628723145
-0.45971423387527466 -0.858144223690033 -0.23894429206848145
-0.42547330260276794 -0.8772232532501221 -0.23929768800735474
-0.39051705598831177 -0.8951149582862854 -0.23969805240631104
-0.3548760712146759 -0.9117821455001831 -0.24014544486999512
-0.31858959794044495 -0.9272168278694153 -0.24063801765441895
-0.2816871404647827 -0.9413821697235107 -0.24117881059646606
-0.24420946836471558 -0.9542582035064697 -0.24176472425460815
-0.20618560910224915 -0.9658197164535522 -0.24239581823349
-0.16765931248664856 -0.9760423898696899 -0.2430739402770996
-0.1286655217409134 -0.9849114418029785 -0.2437947392463684
-0.08924727141857147 -0.9923986792564392 -0.24456137418746948
-0.04944422096014023 -0.9984886050224304 -0.24537312984466553
-0.009294283576309681 -1.0031423568725586 -0.24622762203216553
0.031152743846178055 -1.0063656568527222 -0.24712485074996948
0.0718570426106453 -1.0081192255020142 -0.24806535243988037
0.11277113109827042 -1.0083975791931152 -0.24904745817184448
0.1538480520248413 -1.007167935371399 -0.2500722408294678
0.19503840804100037 -1.0044242143630981 -0.2511354684829712
0.2362941950559616 -1.000149130821228 -0.2522389888763428
0.2775607407093048 -0.9943240880966187 -0.2533809542655945
0.31878480315208435 -0.9869381189346313 -0.2545619606971741
0.3599174916744232 -0.9779776930809021 -0.2557790279388428
0.40089476108551025 -0.9674378037452698 -0.25703203678131104
0.4416637718677521 -0.9553000330924988 -0.25831925868988037
0.4821631908416748 -0.9415599703788757 -0.2596395015716553
0.5223317742347717 -0.9262130260467529 -0.2609913945198059
0.562107503414154 -0.9092624187469482 -0.2623750567436218
0.6014266014099121 -0.8906914591789246 -0.2637874484062195
0.6402215361595154 -0.8705177307128906 -0.26522666215896606
0.6784273386001587 -0.8487437963485718 -0.26669150590896606
0.7159751653671265 -0.8253598213195801 -0.26818013191223145
0.7527908682823181 -0.8004053235054016 -0.26969194412231445
0.7888116240501404 -0.7738639116287231 -0.27122271060943604
0.8239606022834778 -0.7457552552223206 -0.2727711796760559
0.8581671118736267 -0.7161117196083069 -0.27433550357818604
0.8913586735725403 -0.6849501132965088 -0.27591264247894287
0.9234578609466553 -0.6522976756095886 -0.27750080823898315
0.9543929696083069 -0.6181826591491699 -0.27909624576568604
0.9840874671936035 -0.5826367139816284 -0.28069841861724854
1.0124670267105103 -0.5457070469856262 -0.2823024392127991
1.0394608974456787 -0.5074300765991211 -0.2839064598083496
-0.786116898059845 -0.23025104403495789 -0.2231990098953247
-0.7737756967544556 -0.2608416974544525 -0.22249531745910645
-0.7603160738945007 -0.2908353805541992 -0.22181105613708496
-0.7457706332206726 -0.3202100396156311 -0.2211470603942871
-0.7301660180091858 -0.3489097058773041 -0.2205030918121338
-0.713535487651825 -0.37692001461982727 -0.21988236904144287
-0.7024773955345154 -0.40801239013671875 -0.22135400772094727
-0.6915960311889648 -0.43979302048683167 -0.22332048416137695
-0.6795250177383423 -0.47152000665664673 -0.22536706924438477
-0.6662449240684509 -0.5031583905220032 -0.2274916172027588
-0.6517333984375 -0.5346698760986328 -0.2296968698501587
-0.635972261428833 -0.5660074949264526 -0.2319808006286621
-0.6189449429512024 -0.5971317291259766 -0.23434221744537354
-0.6006287932395935 -0.628008246421814 -0.23678243160247803
-0.5810102820396423 -0.658577561378479 -0.23930132389068604
-0.5576774477958679 -0.6858444809913635 -0.24086016416549683
-0.5299161076545715 -0.7080573439598083 -0.24097979068756104
-0.5013614892959595 -0.7292813658714294 -0.24114155769348145
-0.47204306721687317 -0.7494834661483765 -0.24134784936904907
-0.4419873058795929 -0.768650472164154 -0.2415987253189087
-0.41122907400131226 -0.7867521643638611 -0.2418922781944275
-0.37979617714881897 -0.8037673234939575 -0.24222922325134277
-0.34772244095802307 -0.819665789604187 -0.24260824918746948
-0.31503725051879883 -0.8344339728355408 -0.2430317997932434
-0.28177881240844727 -0.8480486273765564 -0.24349749088287354
-0.24797342717647552 -0.8604812622070312 -0.24400591850280762
-0.21366170048713684 -0.8717158436775208 -0.24455583095550537
-0.1788780242204666 -0.8817299604415894 -0.24514728784561157
-0.14365607500076294 -0.8904973864555359 -0.24578022956848145
-0.10803680866956711 -0.8980138897895813 -0.246454656124115
-0.0720561072230339 -0.9042449593544006 -0.24716877937316895
-0.03575533628463745 -0.9091785550117493 -0.24792438745498657
0.0008238109294325113 -0.9127944707870483 -0.24871844053268433
0.03764636814594269 -0.9150781035423279 -0.2495521903038025
0.07466259598731995 -0.9160155057907104 -0.250423789024353
0.11183077841997147 -0.9155866503715515 -0.2513325810432434
0.14910659193992615 -0.9137749075889587 -0.2522786259651184
0.1864425241947174 -0.9105746746063232 -0.2532613277435303
0.22379504144191742 -0.9059655666351318 -0.2542787790298462
0.26110950112342834 -0.899948239326477 -0.2553303837776184
0.29833856225013733 -0.8925016522407532 -0.25641560554504395
0.33543288707733154 -0.8836197853088379 -0.2575337886810303
0.3723384141921997 -0.8732956051826477 -0.2586818337440491
0.4090007245540619 -0.8615339398384094 -0.25986164808273315
0.44536444544792175 -0.8483196496963501 -0.2610689401626587
0.48137328028678894 -0.8336572051048279 -0.2623036503791809
0.516974151134491 -0.8175396919250488 -0.2635646462440491
0.5521000027656555 -0.7999809980392456 -0.26485002040863037
0.5866989493370056 -0.7809785008430481 -0.2661592364311218
0.620707631111145 -0.7605429291725159 -0.26748979091644287
0.6540661454200745 -0.7386855483055115 -0.2688405513763428
0.6867075562477112 -0.7154163122177124 -0.27020710706710815
0.7185723185539246 -0.6907505989074707 -0.2715907692909241
0.7495985627174377 -0.6647108793258667 -0.27298909425735474
0.7797210812568665 -0.637311577796936 -0.27439719438552856
0.8088726997375488 -0.6085778474807739 -0.2758174538612366
0.8369892835617065 -0.5785477161407471 -0.27724385261535645
0.8640101552009583 -0.5472477674484253 -0.27867573499679565
0.8898670673370361 -0.5147032141685486 -0.28010880947113037
0.9144992828369141 -0.4809643030166626 -0.28154313564300537
0.93784099817276 -0.44606825709342957 -0.2829756736755371
0.9598315954208374 -0.41006138920783997 -0.28440266847610474
0.9804067015647888 -0.3729969561100006 -0.2858211398124695
0.9995103478431702 -0.33492597937583923 -0.28722918033599854
1.0170831680297852 -0.2959027588367462 -0.2886250615119934
1.0330692529678345 -0.25599372386932373 -0.29000324010849
1.047411561012268 -0.21525774896144867 -0.2913631200790405
1.0600601434707642 -0.17378190159797668 -0.29270100593566895
1.070971965789795 -0.13160432875156403 -0.29401326179504395
1.080092191696167 -0.08883462846279144 -0.29529744386672974
1.087384819984436 -0.04553563520312309 -0.2965505123138428
1.0928113460540771 -0.0017890846356749535 -0.29776936769485474
1.0963331460952759 0.042311545461416245 -0.2989516258239746
1.0979222059249878 0.08668243139982224 -0.30009233951568604
1.097554326057434 0.1312233805656433 -0.30119097232818604
1.0952082872390747 0.175852969288826 -0.30224448442459106
1.0908658504486084 0.22047381103038788 -0.3032491207122803
1.0845190286636353 0.2649785578250885 -0.30420243740081787
1.0761620998382568 0.3092710077762604 -0.3051021099090576
1.0657973289489746 0.3532652258872986 -0.3059437870979309
1.053427815437317 0.3968360424041748 -0.30672991275787354
1.0390688180923462 0.43989866971969604 -0.30745255947113037
1.0113095045089722 0.47695302963256836 -0.30466997623443604
0.9800541996955872 0.5113576650619507 -0.3012086749076843
0.9476519227027893 0.5439923405647278 -0.2977358102798462
0.9142199754714966 0.5748607516288757 -0.2942604422569275
0.8798751831054688 0.6039432883262634 -0.2907918095588684
0.8447251915931702 0.6312341094017029 -0.28733599185943604
0.8088819980621338 0.6567379236221313 -0.283901572227478
0.7724460363388062 0.6804618835449219 -0.28049641847610474
0.7355167269706726 0.7024211883544922 -0.2771236300468445
0.6981862783432007 0.7226245403289795 -0.27379167079925537
0.6605458855628967 0.7411003112792969 -0.2705037593841553
0.6226768493652344 0.7578750848770142 -0.2672664523124695
0.5846583843231201 0.7729758024215698 -0.2640834450721741
0.5465666055679321 0.7864377498626709 -0.26095902919769287
0.5084685683250427 0.798294186592102 -0.2578938603401184
0.4704302251338959 0.8085786700248718 -0.2548946142196655
0.4375879764556885 0.8269147276878357 -0.25492143630981445
0.40446221828460693 0.8448212146759033 -0.2552180886268616
0.3705444931983948 0.8612639307975769 -0.2554738521575928
0.3359052836894989 0.8762015700340271 -0.25568926334381104
0.3006163239479065 0.8896042704582214 -0.2558644413948059
0.2647486627101898 0.9014421701431274 -0.2559981346130371
0.22837693989276886 0.9116808176040649 -0.2560896873474121
0.19157791137695312 0.9203049540519714 -0.2561390995979309
0.15443161129951477 0.9272868633270264 -0.25614702701568604
0.11701340973377228 0.9326191544532776 -0.25611162185668945
0.07940355688333511 0.9362897276878357 -0.25603413581848145
0.04167962819337845 0.9382830858230591 -0.2559163570404053
0.003923378884792328 0.9386138916015625 -0.2557551860809326
-0.033784009516239166 0.9372698664665222 -0.2555537819862366
-0.07137014716863632 0.9342675805091858 -0.2553096413612366
-0.10874923318624496 0.9296131134033203 -0.25502705574035645
-0.14584770798683167 0.9233192205429077 -0.2547047734260559
-0.1825874000787735 0.9154167175292969 -0.2543447017669678
-0.21889932453632355 0.9059152007102966 -0.25394612550735474
-0.25470247864723206 0.8948451280593872 -0.2535109519958496
-0.28993284702301025 0.882244348526001 -0.2530415654182434
-0.3245139718055725 0.8681401610374451 -0.25253617763519287
-0.3583882451057434 0.8525679111480713 -0.2519984841346741
-0.39148658514022827 0.8355759382247925 -0.2514278292655945
-0.42374470829963684 0.8172135353088379 -0.25082719326019287
-0.4551100432872772 0.7975053191184998 -0.2501985430717468
-0.4855247437953949 0.7765213847160339 -0.24954181909561157
-0.5149355530738831 0.754309356212616 -0.24885880947113037
-0.543294370174408 0.7309102416038513 -0.24815022945404053
-0.5705524682998657 0.7063920497894287 -0.24742084741592407
-0.5966691970825195 0.6808127760887146 -0.24666708707809448
-0.6216050982475281 0.6542190313339233 -0.2458968162536621
-0.6453218460083008 0.6266847848892212 -0.2451069951057434
-0.6677905917167664 0.5982626676559448 -0.24430012702941895
-0.6889781355857849 0.56901615858078 -0.24347859621047974
-0.7088610529899597 0.5389986634254456 -0.24264484643936157
-0.7274110317230225 0.5082942247390747 -0.24180012941360474
-0.7446144819259644 0.4769505262374878 -0.24094319343566895
-0.7604510188102722 0.44502586126327515 -0.24008136987686157
-0.7749085426330566 0.41259557008743286 -0.23921161890029907
-0.7879766821861267 0.3797159194946289 -0.23833578824996948
-0.7996481657028198 0.3464476764202118 -0.2374587059020996
-0.8099159598350525 0.31285959482192993 -0.2365773320198059
-0.8187800049781799 0.2790059745311737 -0.23569846153259277
-0.8262423276901245 0.24494951963424683 -0.2348189353942871
-0.8323035836219788 0.21074485778808594 -0.233942449092865
-0.8369706273078918 0.1764555275440216 -0.23306965827941895
-0.840250551700592 0.14213751256465912 -0.23220419883728027
-0.8421550989151001 0.10783980786800385 -0.2313435673713684
-0.8426929712295532 0.07363026589155197 -0.23049211502075195
-0.8418853282928467 0.03954428434371948 -0.22964799404144287
-0.8397407531738281 0.005645809695124626 -0.22881674766540527
-0.8362785577774048 -0.028010740876197815 -0.22799646854400635
-0.8315204381942749 -0.06139371171593666 -0.2271895408630371
-0.8254879117012024 -0.09444443881511688 -0.2263960838317871
-0.8182008862495422 -0.12711215019226074 -0.2256166934967041
-0.8096815943717957 -0.1593574583530426 -0.2248549461364746
-0.799961268901825 -0.1911468207836151 -0.22410905361175537
-0.789060115814209 -0.22242562472820282 -0.22338032722473145
-0.7770047187805176 -0.25316137075424194 -0.2226717472076416
-0.7638241648674011 -0.2833053767681122 -0.22198259830474854
-0.7495508790016174 -0.3128395080566406 -0.2213118076324463
-0.7342103123664856 -0.34171587228775024 -0.22066426277160645
-0.7178351879119873 -0.3699045181274414 -0.22003686428070068
-0.7050420045852661 -0.39996710419654846 -0.2208693027496338
-0.6944602131843567 -0.43175774812698364 -0.22281575202941895
-0.6826921105384827 -0.4635058343410492 -0.22484147548675537
-0.6697193384170532 -0.4951682984828949 -0.22694718837738037
-0.6555203199386597 -0.526710569858551 -0.22913110256195068
-0.6400773525238037 -0.5580973029136658 -0.23139548301696777
-0.6233720183372498 -0.5892854332923889 -0.23373734951019287
-0.6053844094276428 -0.6202284693717957 -0.23615866899490356
-0.5860955119132996 -0.6508757472038269 -0.23865681886672974
-0.5645700693130493 -0.6800722479820251 -0.24083822965621948
-0.5370129942893982 -0.7025282382965088 -0.2409462332725525
-0.5086565613746643 -0.7240082621574402 -0.24109697341918945
-0.47952592372894287 -0.7444684505462646 -0.2412922978401184
-0.44965651631355286 -0.7639055252075195 -0.24153095483779907
-0.41907334327697754 -0.7822794318199158 -0.24181413650512695
-0.38780900835990906 -0.7995681166648865 -0.24213945865631104
-0.35589396953582764 -0.8157538175582886 -0.24250811338424683
-0.3233601748943329 -0.8308069109916687 -0.24292010068893433
-0.29024240374565125 -0.8447163701057434 -0.24337542057037354
-0.2565728724002838 -0.8574485182762146 -0.24387288093566895
-0.22238576412200928 -0.8689849376678467 -0.24441182613372803
-0.1877177506685257 -0.8793143630027771 -0.24499350786209106
-0.15260303020477295 -0.8883988261222839 -0.24561667442321777
-0.11708088219165802 -0.8962303996086121 -0.24628007411956787
-0.0811891183257103 -0.9027938842773438 -0.2469850778579712
-0.04496639221906662 -0.9080541133880615 -0.24772965908050537
-0.008451076224446297 -0.9120035171508789 -0.2485145926475525
0.02831099182367325 -0.9146329760551453 -0.24933797121047974
0.06528300791978836 -0.9159077405929565 -0.2501997947692871
0.10241670161485672 -0.9158260226249695 -0.2510988116264343
0.13967131078243256 -0.9143679141998291 -0.25203633308410645
0.1769987791776657 -0.9115161895751953 -0.25300920009613037
0.21434803307056427 -0.9072681665420532 -0.2540181279182434
0.25167831778526306 -0.9016042351722717 -0.2550618648529053
0.2889346182346344 -0.8945170640945435 -0.25613725185394287
0.3260701596736908 -0.885997474193573 -0.2572475075721741
0.36302411556243896 -0.876048743724823 -0.2583882808685303
0.39975330233573914 -0.8646427392959595 -0.25955891609191895
0.43619775772094727 -0.8518025875091553 -0.26076066493988037
0.47230246663093567 -0.8375016450881958 -0.2619893550872803
0.5080098509788513 -0.821755588054657 -0.2632442116737366
0.5432641506195068 -0.8045610785484314 -0.26452410221099854
0.5780025720596313 -0.7859211564064026 -0.26582658290863037
0.6121655702590942 -0.7658510208129883 -0.2671510577201843
0.6456927061080933 -0.7443464398384094 -0.26849687099456787
0.6785224676132202 -0.7214338779449463 -0.2698604464530945
0.7105909585952759 -0.697120189666748 -0.2712398171424866
0.741835355758667 -0.6714237928390503 -0.2726338505744934
0.7721916437149048 -0.6443629264831543 -0.27404069900512695
0.8015940189361572 -0.6159752011299133 -0.2754579782485962
0.8299806118011475 -0.5862675309181213 -0.276882529258728
0.8572847843170166 -0.5552771091461182 -0.27831315994262695
0.8834400773048401 -0.5230491161346436 -0.27974629402160645
0.9083900451660156 -0.48960331082344055 -0.28118062019348145
0.9320624470710754 -0.4549991488456726 -0.2826130986213684
-0.7168651819229126 -0.20996598899364471 -0.2240126132965088
-0.7058073878288269 -0.23792655766010284 -0.22336816787719727
-0.6937185525894165 -0.26536211371421814 -0.2227412462234497
-0.6806235313415527 -0.2922365963459015 -0.22213339805603027
-0.6665520071983337 -0.3185129761695862 -0.22154200077056885
-0.655185878276825 -0.3460995554924011 -0.22221338748931885
-0.6458063125610352 -0.3750974237918854 -0.2239687442779541
-0.635348379611969 -0.40402328968048096 -0.22579729557037354
-0.6237955093383789 -0.4328532814979553 -0.22769606113433838
-0.6111297607421875 -0.4615364670753479 -0.22966516017913818
-0.5973414182662964 -0.49004366993904114 -0.23170489072799683
-0.5824117660522461 -0.5183398127555847 -0.2338154911994934
-0.5663318634033203 -0.5463799238204956 -0.2359938621520996
-0.5490872263908386 -0.5741163492202759 -0.23823994398117065
-0.5306676030158997 -0.6015122532844543 -0.24055439233779907
-0.5110617280006409 -0.6285115480422974 -0.24293476343154907
-0.4864637851715088 -0.6499937772750854 -0.24347370862960815
-0.460222989320755 -0.6694396138191223 -0.24362504482269287
-0.43328043818473816 -0.6879405975341797 -0.24381613731384277
-0.4056593179702759 -0.7054763436317444 -0.24404865503311157
-0.37739160656929016 -0.7220172882080078 -0.24431967735290527
-0.3485052287578583 -0.7375422120094299 -0.24463212490081787
-0.31903132796287537 -0.7520371079444885 -0.24498432874679565
-0.2890034019947052 -0.7654796242713928 -0.24537616968154907
-0.25844883918762207 -0.7778410315513611 -0.24580705165863037
-0.22740601003170013 -0.7891097068786621 -0.24627703428268433
-0.19590120017528534 -0.7992610335350037 -0.2467867136001587
-0.16397757828235626 -0.8082823753356934 -0.24733418226242065
-0.13166172802448273 -0.8161411881446838 -0.247919499874115
-0.09899325668811798 -0.822841227054596 -0.24854207038879395
-0.06600961089134216 -0.828355610370636 -0.24920308589935303
-0.03274720534682274 -0.832657516002655 -0.24990010261535645
0.0007540774531662464 -0.835746705532074 -0.25063252449035645
0.03445705771446228 -0.8376002907752991 -0.25140154361724854
0.06832055747509003 -0.8382099270820618 -0.25220417976379395
0.10230027139186859 -0.8375589847564697 -0.2530428171157837
0.13635395467281342 -0.8356351256370544 -0.25391316413879395
0.17044229805469513 -0.8324305415153503 -0.2548177242279053
0.2045166790485382 -0.8279353976249695 -0.2557539939880371
0.23853297531604767 -0.8221369981765747 -0.2567189335823059
0.27244389057159424 -0.8150336742401123 -0.2577168941497803
0.30620354413986206 -0.8066161870956421 -0.25874102115631104
0.3397580683231354 -0.7968816757202148 -0.25979387760162354
0.3730643689632416 -0.785836935043335 -0.2608742117881775
0.4060688316822052 -0.7734673619270325 -0.2619795799255371
0.4387173056602478 -0.7597816586494446 -0.2631099224090576
0.4709603488445282 -0.7447736859321594 -0.2642616629600525
0.5027440786361694 -0.7284600138664246 -0.2654353976249695
0.5340126752853394 -0.7108526229858398 -0.26662981510162354
0.564715564250946 -0.6919415593147278 -0.2678425908088684
0.5947925448417664 -0.6717458963394165 -0.26907122135162354
0.6241881847381592 -0.6502894759178162 -0.2703157663345337
0.6528480052947998 -0.6275730133056641 -0.27157366275787354
0.6807159781455994 -0.6036282181739807 -0.2728419899940491
0.7077335119247437 -0.5784705877304077 -0.2741206884384155
0.7338438630104065 -0.5521314144134521 -0.2754073143005371
0.7589887976646423 -0.5246341824531555 -0.2766988277435303
0.7831148505210876 -0.49600306153297424 -0.2779945731163025
0.8061632513999939 -0.4662887156009674 -0.27928972244262695
0.8280784487724304 -0.4355110228061676 -0.2805849313735962
0.8488064408302307 -0.4037214517593384 -0.2818770408630371
0.868293285369873 -0.37095585465431213 -0.2831624150276184
0.8864867687225342 -0.33726611733436584 -0.2844405174255371
0.9033343195915222 -0.3026961088180542 -0.2857069969177246
0.9187861680984497 -0.267305850982666 -0.28696000576019287
0.9327928423881531 -0.23115170001983643 -0.2881978154182434
0.9453160762786865 -0.19428032636642456 -0.28941667079925537
0.956306517124176 -0.15676750242710114 -0.29061663150787354
0.96572345495224 -0.11867513507604599 -0.29179155826568604
0.9735310673713684 -0.0800621286034584 -0.2929384112358093
0.9796911478042603 -0.041025906801223755 -0.29405903816223145
0.9841800332069397 -0.001612277003005147 -0.2951472997665405
0.9869620203971863 0.03808858245611191 -0.29620200395584106
0.9880184531211853 0.0780065730214119 -0.29722005128860474
0.9873239398002625 0.11804553121328354 -0.2981984615325928
0.9848690629005432 0.15813742578029633 -0.29913651943206787
0.9806354641914368 0.19819636642932892 -0.3000301122665405
0.9746184945106506 0.23812608420848846 -0.3008778691291809
0.9668201208114624 0.27784833312034607 -0.3016774654388428
0.9572386145591736 0.3172779083251953 -0.302425742149353
0.94588303565979 0.3563234210014343 -0.3031221628189087
0.9279518723487854 0.3928534686565399 -0.3021968603134155
0.9023255705833435 0.42555537819862366 -0.2991841435432434
0.8755127191543579 0.4568102955818176 -0.2961476445198059
0.8476075530052185 0.48656824231147766 -0.29309403896331787
0.8187140226364136 0.514804482460022 -0.29003071784973145
0.7889273762702942 0.5415195226669312 -0.28696370124816895
0.7583435773849487 0.5666861534118652 -0.28390341997146606
0.7270550727844238 0.5903055667877197 -0.2808534502983093
0.6951482892036438 0.6123719215393066 -0.27781999111175537
0.6627110242843628 0.632891058921814 -0.2748122215270996
0.6298271417617798 0.6518695950508118 -0.2718312740325928
0.5965719223022461 0.6693234443664551 -0.26888322830200195
0.5630221366882324 0.6852723956108093 -0.26597368717193604
0.5292515754699707 0.6997248530387878 -0.2631068825721741
0.4953252971172333 0.7127147316932678 -0.2602840065956116
0.461304247379303 0.7242450714111328 -0.25751179456710815
0.42725640535354614 0.734368622303009 -0.2547908425331116
0.3941044211387634 0.7447407841682434 -0.2526857256889343
0.36422836780548096 0.7607828378677368 -0.2529500126838684
0.3336530923843384 0.775513768196106 -0.2531788945198059
0.30243584513664246 0.788898766040802 -0.2533717751502991
0.27064356207847595 0.8009127974510193 -0.25352925062179565
0.2383406013250351 0.8115273118019104 -0.2536482810974121
0.20559018850326538 0.8207180500030518 -0.2537294626235962
0.17245939373970032 0.8284561038017273 -0.25377339124679565
0.13902027904987335 0.8347463011741638 -0.2537801265716553
0.10533811151981354 0.8395602107048035 -0.2537496089935303
0.07148189097642899 0.8428876996040344 -0.2536799907684326
0.03752322867512703 0.8447225093841553 -0.25357377529144287
0.0035330690443515778 0.8450734615325928 -0.25343096256256104
-0.030420389026403427 0.8439270853996277 -0.2532497048377991
-0.06426846981048584 0.8413007259368896 -0.25303423404693604
-0.09793823957443237 0.8371992111206055 -0.25278156995773315
-0.13136832416057587 0.8316375017166138 -0.2524935007095337
-0.16448281705379486 0.8246353268623352 -0.2521718144416809
-0.19722279906272888 0.8162005543708801 -0.2518153786659241
-0.22952033579349518 0.8063660264015198 -0.2514278292655945
-0.26131466031074524 0.7951586246490479 -0.2510066628456116
-0.29254090785980225 0.7825964689254761 -0.2505556344985962
-0.3231429159641266 0.768726646900177 -0.25007402896881104
-0.3530636131763458 0.7535765767097473 -0.24956440925598145
-0.38224729895591736 0.7371819615364075 -0.24902665615081787
-0.4106423258781433 0.7195867300033569 -0.24846208095550537
-0.43819671869277954 0.7008273005485535 -0.2478737235069275
-0.4648647606372833 0.6809567213058472 -0.24726033210754395
-0.49060148000717163 0.6600204706192017 -0.24662554264068604
-0.5153637528419495 0.6380681991577148 -0.24597007036209106
-0.5391126871109009 0.6151388883590698 -0.24529379606246948
-0.5618140697479248 0.5912917852401733 -0.24460160732269287
-0.5834295749664307 0.5665776133537292 -0.24388998746871948
-0.6039322018623352 0.5410531163215637 -0.2431654930114746
-0.6232936978340149 0.5147672295570374 -0.24242514371871948
-0.6414898037910461 0.4877733588218689 -0.2416737675666809
-0.6584966778755188 0.4601368308067322 -0.24091267585754395
-0.6742954254150391 0.4319082498550415 -0.24014055728912354
-0.6888707876205444 0.40313518047332764 -0.23936057090759277
-0.7022072672843933 0.37388455867767334 -0.23857438564300537
-0.7142935991287231 0.3442085385322571 -0.2377840280532837
-0.7251229882240295 0.3141602873802185 -0.2369893193244934
-0.7346880435943604 0.28380057215690613 -0.23619341850280762
-0.742985725402832 0.25317928194999695 -0.23539572954177856
-0.750016450881958 0.22234715521335602 -0.23459982872009277
-0.7557778358459473 0.19136983156204224 -0.23380327224731445
-0.7602771520614624 0.16028375923633575 -0.23301291465759277
-0.7635164260864258 0.1291516274213791 -0.2322249412536621
-0.765506386756897 0.0980222225189209 -0.23144304752349854
-0.7662540674209595 0.0669475570321083 -0.2306685447692871
-0.7657704949378967 0.035964854061603546 -0.22990071773529053
-0.7640690803527832 0.005142935551702976 -0.2291426658630371
-0.7611668109893799 -0.025495372712612152 -0.2283949851989746
-0.7570778727531433 -0.05590050294995308 -0.22765886783599854
-0.7518190145492554 -0.08601466566324234 -0.22693383693695068
-0.7454113960266113 -0.11580251157283783 -0.22622334957122803
-0.7378724813461304 -0.14522548019886017 -0.2255263328552246
-0.7292266488075256 -0.174239844083786 -0.22484338283538818
-0.719494104385376 -0.2028104066848755 -0.22417867183685303
-0.7087015509605408 -0.23090070486068726 -0.22352921962738037
-0.6968702673912048 -0.25847142934799194 -0.22289812564849854
-0.6840295791625977 -0.2854934632778168 -0.22228479385375977
-0.6702018976211548 -0.3119194507598877 -0.22168970108032227
-0.6573876738548279 -0.3387533128261566 -0.22177934646606445
-0.6482804417610168 -0.3677705228328705 -0.22351884841918945
-0.6380964517593384 -0.39671939611434937 -0.2253279685974121
-0.6268196702003479 -0.42556798458099365 -0.22720849514007568
-0.6144388914108276 -0.45429527759552 -0.22916090488433838
-0.6009361743927002 -0.4828542470932007 -0.23118364810943604
-0.5862966179847717 -0.5112050771713257 -0.23327410221099854
-0.5705099701881409 -0.5393109917640686 -0.23543596267700195
-0.5535587072372437 -0.5671326518058777 -0.237665593624115
-0.5354375243186951 -0.5946204662322998 -0.23996293544769287
-0.5161341428756714 -0.6217265129089355 -0.2423262596130371
-0.49298548698425293 -0.644933819770813 -0.24344193935394287
-0.4669282138347626 -0.6646113991737366 -0.24358296394348145
-0.4401603937149048 -0.6833535432815552 -0.2437642216682434
-0.41270744800567627 -0.7011318802833557 -0.24398577213287354
-0.38460010290145874 -0.7179247140884399 -0.24424701929092407
-0.3558671176433563 -0.7337107062339783 -0.24454915523529053
-0.32653990387916565 -0.7484718561172485 -0.24489092826843262
-0.2966495156288147 -0.7621786594390869 -0.24527299404144287
-0.26622363924980164 -0.7748138904571533 -0.24569475650787354
-0.2353001981973648 -0.7863582372665405 -0.24615436792373657
-0.20391234755516052 -0.7967973351478577 -0.24665427207946777
-0.17208905518054962 -0.8061059713363647 -0.24719196557998657
-0.13986901938915253 -0.8142685294151306 -0.24776816368103027
-0.10728702694177628 -0.8212547302246094 -0.24838095903396606
-0.07437971979379654 -0.8270727396011353 -0.24903279542922974
-0.04118341580033302 -0.831680417060852 -0.24972003698349
-0.007738672662526369 -0.8350812196731567 -0.2504439353942871
0.025915419682860374 -0.8372517824172974 -0.25120383501052856
0.0597427599132061 -0.8381732106208801 -0.2519984841346741
0.09369773417711258 -0.8378402590751648 -0.2528279423713684
0.12773805856704712 -0.8362404704093933 -0.25369036197662354
0.16182222962379456 -0.8333579301834106 -0.25458699464797974
0.19590365886688232 -0.8291870951652527 -0.2555134892463684
0.2299378514289856 -0.8237268924713135 -0.2564723491668701
0.26388007402420044 -0.8169527053833008 -0.2574611306190491
0.2976808249950409 -0.8088741898536682 -0.2584798336029053
0.33129388093948364 -0.79947429895401 -0.25952595472335815
0.3646666407585144 -0.7887579798698425 -0.26059895753860474
0.3977509140968323 -0.7767234444618225 -0.26169759035110474
0.4304963946342468 -0.7633644342422485 -0.26282185316085815
0.4628463387489319 -0.7486968636512756 -0.26396870613098145
0.4947531223297119 -0.7327112555503845 -0.2651368975639343
0.5261557102203369 -0.7154303193092346 -0.2663264870643616
0.5570055246353149 -0.6968443989753723 -0.2675337791442871
0.5872470736503601 -0.6769734025001526 -0.2687593698501587
0.6168214678764343 -0.6558289527893066 -0.2700002193450928
0.6456725001335144 -0.6334348320960999 -0.2712550759315491
0.6737468838691711 -0.6097998023033142 -0.27252036333084106
0.700984537601471 -0.5849468111991882 -0.2737972140312195
0.7273293137550354 -0.5589036345481873 -0.2750813961029053
0.7527259588241577 -0.5316939949989319 -0.27637165784835815
0.7771139740943909 -0.5033527612686157 -0.2776656150817871
0.8004382252693176 -0.47390756011009216 -0.2789626121520996
0.8226466178894043 -0.4433947801589966 -0.2802577614784241
0.8436819314956665 -0.41185736656188965 -0.281549870967865
-0.6580103635787964 -0.1927308291196823 -0.22470414638519287
-0.6480123996734619 -0.21844062209129333 -0.22411024570465088
-0.6370617747306824 -0.24369141459465027 -0.22353291511535645
-0.6251749396324158 -0.2684294283390045 -0.22297143936157227
-0.6139804124832153 -0.2933945059776306 -0.2230074405670166
-0.6059411764144897 -0.32008546590805054 -0.22458398342132568
-0.5969135761260986 -0.3467019498348236 -0.2262251377105713
-0.5868844985961914 -0.3732038140296936 -0.22793054580688477
-0.5758445262908936 -0.39957740902900696 -0.2296992540359497
-0.5637773871421814 -0.4257754385471344 -0.23153281211853027
-0.5506789684295654 -0.4517635703086853 -0.23342853784561157
-0.5365335941314697 -0.47750619053840637 -0.23538655042648315
-0.5213372707366943 -0.5029690265655518 -0.23740559816360474
-0.5050811767578125 -0.5281032919883728 -0.23948442935943604
-0.48775848746299744 -0.552875280380249 -0.24162250757217407
-0.46936365962028503 -0.5772278308868408 -0.24381792545318604
-0.4490739405155182 -0.6000339388847351 -0.24562031030654907
-0.4248315989971161 -0.6179631948471069 -0.24576067924499512
-0.3999359607696533 -0.6349999904632568 -0.24593889713287354
-0.37441346049308777 -0.6511352062225342 -0.24615436792373657
-0.3482922315597534 -0.6663399338722229 -0.24640703201293945
-0.3216031789779663 -0.6806079149246216 -0.24669760465621948
-0.29437020421028137 -0.6939033269882202 -0.2470259666442871
-0.26663079857826233 -0.7062185406684875 -0.24739032983779907
-0.23841029405593872 -0.7175251841545105 -0.24779069423675537
-0.20974239706993103 -0.7278165221214294 -0.24822837114334106
-0.18065720796585083 -0.7370632290840149 -0.24870139360427856
-0.1511906534433365 -0.7452502846717834 -0.24920976161956787
-0.12137393653392792 -0.7523636817932129 -0.24975359439849854
-0.09123941510915756 -0.7583852410316467 -0.250332236289978
-0.060826376080513 -0.7633070945739746 -0.2509456276893616
-0.030168477445840836 -0.7671031355857849 -0.2515919804573059
0.0006961433682590723 -0.7697694897651672 -0.25227195024490356
0.03172800689935684 -0.7712944149971008 -0.2529842257499695
0.0628938302397728 -0.7716596722602844 -0.2537282109260559
0.09415246546268463 -0.7708568572998047 -0.25450456142425537
0.12546278536319733 -0.7688778638839722 -0.2553102374076843
0.15678229928016663 -0.7657063603401184 -0.25614702701568604
0.18806973099708557 -0.761349618434906 -0.25701069831848145
0.2192816287279129 -0.7557911276817322 -0.2579036355018616
0.2503804564476013 -0.7490196228027344 -0.2588246464729309
0.28131136298179626 -0.741051197052002 -0.25976884365081787
0.31203752756118774 -0.7318708300590515 -0.26074057817459106
0.34251147508621216 -0.7214728593826294 -0.2617366313934326
0.3726818859577179 -0.7098703384399414 -0.26275408267974854
0.4025042951107025 -0.697062075138092 -0.2637935280799866
0.43192970752716064 -0.6830500364303589 -0.2648531198501587
0.46090763807296753 -0.6678435206413269 -0.2659316062927246
0.4893929362297058 -0.6514491438865662 -0.2670283913612366
0.517331600189209 -0.6338793039321899 -0.26814043521881104
0.5446744561195374 -0.6151514649391174 -0.2692677974700928
0.5713732242584229 -0.595263659954071 -0.2704073190689087
0.5973738431930542 -0.5742479562759399 -0.27155840396881104
0.6226259469985962 -0.5521175861358643 -0.27271872758865356
0.647080659866333 -0.5288938283920288 -0.27388691902160645
0.6706811785697937 -0.5046120882034302 -0.27506184577941895
0.6933836340904236 -0.479282945394516 -0.2762410640716553
0.7151342630386353 -0.452946275472641 -0.2774202227592468
0.7358839511871338 -0.425638884305954 -0.27860188484191895
0.755583643913269 -0.39738214015960693 -0.279779851436615
0.7741839289665222 -0.3682282865047455 -0.2809547781944275
0.7916399836540222 -0.3382073938846588 -0.28212296962738037
0.8079031705856323 -0.3073679506778717 -0.28328263759613037
0.8229321837425232 -0.27576014399528503 -0.28443318605422974
0.8366836309432983 -0.24342189729213715 -0.2855684161186218
0.8491138219833374 -0.21041063964366913 -0.28669023513793945
0.8601857423782349 -0.17678509652614594 -0.28779441118240356
0.8698617815971375 -0.142592191696167 -0.28887778520584106
0.8781058192253113 -0.10791027545928955 -0.2899410128593445
0.8848907351493835 -0.07277285307645798 -0.29097676277160645
0.8901820182800293 -0.03727414086461067 -0.2919881343841553
0.893957793712616 -0.0014563992153853178 -0.2929701805114746
0.89618980884552 0.03458866849541664 -0.2939198613166809
0.8968647718429565 0.07080932706594467 -0.29483723640441895
0.8959617018699646 0.10712417215108871 -0.29571855068206787
0.8934726715087891 0.14346085488796234 -0.29656147956848145
0.8893862962722778 0.1797516644001007 -0.2973659038543701
0.8836997747421265 0.21591542661190033 -0.2981276512145996
0.8764117360115051 0.2518668472766876 -0.2988460063934326
0.867523193359375 0.28754350543022156 -0.2995173931121826
0.856675386428833 0.3227176070213318 -0.3000118136405945
0.8356032371520996 0.3537607491016388 -0.29737627506256104
0.8133363723754883 0.38359200954437256 -0.29470598697662354
0.7899553775787354 0.4121679663658142 -0.29200583696365356
0.7655490636825562 0.4394552707672119 -0.2892873287200928
0.7402022480964661 0.4654408395290375 -0.28655171394348145
0.7139948606491089 0.4900814890861511 -0.28381121158599854
0.6870126724243164 0.5133833289146423 -0.2810683250427246
0.6593337655067444 0.5353229641914368 -0.2783302664756775
0.6310334205627441 0.5558931231498718 -0.27560198307037354
0.6021910905838013 0.5750972628593445 -0.2728896141052246
0.5728755593299866 0.5929334163665771 -0.2701961398124695
0.5431590676307678 0.6093987226486206 -0.26753008365631104
0.5131124258041382 0.6245256066322327 -0.26489096879959106
0.48279619216918945 0.6383060216903687 -0.2622859477996826
0.4522722661495209 0.6507624983787537 -0.25971758365631104
0.4216010868549347 0.6619101166725159 -0.2571895122528076
0.39083874225616455 0.6717765927314758 -0.25470417737960815
0.3600342273712158 0.6803637742996216 -0.25226521492004395
0.33081841468811035 0.6909983158111572 -0.2510682940483093
0.3030197322368622 0.7043096423149109 -0.2512752413749695
0.27465012669563293 0.7164164781570435 -0.2514491677284241
0.24576576054096222 0.7272880673408508 -0.2515895366668701
0.21642161905765533 0.7368977665901184 -0.25169694423675537
0.18667639791965485 0.7452184557914734 -0.2517696022987366
0.15659275650978088 0.7522374391555786 -0.25180989503860474
0.1262277513742447 0.757943332195282 -0.2518159747123718
0.09564591944217682 0.762323260307312 -0.2517879009246826
0.06490706652402878 0.7653651237487793 -0.2517256736755371
0.03407106548547745 0.7670571208000183 -0.25163042545318604
0.0032076488714665174 0.7674123048782349 -0.2515004277229309
-0.02762664668262005 0.7664311528205872 -0.2513387203216553
-0.05837015062570572 0.7641013860702515 -0.2511439919471741
-0.08896016329526901 0.760449230670929 -0.2509151101112366
-0.11933573335409164 0.7554780840873718 -0.2506563067436218
-0.14943812787532806 0.7491995692253113 -0.2503657937049866
-0.17920374870300293 0.7416397929191589 -0.2500453591346741
-0.20858100056648254 0.732804000377655 -0.24969440698623657
-0.23750923573970795 0.7227228879928589 -0.2493147850036621
-0.26593440771102905 0.7114284038543701 -0.2489064335823059
-0.29380568861961365 0.6989415287971497 -0.24847185611724854
-0.3210706114768982 0.6852905750274658 -0.24801105260849
-0.34767818450927734 0.6705120801925659 -0.24752581119537354
-0.37358108162879944 0.6546432375907898 -0.2470155954360962
-0.3987334072589874 0.6377138495445251 -0.24648332595825195
-0.4230940639972687 0.6197738647460938 -0.24592852592468262
-0.4466218948364258 0.6008540391921997 -0.24535298347473145
-0.46927496790885925 0.5810083150863647 -0.24475908279418945
-0.4910220205783844 0.5602614283561707 -0.24414753913879395
-0.5118274092674255 0.5386801958084106 -0.24351823329925537
-0.5316573977470398 0.5162968039512634 -0.24287372827529907
-0.5504859685897827 0.49316826462745667 -0.24221575260162354
-0.5682865977287292 0.4693397879600525 -0.24154436588287354
-0.5850379467010498 0.44484999775886536 -0.2408614158630371
-0.6007140874862671 0.4197597801685333 -0.240168035030365
-0.6152989268302917 0.39411649107933044 -0.23946613073349
-0.628778874874115 0.3679679334163666 -0.23875689506530762
-0.6411331295967102 0.3413645327091217 -0.23804032802581787
-0.6523587107658386 0.314360111951828 -0.23732012510299683
-0.6624388694763184 0.28700965642929077 -0.23659563064575195
-0.6713724136352539 0.2593478858470917 -0.23586875200271606
-0.6791534423828125 0.23142816126346588 -0.23514115810394287
-0.6857792735099792 0.20330828428268433 -0.23441362380981445
-0.691248893737793 0.17502693831920624 -0.23368608951568604
-0.6955642104148865 0.14664287865161896 -0.23296284675598145
-0.6987296938896179 0.11819199472665787 -0.23224198818206787
-0.7007489800453186 0.08973341435194016 -0.2315266728401184
-0.7016315460205078 0.061307866126298904 -0.23081624507904053
-0.7013869881629944 0.032944582402706146 -0.23011374473571777
-0.7000240087509155 0.004707507789134979 -0.22941851615905762
-0.6975528597831726 -0.023362409323453903 -0.22873246669769287
-0.69399493932724 -0.051241397857666016 -0.2280561923980713
-0.6893578767776489 -0.07886959612369537 -0.22739160060882568
-0.6836598515510559 -0.10621223598718643 -0.22673726081848145
-0.6769178509712219 -0.13322705030441284 -0.22609639167785645
-0.6691532135009766 -0.15989024937152863 -0.2254701852798462
-0.6603860259056091 -0.1861511617898941 -0.22485673427581787
-0.6506339907646179 -0.21198678016662598 -0.2242586612701416
-0.6399205327033997 -0.23735351860523224 -0.2236769199371338
-0.6282699704170227 -0.26222702860832214 -0.2231123447418213
-0.6158579587936401 -0.2866344749927521 -0.2226191759109497
-0.6080665588378906 -0.3133341670036316 -0.22417867183685303
-0.5992923378944397 -0.3399777114391327 -0.22580397129058838
-0.5895172953605652 -0.3665143549442291 -0.22749292850494385
-0.5787322521209717 -0.39292246103286743 -0.2292463779449463
-0.5669267177581787 -0.41916921734809875 -0.23106342554092407
-0.5540897250175476 -0.44521400332450867 -0.23294329643249512
-0.5402116179466248 -0.47102370858192444 -0.23488545417785645
-0.5252823233604431 -0.4965575635433197 -0.23688864707946777
-0.5092933177947998 -0.5217822790145874 -0.23895281553268433
-0.4922412931919098 -0.5466479659080505 -0.24107623100280762
-0.47411808371543884 -0.5711133480072021 -0.2432570457458496
-0.45492082834243774 -0.5951402187347412 -0.24549520015716553
-0.43102627992630005 -0.6135094165802002 -0.24572104215621948
-0.4062923192977905 -0.6307706832885742 -0.2458900809288025
-0.38092467188835144 -0.6471355557441711 -0.24609637260437012
-0.3549538850784302 -0.6625863909721375 -0.24634051322937012
-0.32840386033058167 -0.6770871877670288 -0.24662065505981445
-0.3013082444667816 -0.6906312704086304 -0.2469380497932434
-0.2736922800540924 -0.7031941413879395 -0.24729514122009277
-0.2455909699201584 -0.7147608995437622 -0.2476857304573059
-0.21703198552131653 -0.7253144979476929 -0.24811482429504395
-0.18805046379566193 -0.7348166704177856 -0.24857866764068604
-0.15867748856544495 -0.7432767152786255 -0.24907797574996948
-0.12894479930400848 -0.7506689429283142 -0.2496132254600525
-0.09888870269060135 -0.7569704651832581 -0.2501832842826843
-0.06854323297739029 -0.7621667385101318 -0.2507869601249695
-0.03794393688440323 -0.7662506103515625 -0.25142598152160645
-0.007128553465008736 -0.7692066431045532 -0.25209736824035645
0.02386602573096752 -0.7710197567939758 -0.2528011202812195
0.05500223487615585 -0.771678626537323 -0.25353777408599854
0.08624044060707092 -0.7711674571037292 -0.2543056011199951
0.11754151433706284 -0.7694822549819946 -0.25510334968566895
0.14886191487312317 -0.7666221261024475 -0.2559322118759155
0.18016256392002106 -0.7625637054443359 -0.2567897439002991
0.2113981544971466 -0.7573095560073853 -0.2576753497123718
0.242527574300766 -0.7508514523506165 -0.25858843326568604
0.2735070586204529 -0.7431846261024475 -0.25952839851379395
0.3042892813682556 -0.7343072891235352 -0.260492742061615
0.3348299264907837 -0.7242221832275391 -0.26148152351379395
0.3650822043418884 -0.7129200100898743 -0.26249468326568604
0.3949958384037018 -0.7004140615463257 -0.26352864503860474
0.4245266616344452 -0.6867110133171082 -0.2645833492279053
0.4536241888999939 -0.6718007922172546 -0.2656569480895996
0.48223942518234253 -0.65570467710495 -0.2667500972747803
0.5103204250335693 -0.6384395956993103 -0.2678578495979309
0.5378193259239197 -0.6199957728385925 -0.2689815163612366
0.5646856427192688 -0.6003983616828918 -0.27011799812316895
0.5908664464950562 -0.5796677470207214 -0.2712666988372803
0.6163125038146973 -0.5578173398971558 -0.2724239230155945
0.6409737467765808 -0.5348684191703796 -0.2735915184020996
0.6647951602935791 -0.5108487010002136 -0.2747645974159241
0.6877288818359375 -0.48578763008117676 -0.2759413719177246
0.7097250819206238 -0.4597063362598419 -0.27712178230285645
0.7307314872741699 -0.43263712525367737 -0.27830278873443604
0.7507036328315735 -0.4046177268028259 -0.2794826030731201
0.7695867419242859 -0.37568390369415283 -0.28065812587738037
-0.6073155999183655 -0.17788070440292358 -0.22530043125152588
-0.598210334777832 -0.20166108012199402 -0.22474992275238037
-0.5882161855697632 -0.22500476241111755 -0.22421526908874512
-0.5775168538093567 -0.24796438217163086 -0.22375810146331787
-0.5706772208213806 -0.2726995050907135 -0.22517716884613037
-0.5629251599311829 -0.29736053943634033 -0.2266554832458496
-0.5542507171630859 -0.3219183385372162 -0.2281935214996338
-0.5446460247039795 -0.34634724259376526 -0.22979021072387695
-0.5340997576713562 -0.37061065435409546 -0.23144489526748657
-0.5226058959960938 -0.39467862248420715 -0.23315691947937012
-0.5101585984230042 -0.4185212254524231 -0.23492449522018433
-0.49674689769744873 -0.44209393858909607 -0.23674887418746948
-0.48237189650535583 -0.4653731882572174 -0.23862814903259277
-0.46702390909194946 -0.48831042647361755 -0.2405598759651184
-0.4507046043872833 -0.5108702182769775 -0.2425447702407837
-0.43340760469436646 -0.5330110788345337 -0.24457967281341553
-0.41513752937316895 -0.5546931028366089 -0.2466646432876587
-0.39402416348457336 -0.5731474161148071 -0.24761980772018433
-0.3709125518798828 -0.5889127850532532 -0.24778586626052856
-0.3472211956977844 -0.603837251663208 -0.2479872703552246
-0.32297325134277344 -0.6179004907608032 -0.24822348356246948
-0.2981967329978943 -0.6310775279998779 -0.2484956979751587
-0.272921621799469 -0.6433428525924683 -0.24880146980285645
-0.2471742182970047 -0.6546874046325684 -0.24914145469665527
-0.22098863124847412 -0.6650964617729187 -0.24951618909835815
-0.1943894922733307 -0.6745378971099854 -0.24992388486862183
-0.16741088032722473 -0.6830165982246399 -0.2503657937049866
-0.14008229970932007 -0.690495491027832 -0.2508394122123718
-0.11243708431720734 -0.6969757080078125 -0.25134724378585815
-0.0845092236995697 -0.7024426460266113 -0.251886785030365
-0.056329622864723206 -0.7068707346916199 -0.2524580955505371
-0.02793208882212639 -0.7102491855621338 -0.25305986404418945
0.0006420374847948551 -0.7125853896141052 -0.2536928057670593
0.029365800321102142 -0.7138388156890869 -0.25435566902160645
0.05819621682167053 -0.7140204906463623 -0.25504839420318604
0.08710071444511414 -0.7131081223487854 -0.2557692527770996
0.11603628844022751 -0.7111127972602844 -0.25651872158050537
0.1449664980173111 -0.7080075740814209 -0.2572951316833496
0.17385278642177582 -0.7038003206253052 -0.2580983638763428
0.20265474915504456 -0.6984791159629822 -0.2589278221130371
0.2313295602798462 -0.6920392513275146 -0.2597804665565491
0.2598375976085663 -0.6844844818115234 -0.26065754890441895
0.28813600540161133 -0.6758100390434265 -0.2615572214126587
0.3161812126636505 -0.666015088558197 -0.26247942447662354
0.343930184841156 -0.6551104187965393 -0.26342058181762695
0.37133899331092834 -0.6430872678756714 -0.26438188552856445
0.398362398147583 -0.6299676895141602 -0.2653615474700928
0.42495471239089966 -0.6157463192939758 -0.2663576006889343
0.4510723650455475 -0.6004418134689331 -0.2673695683479309
0.4766663610935211 -0.5840559601783752 -0.2683956027030945
0.5016967058181763 -0.5666041374206543 -0.2694356441497803
0.5261105298995972 -0.548106849193573 -0.27048540115356445
0.5498670935630798 -0.5285792350769043 -0.2715449929237366
0.5729159116744995 -0.5080346465110779 -0.2726131081581116
0.5952137112617493 -0.4864993095397949 -0.2736879587173462
0.6167120933532715 -0.4640025496482849 -0.2747664451599121
0.6373674273490906 -0.44056668877601624 -0.2758498191833496
0.6571344137191772 -0.416209876537323 -0.2769331932067871
0.6759688258171082 -0.3909778296947479 -0.2780147194862366
0.6938250660896301 -0.3649040758609772 -0.2790950536727905
0.710659921169281 -0.33801504969596863 -0.28016984462738037
0.7264356017112732 -0.31035372614860535 -0.2812398076057434
0.7411103248596191 -0.2819584608078003 -0.28230059146881104
0.7546428442001343 -0.2528754472732544 -0.28335040807724
0.7669987082481384 -0.22314059734344482 -0.2843892574310303
0.7781394720077515 -0.19282402098178864 -0.2854121923446655
0.7880306839942932 -0.16195768117904663 -0.2864186763763428
0.7966424822807312 -0.13059787452220917 -0.28740739822387695
0.803945004940033 -0.09879699349403381 -0.28837424516677856
0.8099102973937988 -0.06661166995763779 -0.2893178462982178
0.8145163655281067 -0.0341036356985569 -0.2902376055717468
0.8177348971366882 -0.0013411398977041245 -0.29113054275512695
0.8195521235466003 0.031631845980882645 -0.2919936180114746
0.8199506402015686 0.06473718583583832 -0.2928273677825928
0.8189172744750977 0.09791910648345947 -0.2936275005340576
0.8164417147636414 0.13110189139842987 -0.29439228773117065
0.8125143647193909 0.16421350836753845 -0.2951216697692871
0.8071413040161133 0.19720609486103058 -0.2958119511604309
0.8003169894218445 0.22999905049800873 -0.2964625954627991
0.7920474410057068 0.2625249922275543 -0.29707109928131104
0.7773246765136719 0.2928260862827301 -0.29572832584381104
0.7588220238685608 0.3212501108646393 -0.29336869716644287
0.7392092943191528 0.34862807393074036 -0.29097306728363037
0.7185609936714172 0.3749140202999115 -0.28855061531066895
0.6969486474990845 0.40008190274238586 -0.2861037254333496
0.6744428277015686 0.42409035563468933 -0.28363972902297974
0.6511190533638 0.4469281733036041 -0.28116536140441895
0.6270461678504944 0.46856990456581116 -0.27868491411209106
0.6022947430610657 0.48901307582855225 -0.2762044072151184
0.5769325494766235 0.5082324743270874 -0.27373063564300537
0.551024317741394 0.5262306332588196 -0.2712642550468445
0.5246415734291077 0.5430049300193787 -0.2688136696815491
0.4978416860103607 0.5585556626319885 -0.2663814425468445
0.47068920731544495 0.5728892087936401 -0.2639705538749695
0.4432394504547119 0.5860100984573364 -0.26158833503723145
0.41555044054985046 0.5979261994361877 -0.2592341899871826
0.38767603039741516 0.6086539030075073 -0.2569136619567871
0.3596670925617218 0.6181947588920593 -0.2546284794807434
0.33157485723495483 0.6265813112258911 -0.25238358974456787
0.3034442663192749 0.6338239312171936 -0.2501790523529053
0.2771483063697815 0.644177258014679 -0.24966692924499512
0.25118911266326904 0.6552218198776245 -0.24982380867004395
0.22475899755954742 0.6651235818862915 -0.24995195865631104
0.19791527092456818 0.6738825440406799 -0.25004899501800537
0.17070996761322021 0.681476891040802 -0.2501155734062195
0.14319771528244019 0.6878876686096191 -0.2501521706581116
0.11543159186840057 0.6931082606315613 -0.2501576542854309
0.08746547996997833 0.6971161961555481 -0.2501320242881775
0.059356044977903366 0.6999078392982483 -0.2500758767127991
0.03116144984960556 0.7014872431755066 -0.24998921155929565
0.0029333210550248623 0.7018400430679321 -0.24987143278121948
-0.025268130004405975 0.7009854316711426 -0.24972492456436157
-0.053389761596918106 0.6988970637321472 -0.2495473027229309
-0.08137679845094681 0.6956108212471008 -0.24933981895446777
-0.10916993767023087 0.6911263465881348 -0.24910420179367065
-0.13671962916851044 0.6854532957077026 -0.24883991479873657
-0.16397233307361603 0.6785964965820312 -0.24854815006256104
-0.19087554514408112 0.6705997586250305 -0.24822956323623657
-0.2173774242401123 0.6614645719528198 -0.2478840947151184
-0.2434280514717102 0.6512119174003601 -0.24751299619674683
-0.26897895336151123 0.6398749351501465 -0.2471175193786621
-0.2939858138561249 0.627475917339325 -0.24669760465621948
-0.3184003531932831 0.614051878452301 -0.24625444412231445
-0.34218069911003113 0.5996176600456238 -0.2457900047302246
-0.36528658866882324 0.5842236876487732 -0.24530476331710815
-0.38767731189727783 0.5678890347480774 -0.2447981834411621
-0.40931448340415955 0.5506643056869507 -0.24427390098571777
-0.43016332387924194 0.5325775742530823 -0.24373185634613037
-0.45019084215164185 0.5136767029762268 -0.24317342042922974
-0.46936696767807007 0.4939906895160675 -0.24259787797927856
-0.4876589775085449 0.4735713601112366 -0.2420094609260559
-0.5050402879714966 0.45246392488479614 -0.24140769243240356
-0.5214942693710327 0.43068844079971313 -0.2407936453819275
-0.5369890332221985 0.40831631422042847 -0.24016928672790527
-0.5515085458755493 0.3853793442249298 -0.2395339012145996
-0.5650362372398376 0.36191698908805847 -0.23889118432998657
-0.5775517225265503 0.337991327047348 -0.2382405400276184
-0.5890446305274963 0.31363531947135925 -0.2375856637954712
-0.5995040535926819 0.2888934314250946 -0.2369246482849121
-0.6089215278625488 0.2638183832168579 -0.23625874519348145
-0.6172848343849182 0.23845066130161285 -0.23559224605560303
-0.624594509601593 0.21283693611621857 -0.23492270708084106
-0.6308441162109375 0.1870187669992447 -0.2342543601989746
-0.636033296585083 0.16104663908481598 -0.2335866093635559
-0.6401631832122803 0.13496357202529907 -0.2329201102256775
-0.6432346105575562 0.10880868136882782 -0.23225724697113037
-0.645252525806427 0.08262569457292557 -0.23159748315811157
-0.6462227702140808 0.05645856261253357 -0.23094439506530762
-0.6461509466171265 0.030351294204592705 -0.23029685020446777
-0.645048975944519 0.004337305203080177 -0.22965598106384277
-0.6429253816604614 -0.021538853645324707 -0.22902238368988037
-0.6397904753684998 -0.047236230224370956 -0.22839868068695068
-0.6356605887413025 -0.07272432744503021 -0.2277834415435791
-0.630547046661377 -0.09795808047056198 -0.22717976570129395
-0.6244686841964722 -0.12291035056114197 -0.22658777236938477
-0.6174381375312805 -0.14753194153308868 -0.22600793838500977
-0.6094747185707092 -0.17180344462394714 -0.22544026374816895
-0.6005973219871521 -0.19568216800689697 -0.22488725185394287
-0.5908262729644775 -0.2191445678472519 -0.22434961795806885
-0.5801821351051331 -0.24215149879455566 -0.22382521629333496
-0.5724901556968689 -0.26644256711006165 -0.22481286525726318
-0.5649737119674683 -0.29113420844078064 -0.22627580165863037
-0.5565323829650879 -0.31571927666664124 -0.2277987003326416
-0.5471633076667786 -0.34017881751060486 -0.22938013076782227
-0.536856472492218 -0.3644915819168091 -0.23102068901062012
-0.5256037712097168 -0.38861238956451416 -0.2327181100845337
-0.5133963823318481 -0.41251200437545776 -0.2344728708267212
-0.500231921672821 -0.43616360425949097 -0.23628252744674683
-0.4860997200012207 -0.45951876044273376 -0.23814839124679565
-0.47099676728248596 -0.48254308104515076 -0.24006670713424683
-0.4549243450164795 -0.5052090287208557 -0.24203813076019287
-0.4378751814365387 -0.5274558663368225 -0.24406027793884277
-0.41985130310058594 -0.5492598414421082 -0.24613237380981445
-0.39977264404296875 -0.5690203309059143 -0.24758261442184448
-0.37681353092193604 -0.5850080847740173 -0.24774128198623657
-0.35326752066612244 -0.6001484990119934 -0.24793291091918945
-0.32915574312210083 -0.6144257187843323 -0.24816060066223145
-0.30451229214668274 -0.6278250813484192 -0.2484230399131775
-0.2793583869934082 -0.6403267979621887 -0.24872088432312012
-0.2537285387516022 -0.6519084572792053 -0.24905234575271606
-0.22765202820301056 -0.6625563502311707 -0.24941790103912354
-0.20115244388580322 -0.6722424030303955 -0.24981707334518433
-0.1742687076330185 -0.6809666752815247 -0.2502504587173462
-0.14702603220939636 -0.6887046098709106 -0.2507167458534241
-0.11945846676826477 -0.6954415440559387 -0.2512166500091553
-0.09159520268440247 -0.7011484503746033 -0.25174641609191895
-0.06347772479057312 -0.7058480978012085 -0.2523103952407837
-0.0351329930126667 -0.7094999551773071 -0.2529042363166809
-0.006597831845283508 -0.712088942527771 -0.2535298466682434
0.022089041769504547 -0.7136190533638 -0.2541859745979309
0.050897322595119476 -0.7140763998031616 -0.25487077236175537
0.07978624850511551 -0.7134410738945007 -0.2555842995643616
0.10871654003858566 -0.7117247581481934 -0.2563270926475525
0.1376524716615677 -0.7088968753814697 -0.2570967674255371
0.16655497252941132 -0.704973042011261 -0.25789326429367065
0.19538100063800812 -0.6999250650405884 -0.2587153911590576
0.22409188747406006 -0.6937763690948486 -0.2595632076263428
0.25264716148376465 -0.6864956617355347 -0.260433554649353
0.28100085258483887 -0.6781085133552551 -0.2613270878791809
0.3091150224208832 -0.6685958504676819 -0.2622426152229309
0.3369421362876892 -0.6579713821411133 -0.26318132877349854
0.3644406795501709 -0.6462385058403015 -0.26413655281066895
0.3915666937828064 -0.6333884000778198 -0.2651125192642212
0.4182705879211426 -0.619450032711029 -0.26610493659973145
0.44451236724853516 -0.6044194102287292 -0.26711201667785645
0.47024697065353394 -0.5883029103279114 -0.26813679933547974
0.49542316794395447 -0.571113646030426 -0.2691713571548462
0.5199970602989197 -0.5528857111930847 -0.2702180743217468
0.5439231395721436 -0.5336138606071472 -0.2712758183479309
0.5671546459197998 -0.5133275985717773 -0.27234208583831787
0.5896469354629517 -0.49204516410827637 -0.27341634035110474
0.6113520860671997 -0.46978816390037537 -0.27449357509613037
0.6322256326675415 -0.44657886028289795 -0.2755751609802246
0.652220606803894 -0.42245835065841675 -0.2766585350036621
0.6712958812713623 -0.3974417746067047 -0.2777406573295593
0.6894019246101379 -0.37157753109931946 -0.27882158756256104
0.7065002918243408 -0.3448930084705353 -0.27989888191223145
-0.563137948513031 -0.1649431437253952 -0.22581803798675537
-0.5547943115234375 -0.18701878190040588 -0.22530722618103027
-0.5456193685531616 -0.20871230959892273 -0.22481036186218262
-0.5390505790710449 -0.2314479947090149 -0.22575700283050537
-0.5324414372444153 -0.25442907214164734 -0.22709250450134277
-0.5249772071838379 -0.27731677889823914 -0.2284834384918213
-0.5166518092155457 -0.3000812530517578 -0.22992873191833496
-0.5074581503868103 -0.32269662618637085 -0.23142659664154053
-0.4973873496055603 -0.3451375365257263 -0.23297929763793945
-0.48643651604652405 -0.3673655688762665 -0.23458212614059448
-0.47460055351257324 -0.38935062289237976 -0.2362380027770996
-0.46187451481819153 -0.411062628030777 -0.23794394731521606
-0.44825828075408936 -0.4324626326560974 -0.23969870805740356
-0.4337470829486847 -0.4535166621208191 -0.2415022850036621
-0.4183425009250641 -0.47418928146362305 -0.24335038661956787
-0.40204891562461853 -0.49444857239723206 -0.2452443242073059
-0.38486236333847046 -0.5142408609390259 -0.2471821904182434
-0.36679157614707947 -0.5335371494293213 -0.24916034936904907
-0.3453894555568695 -0.5483922958374023 -0.2494099736213684
-0.32331082224845886 -0.5622585415840149 -0.24959921836853027
-0.3007146716117859 -0.5753180384635925 -0.24982136487960815
-0.2776249945163727 -0.5875349044799805 -0.2500758767127991
-0.2540707588195801 -0.598903238773346 -0.2503621578216553
-0.23008111119270325 -0.6094134449958801 -0.25068074464797974
-0.20568524301052094 -0.6190362572669983 -0.2510311007499695
-0.18090690672397614 -0.6277591586112976 -0.25141316652297974
-0.1557793915271759 -0.6355637907981873 -0.2518270015716553
-0.13033521175384521 -0.6424475312232971 -0.25227129459381104
-0.10459870845079422 -0.6483861207962036 -0.25274497270584106
-0.07860483974218369 -0.6533647179603577 -0.2532497048377991
-0.05238448455929756 -0.6573771238327026 -0.2537837624549866
-0.025973156094551086 -0.660416305065155 -0.25434648990631104
0.0005984781309962273 -0.662460446357727 -0.2549373507499695
0.027295991778373718 -0.6635067462921143 -0.25555741786956787
0.05408405512571335 -0.6635517477989197 -0.25620442628860474
0.08092843741178513 -0.6625770926475525 -0.2568776607513428
0.10778945684432983 -0.6605865359306335 -0.25757527351379395
0.1346372365951538 -0.657554566860199 -0.2583003640174866
0.16142742335796356 -0.6535034775733948 -0.2590486407279968
0.18812842667102814 -0.6484113931655884 -0.2598201632499695
0.21469777822494507 -0.6422813534736633 -0.2606160640716553
0.24109752476215363 -0.6351136565208435 -0.26143205165863037
0.2672879993915558 -0.6269120573997498 -0.2622694969177246
0.29322993755340576 -0.617668628692627 -0.26312577724456787
0.31887972354888916 -0.6074018478393555 -0.2640010714530945
0.3442017138004303 -0.5961008071899414 -0.2648952007293701
0.3691500127315521 -0.5837755799293518 -0.2658040523529053
0.39368367195129395 -0.5704415440559387 -0.2667286992073059
0.41776472330093384 -0.5560986995697021 -0.26766741275787354
0.44134441018104553 -0.5407723188400269 -0.26861894130706787
0.4643857777118683 -0.5244667530059814 -0.26958149671554565
0.48684442043304443 -0.507200300693512 -0.2705531716346741
0.5086753368377686 -0.4889833927154541 -0.27153337001800537
0.5298434495925903 -0.4698362648487091 -0.2725215554237366
0.550301194190979 -0.44979217648506165 -0.2735152244567871
0.5700083374977112 -0.4288625419139862 -0.2745106816291809
0.5889236330986023 -0.40707406401634216 -0.27551043033599854
0.6070069670677185 -0.38446155190467834 -0.2765095829963684
0.6242179870605469 -0.3610519468784332 -0.2775081396102905
0.6405153274536133 -0.3368719518184662 -0.2785030007362366
0.6558660864830017 -0.31195002794265747 -0.27949362993240356
0.6702262163162231 -0.28633561730384827 -0.2804781198501587
0.6835670471191406 -0.2600659132003784 -0.2814534306526184
0.6958471536636353 -0.23316755890846252 -0.2824196219444275
0.7070369124412537 -0.20570077002048492 -0.2833735942840576
0.7171056270599365 -0.1776982694864273 -0.2843129634857178
0.7260237336158752 -0.1492048054933548 -0.28523576259613037
0.7337573170661926 -0.12028353661298752 -0.2861427664756775
0.7402867078781128 -0.09096943587064743 -0.2870296239852905
0.7455875277519226 -0.06131599098443985 -0.28789448738098145
0.7496342062950134 -0.031388137489557266 -0.2887380123138428
0.7524132132530212 -0.0012336981017142534 -0.28955399990081787
0.7539067268371582 0.02909249998629093 -0.2903438210487366
0.7541001439094543 0.05953119322657585 -0.2911067605018616
0.7529855966567993 0.09002942591905594 -0.29183733463287354
0.7505508065223694 0.12051577121019363 -0.292536199092865
0.7467938661575317 0.15093225240707397 -0.29320210218429565
0.7417137622833252 0.18122461438179016 -0.29383260011672974
0.735310971736908 0.21131882071495056 -0.29442524909973145
0.7256713509559631 0.24052825570106506 -0.29420244693756104
0.7103323936462402 0.26759135723114014 -0.29211199283599854
0.6938989758491516 0.2937687337398529 -0.28998124599456787
0.676438570022583 0.319023460149765 -0.28781449794769287
0.6580072641372681 0.3433249294757843 -0.2856190800666809
0.6386739611625671 0.3666282296180725 -0.28339922428131104
0.6184977889060974 0.38891366124153137 -0.28116166591644287
0.5975387096405029 0.41014984250068665 -0.2789113521575928
0.5758647322654724 0.43032699823379517 -0.27665120363235474
0.5535346865653992 0.4494178295135498 -0.2743886113166809
0.530610203742981 0.46742942929267883 -0.2721266746520996
0.5071513056755066 0.48432642221450806 -0.26987141370773315
0.48321646451950073 0.5001282691955566 -0.2676253318786621
0.45886069536209106 0.514823853969574 -0.2653926610946655
0.4341409504413605 0.5284058451652527 -0.2631795406341553
0.409108430147171 0.540887176990509 -0.2609859108924866
0.38381704688072205 0.5522648096084595 -0.258816123008728
0.35831746459007263 0.5625638365745544 -0.25667500495910645
0.3326532542705536 0.5717636346817017 -0.2545638084411621
0.3068743646144867 0.5799048542976379 -0.2524867653846741
0.28102248907089233 0.5869868993759155 -0.2504439353942871
0.2551405131816864 0.5930246710777283 -0.24844014644622803
0.23108543455600739 0.6027854681015015 -0.24843156337738037
0.2067631483078003 0.6118721961975098 -0.24854880571365356
0.18206360936164856 0.6199101805686951 -0.24863851070404053
0.15703541040420532 0.6268895864486694 -0.24869894981384277
0.13172383606433868 0.6327742338180542 -0.24873310327529907
0.10618124902248383 0.6375730037689209 -0.24873673915863037
0.08045776188373566 0.6412642002105713 -0.24871420860290527
0.054600682109594345 0.6438460946083069 -0.2486622929573059
0.028665604069828987 0.6453193426132202 -0.24858355522155762
0.0026986708398908377 0.6456668972969055 -0.2484755516052246
-0.023247167468070984 0.6449053287506104 -0.24834001064300537
-0.049121588468551636 0.6430284380912781 -0.24817830324172974
-0.07487504184246063 0.6400457620620728 -0.24798905849456787
-0.1004568338394165 0.6359628438949585 -0.2477736473083496
-0.12581945955753326 0.6307933926582336 -0.24753129482269287
-0.1509118527173996 0.6245543956756592 -0.24726462364196777
-0.17569154500961304 0.6172491312026978 -0.24697226285934448
-0.2001062035560608 0.6089059114456177 -0.24665606021881104
-0.2241125851869583 0.5995512008666992 -0.24631673097610474
-0.2476695328950882 0.5891766548156738 -0.24595415592193604
-0.2707308530807495 0.5778431296348572 -0.24556845426559448
-0.2932569086551666 0.5655543208122253 -0.24516254663467407
-0.31520411372184753 0.5523481965065002 -0.2447371482849121
-0.33654212951660156 0.5382498502731323 -0.24429094791412354
-0.3572289049625397 0.5232896208763123 -0.24382710456848145
-0.377229779958725 0.507499635219574 -0.24334555864334106
-0.396513432264328 0.4909202754497528 -0.24284809827804565
-0.4150494635105133 0.47357651591300964 -0.24233359098434448
-0.4328068196773529 0.45551666617393494 -0.24180620908737183
-0.4497591555118561 0.43677040934562683 -0.24126547574996948
-0.4658823311328888 0.417375773191452 -0.24071186780929565
-0.48115333914756775 0.3973747789859772 -0.24014604091644287
-0.49555063247680664 0.3768020272254944 -0.23957234621047974
-0.509052574634552 0.35570764541625977 -0.2389882206916809
-0.5216459035873413 0.3341279625892639 -0.23839497566223145
-0.5333114266395569 0.3121018409729004 -0.23779618740081787
-0.5440397262573242 0.2896701693534851 -0.23719197511672974
-0.5538183450698853 0.26688113808631897 -0.23658162355422974
-0.5626357793807983 0.24376346170902252 -0.23596882820129395
-0.5704888701438904 0.22037102282047272 -0.2353529930114746
-0.57736736536026 0.19674068689346313 -0.23473471403121948
-0.5832696557044983 0.17291487753391266 -0.2341170310974121
-0.5881941318511963 0.14893999695777893 -0.23349934816360474
-0.5921394228935242 0.12484299391508102 -0.23288410902023315
-0.59510737657547 0.10066704452037811 -0.2322707176208496
-0.5971030592918396 0.07645592093467712 -0.2316603660583496
-0.5981259346008301 0.05226011201739311 -0.2310549020767212
-0.5981842875480652 0.028096860274672508 -0.2304549217224121
-0.5972897410392761 0.004015134181827307 -0.22986102104187012
-0.5954439640045166 -0.019949698820710182 -0.22927451133728027
-0.592660665512085 -0.04375985637307167 -0.22869527339935303
-0.5889517664909363 -0.0673818588256836 -0.22812581062316895
-0.5843272805213928 -0.09077868610620499 -0.22756552696228027
-0.5788027048110962 -0.11391608417034149 -0.22701501846313477
-0.5723942518234253 -0.13676750659942627 -0.22647607326507568
-0.5651154518127441 -0.1592990905046463 -0.22594988346099854
-0.5569848418235779 -0.18147212266921997 -0.2254347801208496
-0.5480166077613831 -0.2032604217529297 -0.22493493556976318
-0.5405864119529724 -0.22562390565872192 -0.2254267930984497
-0.5341931581497192 -0.2486240267753601 -0.22674882411956787
-0.5269464254379272 -0.2715343236923218 -0.22812581062316895
-0.51883864402771 -0.2943369150161743 -0.22955763339996338
-0.5098644495010376 -0.31699398159980774 -0.23104327917099
-0.5000166296958923 -0.3394796848297119 -0.23258137702941895
-0.489288330078125 -0.3617604374885559 -0.23417258262634277
-0.47767871618270874 -0.3838168978691101 -0.2358143925666809
-0.46517807245254517 -0.40560048818588257 -0.2375081181526184
-0.4517875909805298 -0.42708370089530945 -0.23925065994262695
-0.43750178813934326 -0.44822871685028076 -0.24104082584381104
-0.42232412099838257 -0.4689999222755432 -0.24287861585617065
-0.40625253319740295 -0.48936256766319275 -0.2447609305381775
-0.3892935812473297 -0.5092765688896179 -0.24668842554092407
-0.3714446723461151 -0.5286995768547058 -0.24865680932998657
-0.3508937954902649 -0.5447653532028198 -0.24936848878860474
-0.32894647121429443 -0.558830976486206 -0.2495485544204712
-0.30647701025009155 -0.5720908045768738 -0.2497621774673462
-0.2835095226764679 -0.5845243334770203 -0.25000691413879395
-0.26007145643234253 -0.5961184501647949 -0.2502864599227905
-0.2361895889043808 -0.6068366169929504 -0.2505965232849121
-0.21189139783382416 -0.6166849136352539 -0.2509395480155945
-0.18720772862434387 -0.6256378889083862 -0.2513136863708496
-0.16216816008090973 -0.6336777806282043 -0.2517189383506775
-0.13679811358451843 -0.6407957077026367 -0.25215595960617065
-0.11113197356462479 -0.646969199180603 -0.25262224674224854
-0.085201196372509 -0.6521996259689331 -0.25311970710754395
-0.05903681367635727 -0.6564576625823975 -0.25364524126052856
-0.03266947716474533 -0.6597408652305603 -0.2542012333869934
-0.006134923547506332 -0.6620383262634277 -0.2547847628593445
0.02053300477564335 -0.6633392572402954 -0.2553975582122803
0.0473007895052433 -0.6636409163475037 -0.2560384273529053
0.07413501292467117 -0.6629210114479065 -0.2567036747932434
0.10099675506353378 -0.6611796021461487 -0.2573964595794678
0.12785084545612335 -0.658417284488678 -0.258114218711853
0.15466080605983734 -0.6546269655227661 -0.25885701179504395
0.18138550221920013 -0.649800181388855 -0.2596229910850525
0.20799481868743896 -0.6439271569252014 -0.2604128122329712
0.2344394028186798 -0.6370213627815247 -0.26122331619262695
0.2606866657733917 -0.629080057144165 -0.2620558738708496
0.286693274974823 -0.6201063394546509 -0.26290732622146606
0.3124226927757263 -0.6100928783416748 -0.2637782692909241
0.337831974029541 -0.5990504622459412 -0.26466691493988037
0.36287781596183777 -0.5869860053062439 -0.26557332277297974
0.3875199258327484 -0.5739070177078247 -0.26649314165115356
0.4117197096347809 -0.559821367263794 -0.26742875576019287
0.4354296624660492 -0.5447429418563843 -0.2683766484260559
0.4586107134819031 -0.528687059879303 -0.26933610439300537
0.48122134804725647 -0.5116572380065918 -0.27030718326568604
0.5032155513763428 -0.4936791956424713 -0.2712855935096741
0.5245558619499207 -0.47476497292518616 -0.27227067947387695
0.5451956987380981 -0.45494797825813293 -0.27326250076293945
0.5650960206985474 -0.43424373865127563 -0.27425920963287354
0.5842158794403076 -0.4126673936843872 -0.27525776624679565
0.602512776851654 -0.39026105403900146 -0.27625811100006104
0.6199487447738647 -0.3670442998409271 -0.27725541591644287
0.636482834815979 -0.3430517613887787 -0.27825212478637695
0.6520749926567078 -0.3183182179927826 -0.27924394607543945
-0.5242521166801453 -0.15354491770267487 -0.22627520561218262
-0.5165653824806213 -0.17413128912448883 -0.2257978916168213
-0.510345995426178 -0.19522139430046082 -0.22632956504821777
-0.5047655701637268 -0.21672435104846954 -0.22753870487213135
-0.4983901381492615 -0.23815694451332092 -0.22879838943481445
-0.4912131726741791 -0.2594776749610901 -0.23010945320129395
-0.48322468996047974 -0.28066521883010864 -0.23147052526474
-0.4744250178337097 -0.30169224739074707 -0.2328810691833496
-0.4648081362247467 -0.3225288987159729 -0.23434042930603027
-0.45437002182006836 -0.34314480423927307 -0.23584675788879395
-0.4431086778640747 -0.36352092027664185 -0.2374013066291809
-0.43101951479911804 -0.38359981775283813 -0.23900103569030762
-0.4181075096130371 -0.40337270498275757 -0.24064475297927856
-0.4043672978878021 -0.42279788851737976 -0.24233174324035645
-0.38980594277381897 -0.44184282422065735 -0.24406087398529053
-0.37442153692245483 -0.46046897768974304 -0.24583029747009277
-0.3582229018211365 -0.4786473512649536 -0.24763751029968262
-0.3412150740623474 -0.49633026123046875 -0.24948137998580933
-0.3227488398551941 -0.5124416351318359 -0.25085222721099854
-0.3021009862422943 -0.5253756046295166 -0.25102925300598145
-0.28096967935562134 -0.5375466346740723 -0.2512373924255371
-0.2593785226345062 -0.548926591873169 -0.2514766454696655
-0.23735569417476654 -0.5595059394836426 -0.2517458200454712
-0.21492518484592438 -0.5692682862281799 -0.2520461082458496
-0.19211801886558533 -0.5782033801078796 -0.2523738741874695
-0.16895830631256104 -0.5862909555435181 -0.2527339458465576
-0.14547614753246307 -0.5935211181640625 -0.25312215089797974
-0.12169831991195679 -0.5998767018318176 -0.25353777408599854
-0.09765510261058807 -0.6053439974784851 -0.2539827227592468
-0.07337754219770432 -0.6099128723144531 -0.2544557452201843
-0.04889555647969246 -0.6135772466659546 -0.25495684146881104
-0.024238701909780502 -0.6163195967674255 -0.25548481941223145
0.0005567376501858234 -0.6181365251541138 -0.256039023399353
0.025465907528996468 -0.6190115213394165 -0.25662004947662354
0.05044708028435707 -0.6189438104629517 -0.25722432136535645
0.07547388970851898 -0.6179242730140686 -0.2578548192977905
0.1005081981420517 -0.615949273109436 -0.2585103511810303
0.12551650404930115 -0.6130158305168152 -0.2591872215270996
0.1504649817943573 -0.6091134548187256 -0.2598872780799866
0.17531412839889526 -0.6042496562004089 -0.26060932874679565
0.20003201067447662 -0.5984141826629639 -0.2613521218299866
0.22458156943321228 -0.5916075706481934 -0.2621150612831116
0.2489224225282669 -0.5838369727134705 -0.26289689540863037
0.27302008867263794 -0.5750996470451355 -0.2636958956718445
0.29683542251586914 -0.5654070973396301 -0.2645125389099121
0.32033032178878784 -0.5547595024108887 -0.2653462886810303
0.34346893429756165 -0.5431613326072693 -0.26619279384613037
0.3662082850933075 -0.5306234359741211 -0.2670552730560303
0.388511061668396 -0.5171617269515991 -0.2679286599159241
0.4103369116783142 -0.5027835965156555 -0.2688136696815491
0.4316520094871521 -0.4874979555606842 -0.2697078585624695
0.45241063833236694 -0.47131893038749695 -0.27061235904693604
0.4725784659385681 -0.4542824327945709 -0.27152425050735474
0.4921153783798218 -0.4363843500614166 -0.2724416255950928
0.5109851956367493 -0.4176601767539978 -0.2733638286590576
0.5291481018066406 -0.3981136977672577 -0.2742879390716553
0.5465623736381531 -0.37779873609542847 -0.27521443367004395
0.5631983280181885 -0.35671713948249817 -0.2761409282684326
0.57901531457901 -0.33490750193595886 -0.277065634727478
0.5939815640449524 -0.31238675117492676 -0.2779872417449951
0.6080573201179504 -0.28921306133270264 -0.27890336513519287
0.6212124824523926 -0.26539602875709534 -0.27981340885162354
0.633414089679718 -0.2409835010766983 -0.2807155251502991
0.6446332931518555 -0.21601247787475586 -0.28160786628723145
0.6548371911048889 -0.19051136076450348 -0.28248918056488037
0.6639991402626038 -0.16454096138477325 -0.2833558917045593
0.6720941066741943 -0.13812355697155 -0.28420794010162354
0.6790944933891296 -0.11131969839334488 -0.2850453853607178
0.6849793195724487 -0.08417576551437378 -0.28586137294769287
0.6897270083427429 -0.05672639235854149 -0.28665852546691895
0.6933209896087646 -0.02903045155107975 -0.28743427991867065
0.695743203163147 -0.0011388303246349096 -0.28818684816360474
0.6969804763793945 0.02689667046070099 -0.28891438245773315
0.6970227956771851 0.055031344294548035 -0.28961503505706787
0.6958584189414978 0.08320142328739166 -0.29028642177581787
0.6934826374053955 0.11134950071573257 -0.2909291386604309
0.6898908019065857 0.13943758606910706 -0.2915394902229309
0.6850865483283997 0.16738715767860413 -0.2921193242073059
0.6790682673454285 0.19515573978424072 -0.2926650047302246
0.6666645407676697 0.2209698110818863 -0.2909138798713684
0.6529497504234314 0.2459726333618164 -0.28901445865631104
0.6382226347923279 0.270193874835968 -0.2870748043060303
0.622534453868866 0.293603777885437 -0.2851002812385559
0.6059415340423584 0.3161521852016449 -0.2830977439880371
0.5884965062141418 0.337820827960968 -0.2810719609260559
0.5702590346336365 0.35858213901519775 -0.2790248394012451
0.5512808561325073 0.37839850783348083 -0.2769637107849121
0.5316179990768433 0.39726269245147705 -0.2748921513557434
0.5113259553909302 0.4151557385921478 -0.27281635999679565
0.4904576241970062 0.43205538392066956 -0.2707381248474121
0.46906861662864685 0.4479621946811676 -0.2686616778373718
0.4472086429595947 0.4628622829914093 -0.2665926218032837
0.4249325096607208 0.47675254940986633 -0.26453328132629395
0.4022882878780365 0.4896349608898163 -0.26248860359191895
0.37932518124580383 0.5015074014663696 -0.26046037673950195
0.3560909926891327 0.5123760104179382 -0.25845110416412354
0.3326316475868225 0.5222314596176147 -0.25646746158599854
0.3089888095855713 0.5310927629470825 -0.2545076608657837
0.28520941734313965 0.5389658808708191 -0.25257712602615356
0.2613319754600525 0.5458589196205139 -0.2506777048110962
0.23739510774612427 0.5517795085906982 -0.2488112449645996
0.21365264058113098 0.5573110580444336 -0.2472243309020996
0.19115807116031647 0.5656895041465759 -0.24733293056488037
0.168318971991539 0.5731099247932434 -0.24741536378860474
0.1451766937971115 0.5795406103134155 -0.24747151136398315
0.12177480757236481 0.5849806666374207 -0.24750077724456787
0.09816135466098785 0.5894126296043396 -0.24750566482543945
0.07438255846500397 0.5928390026092529 -0.24748492240905762
0.050478626042604446 0.5952321887016296 -0.24743670225143433
0.026500970125198364 0.5966014266014099 -0.24736469984054565
0.002496558241546154 0.5969528555870056 -0.24726462364196777
-0.021492909640073776 0.5962663888931274 -0.24714070558547974
-0.04542011767625809 0.594559907913208 -0.24699175357818604
-0.06923532485961914 0.5918388962745667 -0.2468172311782837
-0.09289754927158356 0.5880991816520691 -0.24661946296691895
-0.11635798215866089 0.5833658576011658 -0.24639666080474854
-0.13957750797271729 0.5776349902153015 -0.24615073204040527
-0.162507563829422 0.5709359049797058 -0.2458815574645996
-0.18511010706424713 0.5632686018943787 -0.24558979272842407
-0.20733878016471863 0.5546706318855286 -0.24527668952941895
-0.22915655374526978 0.5451422929763794 -0.24494343996047974
-0.2505232095718384 0.5347143411636353 -0.2445881962776184
-0.2714007496833801 0.5234065651893616 -0.24421465396881104
-0.29175180196762085 0.5112503170967102 -0.2438216209411621
-0.3115438222885132 0.4982624053955078 -0.24341082572937012
-0.3307400643825531 0.48448997735977173 -0.2429823875427246
-0.3493095636367798 0.4699423313140869 -0.24253803491592407
-0.3672230839729309 0.4546487033367157 -0.24207907915115356
-0.38444703817367554 0.4386606812477112 -0.24160420894622803
-0.40096110105514526 0.4220013916492462 -0.24111711978912354
-0.41673505306243896 0.404695987701416 -0.2406172752380371
-0.4317469596862793 0.3867906332015991 -0.24010515213012695
-0.4459760785102844 0.3683161437511444 -0.2395833134651184
-0.459399551153183 0.34931856393814087 -0.23905110359191895
-0.47200095653533936 0.3298218250274658 -0.23850971460342407
-0.4837626814842224 0.30986520648002625 -0.2379622459411621
-0.4946736991405487 0.2894892692565918 -0.23740804195404053
-0.5047182440757751 0.2687336802482605 -0.23684710264205933
-0.5138859152793884 0.24763132631778717 -0.23628252744674683
-0.5221648812294006 0.2262265533208847 -0.23571431636810303
-0.5295515656471252 0.20456145703792572 -0.2351430058479309
-0.5360386371612549 0.1826578825712204 -0.23456990718841553
-0.5416212677955627 0.16056935489177704 -0.23399674892425537
-0.5462954044342041 0.13832615315914154 -0.23342490196228027
-0.5500639081001282 0.11597166955471039 -0.23285174369812012
-0.552926242351532 0.09353302419185638 -0.23228228092193604
-0.5548809766769409 0.07105659693479538 -0.23171466588974
-0.5559330582618713 0.04857064038515091 -0.23115193843841553
-0.5560904145240784 0.02612341195344925 -0.23059403896331787
-0.5553584098815918 0.003731544129550457 -0.23004108667373657
-0.5537422299385071 -0.01855332776904106 -0.22949540615081787
-0.5512500405311584 -0.04069847986102104 -0.2289564609527588
-0.5478957891464233 -0.062681645154953 -0.2284255027770996
-0.5436886548995972 -0.08446598798036575 -0.22790300846099854
-0.5386388301849365 -0.1060105413198471 -0.22739160060882568
-0.5327629446983337 -0.12730032205581665 -0.2268892526626587
-0.5260722041130066 -0.14829029142856598 -0.22639787197113037
-0.5185843110084534 -0.16896134614944458 -0.22591817378997803
-0.5116316676139832 -0.18977029621601105 -0.22603166103363037
-0.5062528848648071 -0.21129903197288513 -0.2272273302078247
-0.5000779032707214 -0.2327420711517334 -0.22847497463226318
-0.49310335516929626 -0.2540923058986664 -0.2297731637954712
-0.4853222966194153 -0.27532002329826355 -0.23112142086029053
-0.47672703862190247 -0.29639172554016113 -0.2325197458267212
-0.46731892228126526 -0.3172799050807953 -0.23396623134613037
-0.45708635449409485 -0.3379558324813843 -0.23546159267425537
-0.44603434205055237 -0.3583911955356598 -0.23700398206710815
-0.4341561198234558 -0.3785523474216461 -0.2385914921760559
-0.42145252227783203 -0.3984041213989258 -0.2402254343032837
-0.40792250633239746 -0.4179272949695587 -0.24190205335617065
-0.39356616139411926 -0.43706342577934265 -0.24361956119537354
-0.37839049100875854 -0.45579952001571655 -0.24537920951843262
-0.3623974621295929 -0.47409623861312866 -0.24717730283737183
-0.3455929160118103 -0.49190574884414673 -0.24901139736175537
-0.32789093255996704 -0.5090506672859192 -0.25081193447113037
-0.307370126247406 -0.5221771001815796 -0.2509816288948059
-0.2863576114177704 -0.5345382690429688 -0.25118184089660645
-0.2648809850215912 -0.5461210012435913 -0.25141316652297974
-0.2429642230272293 -0.5569047331809998 -0.251675009727478
-0.22063589096069336 -0.5668761134147644 -0.25196611881256104
-0.19792038202285767 -0.5760263204574585 -0.2522884011268616
-0.17484675347805023 -0.584330141544342 -0.2526393532752991
-0.15144340693950653 -0.5917739868164062 -0.2530208230018616
-0.127738356590271 -0.598352313041687 -0.2534297704696655
-0.1037595346570015 -0.6040440797805786 -0.25386738777160645
-0.0795360654592514 -0.6088393330574036 -0.2543336749076843
-0.055103324353694916 -0.6127350926399231 -0.2548280954360962
-0.030489716678857803 -0.6157177686691284 -0.25534993410110474
-0.0057259234599769115 -0.6177657246589661 -0.25589680671691895
0.019156809896230698 -0.6188843250274658 -0.2564711570739746
0.044125039130449295 -0.6190513372421265 -0.2570698857307434
0.06914132833480835 -0.6182787418365479 -0.25769364833831787
0.09417594969272614 -0.6165449619293213 -0.2583425045013428
0.1191956177353859 -0.6138511300086975 -0.2590138912200928
0.14416293799877167 -0.6101897954940796 -0.25970780849456787
0.1690404713153839 -0.6055729389190674 -0.26042497158050537
0.19379664957523346 -0.5999786257743835 -0.26116108894348145
0.21839216351509094 -0.5934184193611145 -0.26192033290863037
0.24278812110424042 -0.5858923196792603 -0.2626967430114746
0.2669505178928375 -0.5774052739143372 -0.26349198818206787
0.29084262251853943 -0.5679459571838379 -0.26430439949035645
0.31442052125930786 -0.557544469833374 -0.26513445377349854
0.3376518487930298 -0.5461827516555786 -0.2659773826599121
0.36049532890319824 -0.5338874459266663 -0.2668355107307434
0.3829118013381958 -0.5206546783447266 -0.2677052617073059
0.4048651456832886 -0.506504476070404 -0.26858842372894287
0.4263114929199219 -0.4914473593235016 -0.2694814205169678
0.4472144544124603 -0.47549954056739807 -0.27038347721099854
0.46753671765327454 -0.4586729109287262 -0.27129292488098145
0.487236887216568 -0.4409942328929901 -0.27220845222473145
0.5062773823738098 -0.4224715232849121 -0.27313005924224854
0.524620771408081 -0.4031362533569336 -0.2740529179573059
0.5422312021255493 -0.3830122649669647 -0.2749800682067871
0.5590676665306091 -0.3621147572994232 -0.27590715885162354
0.5750943422317505 -0.34049108624458313 -0.27683186531066895
0.5902777314186096 -0.31815385818481445 -0.27775412797927856
0.6045823693275452 -0.2951388359069824 -0.2786726951599121
