ply
format ascii 1.0
element vertex 15624
property float x
property float y
property float z
end_header
9.31381607055664 25.69820785522461 11.322093963623047
8.73276424407959 25.6967716217041 11.241801261901855
8.159664154052734 25.695348739624023 11.16711711883545
7.593907356262207 25.693937301635742 11.097879409790039
7.034884452819824 25.692535400390625 11.033920288085938
6.482051372528076 25.691137313842773 10.97510814666748
5.9348578453063965 25.689748764038086 10.921309471130371
5.392784595489502 25.688364028930664 10.872408866882324
4.855307102203369 25.686986923217773 10.828300476074219
4.32198429107666 25.685609817504883 10.788891792297363
3.7922980785369873 25.684234619140625 10.754098892211914
3.2658092975616455 25.682863235473633 10.72385025024414
2.7447707653045654 25.706695556640625 10.708584785461426
2.2262237071990967 25.744937896728516 10.703697204589844
1.707350730895996 25.774221420288086 10.699430465698242
1.1882991790771484 25.7945499420166 10.695782661437988
0.6691286563873291 25.805927276611328 10.692758560180664
0.1500149667263031 25.808353424072266 10.690352439880371
-0.3689475953578949 25.801847457885742 10.688567161560059
-0.8876742124557495 25.786399841308594 10.687403678894043
-1.4060125350952148 25.762027740478516 10.686861991882324
-1.923804759979248 25.728734970092773 10.686941146850586
-2.4409637451171875 25.686532974243164 10.687641143798828
-2.960421562194824 25.661502838134766 10.699849128723145
-3.483185291290283 25.650611877441406 10.722352027893066
-4.008343696594238 25.63958740234375 10.749274253845215
-4.544318199157715 25.67333984375 10.799551010131836
-5.0788774490356445 25.67378044128418 10.8405179977417
-5.617741584777832 25.674224853515625 10.886211395263672
-6.161377906799316 25.674665451049805 10.936736106872559
-6.710286617279053 25.67504119873047 10.992168426513672
-7.265013217926025 25.675418853759766 11.052655220031738
-7.826122760772705 25.675819396972656 11.118345260620117
-8.394159317016602 25.676244735717773 11.189376831054688
-8.969757080078125 25.67669105529785 11.265918731689453
-9.5535306930542 25.677162170410156 11.348143577575684
-10.146116256713867 25.67765998840332 11.43624210357666
-10.748250961303711 25.678178787231445 11.530428886413574
-11.36058521270752 25.678619384765625 11.630880355834961
-11.983929634094238 25.679067611694336 11.737890243530273
-12.619122505187988 25.679515838623047 11.851720809936523
-13.267011642456055 25.679969787597656 11.972667694091797
-10.111048698425293 18.642053604125977 8.784445762634277
-10.110705375671387 17.778722763061523 8.471747398376465
-10.110363006591797 16.974397659301758 8.183727264404297
-10.110020637512207 16.222637176513672 7.917726039886475
-10.113561630249023 15.523847579956055 7.6744065284729
-10.113916397094727 14.862100601196289 7.446326732635498
-10.410321235656738 14.655109405517578 7.4460272789001465
-10.876412391662598 14.676889419555664 7.566712856292725
-11.198476791381836 14.492865562438965 7.5864338874816895
-11.494572639465332 14.273317337036133 7.59099817276001
-11.77963924407959 14.039701461791992 7.5912251472473145
-12.04144287109375 13.77919864654541 7.579798221588135
-12.296446800231934 13.512654304504395 7.567699909210205
-12.612927436828613 13.31247615814209 7.596139430999756
-13.130166053771973 13.311704635620117 7.7448248863220215
-15.01329231262207 14.62073802947998 8.680367469787598
-15.622269630432129 14.613326072692871 8.860730171203613
-28.570636749267578 25.667789459228516 15.908798217773438
-29.751693725585938 25.666629791259766 16.27568817138672
-30.989089965820312 25.665435791015625 16.666820526123047
-32.287967681884766 25.66421127319336 17.08431625366211
-33.654178619384766 25.662940979003906 17.530534744262695
-35.094337463378906 25.66163444519043 18.00820541381836
-36.695838928222656 25.716339111328125 18.560808181762695
-38.3204231262207 25.721506118774414 19.11697769165039
-40.046165466308594 25.727018356323242 19.715761184692383
-41.7581672668457 25.655424118041992 20.30046272277832
-43.67934799194336 25.64033317565918 20.979459762573242
-45.73843002319336 25.626476287841797 21.71648406982422
-7.62947416305542 1.7795069217681885 3.2450547218322754
-7.4105024337768555 1.5720041990280151 3.1378355026245117
-6.503580093383789 1.2434937953948975 2.7426700592041016
-6.091110706329346 1.0381211042404175 2.5594019889831543
-5.773414134979248 0.8648824095726013 2.4181108474731445
-5.705796718597412 0.7377651929855347 2.3830933570861816
-5.640064716339111 0.6142227053642273 2.350003719329834
-5.576089382171631 0.49401700496673584 2.3187384605407715
-5.513747215270996 0.37691420316696167 2.2891993522644043
-5.452935695648193 0.2627163529396057 2.2613000869750977
-5.438319683074951 0.15247711539268494 2.253511428833008
-5.441951751708984 0.04309631139039993 2.2542014122009277
-5.445542812347412 -0.06639785319566727 2.2557859420776367
-5.449093818664551 -0.17608870565891266 2.2582669258117676
-5.452608585357666 -0.2860638499259949 2.261651039123535
-5.456089496612549 -0.3964073061943054 2.2659430503845215
-5.46842622756958 -0.5080390572547913 2.274850845336914
-5.481413841247559 -0.6206599473953247 2.284984588623047
-5.5127410888671875 -0.7367677092552185 2.3037548065185547
-5.561582565307617 -0.857467770576477 2.330901622772217
-5.611252307891846 -0.9810343980789185 2.3595123291015625
-5.6618123054504395 -1.1076490879058838 2.389657497406006
-5.821194648742676 -1.2608805894851685 2.467132091522217
-5.844578742980957 -1.3895591497421265 2.48838472366333
-5.867789268493652 -1.5203715562820435 2.510779857635498
-5.890834808349609 -1.6534501314163208 2.534358501434326
-5.906904697418213 -1.786862850189209 2.556217670440674
-5.867746353149414 -1.9046283960342407 2.555333137512207
-5.827600955963135 -2.0220139026641846 2.555044651031494
-5.773087024688721 -2.1341164112091064 2.5494494438171387
-5.715220928192139 -2.2443687915802 2.54331636428833
-5.6564812660217285 -2.353665590286255 2.5377306938171387
-5.59685754776001 -2.4620420932769775 2.5326876640319824
-5.536349773406982 -2.569516658782959 2.528181552886963
-5.474945545196533 -2.6761224269866943 2.5242114067077637
-5.412633895874023 -2.7818870544433594 2.5207715034484863
-5.349409103393555 -2.8868353366851807 2.517859935760498
-5.28525972366333 -2.9909892082214355 2.5154733657836914
-5.220174312591553 -3.094379186630249 2.51361083984375
-5.154139995574951 -3.197025775909424 2.512270450592041
-5.087146282196045 -3.2989513874053955 2.5114502906799316
-5.019176959991455 -3.400181293487549 2.51115083694458
-4.950218200683594 -3.500737190246582 2.5113725662231445
-4.8802571296691895 -3.6006407737731934 2.512113094329834
-4.8092732429504395 -3.699913263320923 2.5133743286132812
-4.737255573272705 -3.7985730171203613 2.515158176422119
-4.664182186126709 -3.896641254425049 2.517465114593506
-4.590035915374756 -3.99413800239563 2.520297050476074
-4.512760639190674 -4.089241027832031 2.522520065307617
-4.284491539001465 -4.042247295379639 2.439877986907959
-4.206035614013672 -4.131226062774658 2.4420251846313477
-4.103492736816406 -4.195944309234619 2.430999755859375
-4.001211643218994 -4.2594451904296875 2.4206724166870117
-3.899153232574463 -4.321766376495361 2.4110312461853027
-3.797280788421631 -4.382943630218506 2.4020657539367676
-3.7109220027923584 -4.461484432220459 2.403717517852783
-3.6378397941589355 -4.556996822357178 2.4152636528015137
-3.5635783672332764 -4.652884483337402 2.4276041984558105
-3.4880857467651367 -4.7491984367370605 2.4407553672790527
-3.4126687049865723 -4.847931385040283 2.4557223320007324
-3.340583324432373 -4.954278945922852 2.4750561714172363
-3.268648862838745 -5.064412593841553 2.4967269897460938
-3.19506573677063 -5.1759819984436035 2.5195364952087402
-3.1197569370269775 -5.289071559906006 2.5435266494750977
-3.0426316261291504 -5.403786659240723 2.5687432289123535
-2.963597297668457 -5.520236015319824 2.595236301422119
-2.880890369415283 -5.635252952575684 2.6215367317199707
-2.7914891242980957 -5.742456912994385 2.644753932952881
-2.718357801437378 -5.890435218811035 2.687180519104004
-2.6648409366607666 -6.09365701675415 2.7548794746398926
-2.595654249191284 -6.276333332061768 2.8132944107055664
-2.5229578018188477 -6.465780258178711 2.8748831748962402
-2.4465034008026123 -6.662489414215088 2.939871311187744
-2.366008996963501 -6.867015361785889 3.0085110664367676
-2.2811636924743652 -7.07997465133667 3.0810837745666504
-2.1780519485473633 -7.256769180297852 3.1383237838745117
-2.0508310794830322 -7.367918968200684 3.1679134368896484
-1.9207501411437988 -7.479732036590576 3.1987290382385254
-1.7877002954483032 -7.5922465324401855 3.230815887451172
-1.6515601873397827 -7.705511093139648 3.264218330383301
-1.5122003555297852 -7.819575786590576 3.298985004425049
-1.369502305984497 -7.934477806091309 3.3351659774780273
-1.223319172859192 -8.050277709960938 3.3728151321411133
-1.0735070705413818 -8.167021751403809 3.4119911193847656
-0.9199072122573853 -8.28476619720459 3.4527530670166016
-0.7623675465583801 -8.403563499450684 3.4951648712158203
-0.6008161902427673 -8.52497386932373 3.539919376373291
-0.4349004924297333 -8.647600173950195 3.5864810943603516
-0.2644331455230713 -8.771491050720215 3.6349220275878906
-0.089269258081913 -8.902833938598633 3.6878600120544434
0.09121490269899368 -9.044660568237305 3.7466115951538086
0.2784910500049591 -9.219836235046387 3.8207244873046875
0.4732223451137543 -9.398487091064453 3.897913932800293
0.6758596301078796 -9.58177375793457 3.978762149810791
0.8869091272354126 -9.769987106323242 4.063502311706543
1.1084301471710205 -9.977213859558105 4.1581244468688965
1.3443200588226318 -10.22266674041748 4.2708234786987305
1.5931295156478882 -10.479738235473633 4.390721321105957
1.8560317754745483 -10.749489784240723 4.518467426300049
2.134337902069092 -11.033108711242676 4.654788970947266
2.4343721866607666 -11.354545593261719 4.810089111328125
2.7931039333343506 -11.859013557434082 5.046571731567383
3.213787317276001 -12.511962890625 5.350858211517334
3.6479198932647705 -13.10267448425293 5.633723258972168
4.132339000701904 -13.765042304992676 5.953053951263428
8.975271224975586 25.697372436523438 11.274759292602539
8.398924827575684 25.69594383239746 11.197744369506836
7.83015251159668 25.69452667236328 11.126243591308594
7.268389701843262 25.69312286376953 11.060091972351074
6.713018894195557 25.691720962524414 10.99913501739502
6.163535118103027 25.690330505371094 10.943253517150879
5.619363307952881 25.688941955566406 10.892314910888672
5.08004093170166 25.687562942504883 10.846210479736328
4.545024394989014 25.686185836791992 10.804845809936523
4.013872146606445 25.684810638427734 10.768125534057617
3.4860992431640625 25.68343734741211 10.735976219177246
2.9619531631469727 25.687999725341797 10.710817337036133
2.4435665607452393 25.729997634887695 10.705670356750488
1.9248384237289429 25.763038635253906 10.701143264770508
1.405859351158142 25.787120819091797 10.697236061096191
0.8867196440696716 25.802249908447266 10.693949699401855
0.36754730343818665 25.80843162536621 10.691285133361816
-0.1515255719423294 25.8056640625 10.689240455627441
-0.6702984571456909 25.79396629333496 10.687816619873047
-1.1888245344161987 25.77332878112793 10.687013626098633
-1.7068471908569336 25.743776321411133 10.686832427978516
-2.2243010997772217 25.705299377441406 10.687272071838379
-2.741934061050415 25.666032791137695 10.691722869873047
-3.263833522796631 25.655195236206055 10.712383270263672
-3.7879457473754883 25.644222259521484 10.737436294555664
-4.324893474578857 25.693634033203125 10.792372703552246
-4.854355335235596 25.67359733581543 10.822779655456543
-5.3913655281066895 25.674039840698242 10.866480827331543
-5.932924747467041 25.674476623535156 10.914971351623535
-6.479569911956787 25.67488670349121 10.968332290649414
-7.031791687011719 25.67525863647461 11.02668285369873
-7.5901594161987305 25.675649642944336 11.090176582336426
-8.155208587646484 25.676063537597656 11.158945083618164
-8.72757339477539 25.67650032043457 11.233158111572266
-9.307842254638672 25.67696189880371 11.312980651855469
-9.896657943725586 25.67745018005371 11.398595809936523
-10.494697570800781 25.677961349487305 11.490199089050293
-11.102665901184082 25.678436279296875 11.58800220489502
-11.721296310424805 25.67888069152832 11.692229270935059
-12.35142993927002 25.679325103759766 11.803167343139648
-12.993878364562988 25.679779052734375 11.921092987060547
-10.11119270324707 19.02317237854004 8.92356014251709
-10.110849380493164 18.132970809936523 8.59963321685791
-10.110506057739258 17.304733276367188 8.301608085632324
-10.110163688659668 16.53167724609375 8.02668285369873
-10.112947463989258 15.812731742858887 7.774805545806885
-10.113774299621582 15.134611129760742 7.539881229400635
-10.216651916503906 14.642329216003418 7.395509243011475
-10.68319320678711 14.673110961914062 7.518068790435791
-11.07354736328125 14.583606719970703 7.584805965423584
-11.37082576751709 14.36585521697998 7.588967800140381
-11.665287971496582 14.143814086914062 7.594090938568115
-11.932541847229004 13.889121055603027 7.584670543670654
-12.190417289733887 13.625080108642578 7.572851657867432
-12.441398620605469 13.35512924194336 7.560367107391357
-12.916220664978027 13.31745719909668 7.684561252593994
-13.428886413574219 13.300124168395996 7.8288350105285645
-15.364022254943848 14.616486549377441 8.783817291259766
-28.091264724731445 25.66826820373535 15.761789321899414
-29.25014305114746 25.667118072509766 16.119089126586914
-30.46336555480957 25.665939331054688 16.49983024597168
-31.735780715942383 25.66472816467285 16.905988693237305
-33.07300567626953 25.66347885131836 17.339860916137695
-34.481319427490234 25.662189483642578 17.80400848388672
-35.96778869628906 25.66085433959961 18.301305770874023
-37.62785720825195 25.719303131103516 18.87895393371582
-39.309959411621094 25.72466468811035 19.45935821533203
-40.98670959472656 25.6597843170166 20.02984619140625
-42.85873794555664 25.646780014038086 20.688417434692383
-44.85810470581055 25.632421493530273 21.400331497192383
-47.00257110595703 25.617897033691406 22.173070907592773
-7.724550724029541 1.870466709136963 3.292080879211426
-7.500949859619141 1.6573712825775146 3.1819348335266113
-6.707391262054443 1.341166377067566 2.833289623260498
-6.257372856140137 1.120809555053711 2.6331381797790527
-5.8748459815979 0.9307733774185181 2.4637928009033203
-5.73390007019043 0.7905927896499634 2.397529125213623
-5.667389869689941 0.6655755639076233 2.363643169403076
-5.602694034576416 0.544001579284668 2.3316264152526855
-5.539683818817139 0.4256278872489929 2.301374912261963
-5.478240966796875 0.3102313280105591 2.272797107696533
-5.436783790588379 0.19831129908561707 2.2534875869750977
-5.440434455871582 0.08894378691911697 2.25380277633667
-5.444042682647705 -0.020490875467658043 2.2550125122070312
-5.4476094245910645 -0.13008621335029602 2.2571182250976562
-5.4511399269104 -0.23993423581123352 2.2601218223571777
-5.454634189605713 -0.3501109182834625 2.2640323638916016
-5.463014125823975 -0.4611262381076813 2.270902156829834
-5.475957870483398 -0.5733397006988525 2.2806143760681152
-5.492504596710205 -0.6869944334030151 2.2927961349487305
-5.541015625 -0.806542158126831 2.319349765777588
-5.590332984924316 -0.928891122341156 2.347339153289795
-5.640508651733398 -1.054198145866394 2.376830577850342
-5.81134033203125 -1.2075589895248413 2.458555221557617
-5.8348002433776855 -1.3353782892227173 2.479341506958008
-5.858083248138428 -1.465280294418335 2.5012521743774414
-5.881197452545166 -1.5973975658416748 2.5243301391601562
-5.904148101806641 -1.7318472862243652 2.548616886138916
-5.88427734375 -1.8553214073181152 2.5556302070617676
-5.844543933868408 -1.9728666543960571 2.555093288421631
-5.797082424163818 -2.087613582611084 2.5521836280822754
-5.739577293395996 -2.198280096054077 2.5458202362060547
-5.681206226348877 -2.3079733848571777 2.5400052070617676
-5.621955394744873 -2.416729211807251 2.534735679626465
-5.561816215515137 -2.5245838165283203 2.5300049781799316
-5.50078821182251 -2.6315503120422363 2.5258102416992188
-5.438858509063721 -2.737663507461548 2.5221481323242188
-5.376019477844238 -2.842947244644165 2.5190157890319824
-5.312255859375 -2.9474377632141113 2.5164098739624023
-5.247564315795898 -3.0511436462402344 2.5143275260925293
-5.181930065155029 -3.154095411300659 2.5127692222595215
-5.115339756011963 -3.256319999694824 2.5117316246032715
-5.047779083251953 -3.3578429222106934 2.511213779449463
-4.979238510131836 -3.45867657661438 2.511216163635254
-4.909700870513916 -3.558850049972534 2.5117392539978027
-4.839149475097656 -3.658381223678589 2.512782573699951
-4.7675652503967285 -3.7572991847991943 2.5143465995788574
-4.694935321807861 -3.85561203956604 2.516434669494629
-4.621241569519043 -3.9533464908599854 2.5190463066101074
-4.546463966369629 -4.05051851272583 2.5221848487854004
-4.452170372009277 -4.1300811767578125 2.515453338623047
-4.241004943847656 -4.095921993255615 2.44219970703125
-4.146433353424072 -4.168970108032227 2.435534954071045
-4.044050693511963 -4.232975959777832 2.4249167442321777
-3.9418997764587402 -4.29578971862793 2.414989948272705
-3.8399555683135986 -4.357441425323486 2.4057421684265137
-3.7412095069885254 -4.421559810638428 2.3991098403930664
-3.6686110496520996 -4.516922473907471 2.4103283882141113
-3.5948479175567627 -4.612649440765381 2.4223337173461914
-3.519878387451172 -4.70877742767334 2.4351439476013184
-3.4436445236206055 -4.805362224578857 2.448777198791504
-3.3708369731903076 -4.909374237060547 2.4667282104492188
-3.29899001121521 -5.018090724945068 2.4875102043151855
-3.2261085510253906 -5.129044532775879 2.509836196899414
-3.1515345573425293 -5.24148416519165 2.533325672149658
-3.0751781463623047 -5.355510711669922 2.558023452758789
-2.9969568252563477 -5.471217632293701 2.583975315093994
-2.9167733192443848 -5.588716983795166 2.611232280731201
-2.8291611671447754 -5.697320938110352 2.6348557472229004
-2.737420082092285 -5.802689552307129 2.6575827598571777
-2.692850112915039 -6.0189995765686035 2.731292247772217
-2.625062942504883 -6.19897985458374 2.7884387969970703
-2.5538690090179443 -6.385526180267334 2.8486685752868652
-2.479020118713379 -6.579129695892334 2.912205219268799
-2.4002559185028076 -6.780307292938232 2.979281425476074
-2.317274570465088 -6.989650249481201 3.0501699447631836
-2.2297496795654297 -7.2078070640563965 3.1251659393310547
-2.1044862270355225 -7.321263790130615 3.1553664207458496
-1.975620985031128 -7.432788372039795 3.1856627464294434
-1.8438301086425781 -7.545003414154053 3.2172112464904785
-1.709000587463379 -7.657948017120361 3.2500553131103516
-1.5710015296936035 -7.771673202514648 3.2842464447021484
-1.4297213554382324 -7.886218547821045 3.3198280334472656
-1.2850182056427002 -8.00163459777832 3.356853485107422
-1.136745810508728 -8.117975234985352 3.3953819274902344
-0.9847475290298462 -8.235296249389648 3.4354734420776367
-0.8288846015930176 -8.353642463684082 3.477184772491455
-0.669041633605957 -8.473944664001465 3.5209460258483887
-0.5049821734428406 -8.596053123474121 3.566741466522217
-0.33643659949302673 -8.719413757324219 3.6143884658813477
-0.16323013603687286 -8.844118118286133 3.6639790534973145
0.01488342136144638 -8.984834671020508 3.7216458320617676
0.19912078976631165 -9.146106719970703 3.7893409729003906
0.3906765580177307 -9.323068618774414 3.8651318550109863
0.5899410843849182 -9.504377365112305 3.9444193840026855
0.7973995804786682 -9.690484046936035 4.0274977684021
1.0135726928710938 -9.881696701049805 4.114609718322754
1.2439501285552979 -10.118440628051758 4.222751140594482
1.4872121810913086 -10.370522499084473 4.339558124542236
1.7440502643585205 -10.634815216064453 4.463928699493408
2.015719413757324 -10.912458419799805 4.596556186676025
2.3036508560180664 -11.204743385314941 4.7382330894470215
2.6234121322631836 -11.57483959197998 4.916058540344238
3.04437255859375 -12.281059265136719 5.240952014923096
3.4605865478515625 -12.847940444946289 5.511457443237305
3.922051429748535 -13.47598934173584 5.813541889190674
9.474408149719238 26.141300201416016 10.70038890838623
8.941014289855957 26.30949592590332 10.693458557128906
8.400449752807617 26.45347785949707 10.681140899658203
7.858132362365723 26.587980270385742 10.669473648071289
7.320435523986816 26.73542594909668 10.66739559173584
6.785796642303467 26.895029067993164 10.674458503723145
6.247523784637451 27.04317855834961 10.68122386932373
5.705874443054199 27.179786682128906 10.6876859664917
5.161100387573242 27.30475616455078 10.69384479522705
4.613483905792236 27.418020248413086 10.699694633483887
4.063277721405029 27.519474029541016 10.705229759216309
3.509408473968506 27.59856605529785 10.70637035369873
2.9505441188812256 27.634042739868164 10.694947242736816
2.3917551040649414 27.659442901611328 10.683996200561523
1.8332598209381104 27.67479133605957 10.6735200881958
1.275148868560791 27.680091857910156 10.663516998291016
0.7195000648498535 27.74651527404785 10.681358337402344
0.16133910417556763 27.760616302490234 10.683390617370605
-0.39707502722740173 27.766653060913086 10.686626434326172
-0.9556723833084106 27.76129150390625 10.689798355102539
-1.5142000913619995 27.744516372680664 10.692903518676758
-2.0724267959594727 27.716325759887695 10.695941925048828
-2.630108118057251 27.67673110961914 10.698911666870117
-3.187023162841797 27.62572479248047 10.701811790466309
-3.740924596786499 27.54863739013672 10.698932647705078
-4.309476852416992 27.565704345703125 10.737053871154785
-4.859339237213135 27.453081130981445 10.729087829589844
-5.40630578994751 27.328927993774414 10.720892906188965
-5.950125694274902 27.193302154541016 10.712474822998047
-6.490549087524414 27.04631996154785 10.703838348388672
-7.027392387390137 26.888370513916016 10.69510555267334
-7.563389778137207 26.729881286621094 10.690413475036621
-8.095762252807617 26.560436248779297 10.685609817504883
-8.62749195098877 26.389949798583984 10.684674263000488
-9.16104793548584 26.224294662475586 10.690045356750488
-9.691673278808594 26.048465728759766 10.695673942565918
-10.217226028442383 25.85781478881836 10.699612617492676
-10.746899604797363 25.67495346069336 10.711227416992188
-11.359195709228516 25.67547607421875 10.804577827453613
-11.982504844665527 25.676027297973633 10.904025077819824
-10.11638355255127 20.586524963378906 8.827259063720703
-10.11585521697998 19.580507278442383 8.481422424316406
-10.115344047546387 18.649974822998047 8.164831161499023
-10.114847183227539 17.78600311279297 7.874068737030029
-10.114363670349121 16.981109619140625 7.606262683868408
-10.117897033691406 16.23526954650879 7.361850261688232
-10.118926048278809 15.532085418701172 7.133842468261719
-10.119121551513672 14.86974811553955 6.921718120574951
-10.412744522094727 14.65851879119873 6.919477462768555
-10.879807472229004 14.681467056274414 7.032196044921875
-11.346494674682617 14.68442440032959 7.141486644744873
-11.828085899353027 14.68745231628418 7.257193088531494
-12.325713157653809 14.69055461883545 7.379729747772217
-12.700639724731445 14.533517837524414 7.427674770355225
-13.003718376159668 14.289875984191895 7.435328006744385
-13.250761985778809 13.985684394836426 7.414228916168213
-13.429312705993652 13.614988327026367 7.359421253204346
-13.676239013671875 13.318643569946289 7.346444606781006
-15.64700698852539 14.636467933654785 8.245272636413574
-16.283536911010742 14.629090309143066 8.423928260803223
-16.948352813720703 14.621256828308105 8.613974571228027
-17.64400863647461 14.612926483154297 8.816367149353027
-32.282493591308594 25.659854888916016 15.869829177856445
-33.64832305908203 25.658477783203125 16.284259796142578
-35.088069915771484 25.657047271728516 16.727890014648438
-36.690914154052734 25.71289825439453 17.241979598999023
-38.31513595581055 25.717958450317383 17.75855827331543
-40.040470123291016 25.723358154296875 18.314708709716797
-41.878135681152344 25.729127883911133 18.914730072021484
-43.84113693237305 25.73531150817871 19.563587188720703
-45.790287017822266 25.655529022216797 20.199007034301758
-48.008628845214844 25.643775939941406 20.94580078125
-50.387821197509766 25.625810623168945 21.754539489746094
-7.8835039138793945 1.507336974143982 3.0887932777404785
-6.626245975494385 1.12932550907135 2.586771011352539
-6.107758522033691 0.9149687886238098 2.3766980171203613
-5.7418904304504395 0.7424320578575134 2.228066921234131
-5.643398761749268 0.6145855784416199 2.1846084594726562
-5.579341888427734 0.49430495500564575 2.155527114868164
-5.516923427581787 0.37713149189949036 2.1280503273010254
-5.456038475036621 0.262866348028183 2.1021018028259277
-5.446330547332764 0.15270157158374786 2.0967535972595215
-5.449970722198486 0.043159790337085724 2.0973963737487793
-5.453572750091553 -0.06649582087993622 2.098872661590576
-5.457137107849121 -0.17634887993335724 2.1011853218078613
-5.46066951751709 -0.2864866554737091 2.1043381690979004
-5.464170932769775 -0.39699432253837585 2.108337879180908
-5.475593090057373 -0.5087049603462219 2.116265296936035
-5.524102687835693 -0.6254938840866089 2.1394433975219727
-5.573380947113037 -0.7448722720146179 2.163893222808838
-5.623488426208496 -0.8670121431350708 2.189675807952881
-5.674487113952637 -0.9920899868011475 2.216855525970459
-5.898943901062012 -1.1540406942367554 2.3131442070007324
-5.923773765563965 -1.2830991744995117 2.3325300216674805
-5.948473930358887 -1.4142606258392334 2.352980136871338
-5.973052978515625 -1.5476460456848145 2.3745360374450684
-5.997520923614502 -1.683395504951477 2.3972396850585938
-6.0218892097473145 -1.8216444253921509 2.4211349487304688
-6.046165466308594 -1.9625413417816162 2.4462714195251465
-6.008145332336426 -2.0846564769744873 2.4473581314086914
-5.965746879577637 -2.205338478088379 2.4476609230041504
-5.922348499298096 -2.3257064819335938 2.448554515838623
-5.861548900604248 -2.4389941692352295 2.4432053565979004
-5.799346923828125 -2.5511162281036377 2.438174247741699
-5.73628044128418 -2.6623077392578125 2.433681011199951
-5.672336101531982 -2.772606134414673 2.429720401763916
-5.607503414154053 -2.8820414543151855 2.4262900352478027
-5.541771411895752 -2.9906437397003174 2.4233860969543457
-5.475129127502441 -3.098438024520874 2.4210076332092285
-5.4075608253479 -3.2054569721221924 2.4191508293151855
-5.339053630828857 -3.311725378036499 2.417813777923584
-5.269594669342041 -3.417267322540283 2.416996955871582
-5.199165344238281 -3.5221142768859863 2.416698932647705
-5.127750396728516 -3.6262876987457275 2.4169182777404785
-5.055334091186523 -3.729811906814575 2.4176573753356934
-4.9818949699401855 -3.832714796066284 2.418914794921875
-4.907415866851807 -3.935016393661499 2.4206924438476562
-4.831877708435059 -4.036739349365234 2.4229931831359863
-4.726871967315674 -4.113209247589111 2.4113364219665527
-4.619187831878662 -4.185679912567139 2.398867607116699
-4.514231204986572 -4.258996963500977 2.38836669921875
-4.414452075958252 -4.335936069488525 2.3812365531921387
-4.218679904937744 -4.313726902008057 2.321967601776123
-4.113037109375 -4.378488063812256 2.311828136444092
-4.007681369781494 -4.4420576095581055 2.3023643493652344
-3.90256929397583 -4.504470348358154 2.293564796447754
-3.797659158706665 -4.565766334533691 2.2854185104370117
-3.719041347503662 -4.658715724945068 2.294036388397217
-3.643537759780884 -4.757286071777344 2.3060202598571777
-3.566784381866455 -4.856350421905518 2.318796157836914
-3.4887211322784424 -4.955968379974365 2.332383155822754
-3.409297227859497 -5.056185722351074 2.3468003273010254
-3.3250529766082764 -5.151802062988281 2.3596606254577637
-3.2424440383911133 -5.252734184265137 2.3755369186401367
-3.158586025238037 -5.3548994064331055 2.3925247192382812
-3.07338547706604 -5.458405017852783 2.4106626510620117
-2.9867491722106934 -5.563357830047607 2.4299912452697754
-2.8985843658447266 -5.669864177703857 2.4505510330200195
-2.808786392211914 -5.778042316436768 2.4723877906799316
-2.739741563796997 -5.936771869659424 2.5162177085876465
-2.6967461109161377 -6.166615962982178 2.5901193618774414
-2.6510117053985596 -6.410190105438232 2.669489860534668
-2.602245330810547 -6.66897439956665 2.754904270172119
-2.5328099727630615 -6.897521018981934 2.827698230743408
-2.4514951705932617 -7.115121364593506 2.8961057662963867
-2.365644931793213 -7.342177391052246 2.9685568809509277
-2.255898952484131 -7.516148090362549 3.0199384689331055
-2.1248509883880615 -7.633840560913086 3.0494370460510254
-1.9907722473144531 -7.752411842346191 3.080183506011963
-1.853549838066101 -7.87190580368042 3.1122183799743652
-1.7130476236343384 -7.992386341094971 3.1455931663513184
-1.5692263841629028 -8.114459991455078 3.1805710792541504
-1.422021508216858 -8.238762855529785 3.2174320220947266
-1.2710368633270264 -8.364283561706543 3.255807876586914
-1.116104006767273 -8.491084098815918 3.2957606315612793
-0.9570462703704834 -8.619241714477539 3.3373565673828125
-0.7936883568763733 -8.748818397521973 3.3806633949279785
-0.6258293390274048 -8.879898071289062 3.42575740814209
-0.45375075936317444 -9.022431373596191 3.4765210151672363
-0.27652817964553833 -9.17267894744873 3.5315566062927246
-0.09350677579641342 -9.325475692749023 3.5889344215393066
0.0958399847149849 -9.503349304199219 3.657393455505371
0.292916864156723 -9.697397232055664 3.733584403991699
0.4982549846172333 -9.895657539367676 3.8130035400390625
0.7123928666114807 -10.09971809387207 3.8963661193847656
0.9359261989593506 -10.309975624084473 3.9839367866516113
1.169491171836853 -10.526840209960938 4.076003074645996
1.4137682914733887 -10.75075626373291 4.172870635986328
1.6695165634155273 -10.982217788696289 4.274880886077881
1.9375771284103394 -11.221771240234375 4.382411956787109
2.2196297645568848 -11.474019050598145 4.497447490692139
2.529778480529785 -11.799543380737305 4.644049167633057
2.8990960121154785 -12.309040069580078 4.866540431976318
3.307847261428833 -12.878157615661621 5.1168212890625
3.7605011463165283 -13.507051467895508 5.395658493041992
4.266943454742432 -14.21341323852539 5.7109599113464355
9.166964530944824 26.246339797973633 10.698814392089844
8.627172470092773 26.394289016723633 10.686224937438965
8.085614204406738 26.53276252746582 10.674283981323242
7.543367385864258 26.66515350341797 10.664347648620605
7.010319709777832 26.829524993896484 10.671533584594727
6.473542213439941 26.982486724853516 10.678424835205078
5.9332709312438965 27.123947143554688 10.685015678405762
5.3897809982299805 27.25380516052246 10.691300392150879
4.843314170837402 27.371984481811523 10.697279930114746
4.29416036605835 27.478395462036133 10.702948570251465
3.7425732612609863 27.572982788085938 10.70830249786377
3.184757709503174 27.620399475097656 10.699677467346191
2.6259188652038574 27.650026321411133 10.688528060913086
2.0672950744628906 27.66957664489746 10.677851676940918
1.5089995861053467 27.679088592529297 10.667652130126953
0.9532830715179443 27.739625930786133 10.68143081665039
0.39526107907295227 27.75469398498535 10.682016372680664
-0.16301986575126648 27.765506744384766 10.685277938842773
-0.7215640544891357 27.76492691040039 10.688477516174316
-1.2801543474197388 27.75293731689453 10.691610336303711
-1.8385186195373535 27.729528427124023 10.694677352905273
-2.396479368209839 27.694713592529297 10.697676658630371
-2.9537394046783447 27.648488998413086 10.700606346130371
-3.5100929737091064 27.59086799621582 10.70346450805664
-4.058380603790283 27.47510528564453 10.688060760498047
-4.629238605499268 27.501686096191406 10.732454299926758
-5.177440166473389 27.38235855102539 10.72435474395752
-5.7226243019104 27.25152587890625 10.716029167175293
-6.264489650726318 27.109296798706055 10.707484245300293
-6.802823066711426 26.95576286315918 10.698722839355469
-7.3391804695129395 26.797643661499023 10.69239330291748
-7.873094081878662 26.63277244567871 10.687636375427246
-8.40325927734375 26.45701026916504 10.682768821716309
-8.937792778015137 26.294952392578125 10.687763214111328
-9.469663619995117 26.123388290405273 10.693284034729004
-9.998495101928711 25.941679000854492 10.699063301086426
-10.517099380493164 25.732772827148438 10.697985649108887
-11.10129451751709 25.67525291442871 10.764725685119629
-11.719887733459473 25.675792694091797 10.861588478088379
-12.350006103515625 25.676359176635742 10.96469783782959
-10.116073608398438 19.992380142211914 8.62258529663086
-10.115556716918945 19.03138542175293 8.294190406799316
-10.1150541305542 18.14051055908203 7.992984294891357
-10.1145658493042 17.311681747436523 7.715871334075928
-10.114089012145996 16.538089752197266 7.460241794586182
-10.1188325881958 15.821931838989258 7.227537631988525
-10.119044303894043 15.142492294311523 7.008724212646484
-10.21906566619873 14.645785331726074 6.8725714683532715
-10.685707092285156 14.676558494567871 6.986433029174805
-11.14915657043457 14.68317699432373 7.094925403594971
-11.624359130859375 14.686174392700195 7.207892894744873
-12.115134239196777 14.689245223999023 7.327517032623291
-12.572751998901367 14.63431453704834 7.42476224899292
-12.877054214477539 14.392526626586914 7.431999683380127
-13.174400329589844 14.141956329345703 7.437939167022705
-13.35510540008545 13.769975662231445 7.382090091705322
-13.529111862182617 13.399383544921875 7.327817440032959
-13.987357139587402 13.306802749633789 7.4295477867126465
-16.013465881347656 14.632235527038574 8.3477201461792
-16.66612434387207 14.62459659576416 8.532880783081055
-17.34855842590332 14.61647891998291 8.729984283447266
-18.063358306884766 14.607842445373535 8.940019607543945
-33.06730270385742 25.659061431884766 16.10716438293457
-34.47523498535156 25.65765380859375 16.538238525390625
-35.96125030517578 25.656192779541016 17.000104904174805
-37.62273025512695 25.71579933166504 17.537479400634766
-39.304447174072266 25.721054077148438 18.076568603515625
-41.09351348876953 25.726661682128906 18.657623291015625
-43.00226974487305 25.732662200927734 19.285356521606445
-44.905513763427734 25.65950584411621 19.903419494628906
-47.06108474731445 25.649789810180664 20.625980377197266
-49.3687629699707 25.633529663085938 21.407081604003906
-51.85630416870117 25.614620208740234 22.257835388183594
-6.794974327087402 1.2171038389205933 2.6565494537353516
-6.275395393371582 0.9942340850830078 2.4451041221618652
-5.889758110046387 0.812082827091217 2.2880191802978516
-5.670760154724121 0.6659715175628662 2.197295665740967
-5.605979919433594 0.5443202257156372 2.1675143241882324
-5.542891025543213 0.4258744716644287 2.139376640319824
-5.481373310089111 0.3104087710380554 2.112794876098633
-5.4447922706604 0.19860336184501648 2.096731662750244
-5.448449611663818 0.08907485753297806 2.097024917602539
-5.452067852020264 -0.02052108757197857 2.0981521606445312
-5.455647945404053 -0.1302783191204071 2.1001133918762207
-5.459192752838135 -0.24028854072093964 2.1029138565063477
-5.462706565856934 -0.3506295680999756 2.106558322906494
-5.466191291809082 -0.4613944888114929 2.111053943634033
-5.503682613372803 -0.5762428045272827 2.129578113555908
-5.552631855010986 -0.6945149302482605 2.1534876823425293
-5.602383613586426 -0.8154746890068054 2.1787033081054688
-5.653002738952637 -0.9393046498298645 2.205291271209717
-5.704545497894287 -1.0661661624908447 2.2333121299743652
-5.913383483886719 -1.2287629842758179 2.324277877807617
-5.938137531280518 -1.3590284585952759 2.344277858734131
-5.962765693664551 -1.491464614868164 2.3653650283813477
-5.987279891967773 -1.6262106895446777 2.387582778930664
-6.011688709259033 -1.763392448425293 2.4109725952148438
-6.036002159118652 -1.9031586647033691 2.4355826377868652
-6.025618076324463 -2.0339887142181396 2.4474058151245117
-5.983638286590576 -2.1547958850860596 2.447462558746338
-5.940659523010254 -2.2752957344055176 2.4481077194213867
-5.887362003326416 -2.3917229175567627 2.4454755783081055
-5.825523376464844 -2.504237413406372 2.4402170181274414
-5.762815475463867 -2.6158201694488525 2.4354987144470215
-5.699241638183594 -2.726489305496216 2.4313154220581055
-5.634782314300537 -2.836282253265381 2.4276633262634277
-5.569430828094482 -2.9452264308929443 2.424539566040039
-5.503167629241943 -3.0533623695373535 2.4219412803649902
-5.435990810394287 -3.160701274871826 2.419865131378174
-5.367879390716553 -3.2672784328460693 2.41831111907959
-5.298821926116943 -3.3731212615966797 2.417276382446289
-5.2287983894348145 -3.478259801864624 2.4167609214782715
-5.157800197601318 -3.5827105045318604 2.4167637825012207
-5.085805892944336 -3.6865031719207764 2.4172849655151367
-5.012799263000488 -3.7896604537963867 2.4183249473571777
-4.938756942749023 -3.892214298248291 2.41988468170166
-4.863664627075195 -3.9941771030426025 2.4219651222229004
-4.7721638679504395 -4.082455158233643 2.416802406311035
-4.664255619049072 -4.155461311340332 2.403995990753174
-4.55686616897583 -4.227204322814941 2.391989231109619
-4.456262588500977 -4.3038153648376465 2.3841381072998047
-4.263049602508545 -4.286220073699951 2.3264212608337402
-4.1572771072387695 -4.351492404937744 2.315995216369629
-4.051802158355713 -4.415558815002441 2.306248664855957
-3.946593999862671 -4.478451251983643 2.2971725463867188
-3.841604471206665 -4.5402116775512695 2.2887539863586426
-3.750328540802002 -4.61753511428833 2.289245128631592
-3.6753299236297607 -4.715918064117432 2.300902843475342
-3.5991082191467285 -4.8147687911987305 2.3133444786071777
-3.5216028690338135 -4.914145469665527 2.3265881538391113
-3.4427506923675537 -5.014112949371338 2.34065580368042
-3.3596062660217285 -5.110294818878174 2.35353422164917
-3.2772116661071777 -5.210290431976318 2.3687500953674316
-3.1938889026641846 -5.311924457550049 2.385267734527588
-3.1092586517333984 -5.414860248565674 2.402919292449951
-3.0232372283935547 -5.519191265106201 2.421743869781494
-2.9357268810272217 -5.625030994415283 2.441781520843506
-2.8466269969940186 -5.732492923736572 2.463076591491699
-2.743468761444092 -5.815508842468262 2.474534034729004
-2.715083122253418 -6.068696022033691 2.5585126876831055
-2.670530319213867 -6.306346416473389 2.6355252265930176
-2.6230735778808594 -6.558558940887451 2.718329906463623
-2.565622091293335 -6.808960914611816 2.8001585006713867
-2.486105442047119 -7.022819519042969 2.8669629096984863
-2.402200698852539 -7.245816707611084 2.937678813934326
-2.3099522590637207 -7.467067241668701 3.0079355239868164
-2.1801295280456543 -7.58441686630249 3.03692626953125
-2.0473387241363525 -7.702609539031982 3.0671439170837402
-1.911452054977417 -7.821708679199219 3.0986318588256836
-1.7723404169082642 -7.941769123077393 3.131439685821533
-1.6298623085021973 -8.062856674194336 3.165616035461426
-1.484164834022522 -8.186525344848633 3.201803207397461
-1.3347846269607544 -8.311525344848633 3.239536762237549
-1.1815282106399536 -8.437780380249023 3.2788209915161133
-1.0242170095443726 -8.565364837646484 3.3197197914123535
-0.8626882433891296 -8.69433307647705 3.362300395965576
-0.6967418193817139 -8.824772834777832 3.4066357612609863
-0.5263723731040955 -8.960186958312988 3.454124927520752
-0.3514842092990875 -9.10941219329834 3.5082154273986816
-0.17092712223529816 -9.261126518249512 3.5645976066589355
0.015612177550792694 -9.42354965209961 3.6265015602111816
0.2093406617641449 -9.615506172180176 3.7012453079223633
0.41116055846214294 -9.811882019042969 3.77925443649292
0.6215398907661438 -10.013466835021973 3.8609323501586914
0.8410604596138 -10.221076011657715 3.9467058181762695
1.0703362226486206 -10.435115814208984 4.036850452423096
1.310042381286621 -10.656024932861328 4.131668567657471
1.5608845949172974 -10.884261131286621 4.231479167938232
1.8236749172210693 -11.12035083770752 4.336647987365723
2.09928560256958 -11.364860534667969 4.447566032409668
2.397429943084717 -11.66087532043457 4.581355094909668
2.7293457984924316 -12.042236328125 4.751794338226318
3.131593704223633 -12.63290786743164 5.008710861206055
3.56500244140625 -13.235597610473633 5.275030612945557
4.046719551086426 -13.90433406829834 5.572865962982178
4.83286190032959 -15.441144943237305 6.226522922515869
9.043632507324219 28.47901725769043 10.638060569763184
8.534651756286621 28.876956939697266 10.720410346984863
7.949672222137451 29.033458709716797 10.7169828414917
7.344327926635742 29.10871696472168 10.688070297241211
6.722374439239502 29.098642349243164 10.632572174072266
6.106607437133789 29.088666915893555 10.581903457641602
5.496422290802002 29.078779220581055 10.535959243774414
4.891274929046631 29.068973541259766 10.494636535644531
4.29062032699585 29.05923843383789 10.457850456237793
3.6939172744750977 29.049564361572266 10.425522804260254
3.0963854789733887 28.99995231628418 10.38326358795166
2.466247797012329 28.520771026611328 10.191869735717773
1.920944333076477 28.998674392700195 10.34675121307373
1.3359005451202393 28.998924255371094 10.335163116455078
0.7518993616104126 28.998409271240234 10.327502250671387
0.1685246229171753 28.99775505065918 10.323968887329102
-0.4146667420864105 28.996957778930664 10.324566841125488
-0.9981780052185059 28.996007919311523 10.329290390014648
-1.5824401378631592 28.99491310119629 10.338149070739746
-2.1679279804229736 28.99367332458496 10.35115909576416
-2.7551279067993164 28.992279052734375 10.368352890014648
-3.3444974422454834 28.990739822387695 10.389751434326172
-3.936523199081421 28.989042282104492 10.415416717529297
-4.5376200675964355 29.025043487548828 10.459027290344238
-5.1370110511779785 29.021772384643555 10.492961883544922
-5.740086555480957 29.016191482543945 10.530553817749023
-6.346818447113037 29.006254196166992 10.571144104003906
-6.957559585571289 28.99236488342285 10.614935874938965
-7.5730061531066895 28.976016998291016 10.662565231323242
-8.192468643188477 28.95316505432129 10.712623596191406
-8.779245376586914 28.802812576293945 10.72016429901123
-9.347685813903809 28.59290313720703 10.709850311279297
-9.911048889160156 28.37122344970703 10.699324607849121
-10.472465515136719 28.147003173828125 10.69204044342041
-11.030525207519531 27.915889739990234 10.686368942260742
-11.583422660827637 27.673452377319336 10.680590629577637
-10.127184867858887 22.89073371887207 8.911513328552246
-10.121804237365723 21.688932418823242 8.521180152893066
-10.120941162109375 20.595794677734375 8.170032501220703
-10.120235443115234 19.58900260925293 7.849812984466553
-5.892833232879639 10.864800453186035 4.400411128997803
-6.157732963562012 10.827794075012207 4.434691905975342
-6.428920745849609 10.793584823608398 4.4727373123168945
-6.722001552581787 10.786187171936035 4.524785041809082
-7.025866508483887 10.784381866455078 4.58238410949707
-10.124231338500977 14.877253532409668 6.406714916229248
-10.415120124816895 14.661865234375 6.402862071990967
-10.883132934570312 14.685957908630371 6.507682800292969
-11.350017547607422 14.688987731933594 6.608850002288818
-11.83181381225586 14.69208812713623 6.715961456298828
-12.329672813415527 14.695271492004395 6.829396724700928
-12.844852447509766 14.698540687561035 6.949585914611816
-13.372793197631836 14.695454597473145 7.073870658874512
-13.714375495910645 14.47501277923584 7.099106311798096
-13.895581245422363 14.0877046585083 7.044804096221924
-14.074475288391113 13.706461906433105 6.994304180145264
-14.242749214172363 13.322904586791992 6.943367004394531
-14.808746337890625 13.304142951965332 7.087395668029785
-16.975893020629883 14.64501667022705 7.98198938369751
-17.673355102539062 14.63723087310791 8.169846534729004
-18.40457534790039 14.62894344329834 8.37015151977539
-19.17270278930664 14.62010669708252 8.584007263183594
-19.98130226135254 14.610697746276855 8.812677383422852
-36.68642044067383 25.709733963012695 15.949100494384766
-38.309959411621094 25.714481353759766 16.426746368408203
-40.034873962402344 25.719770431518555 16.94111442565918
-41.87211608886719 25.725421905517578 17.496051788330078
-43.834598541259766 25.731475830078125 18.09615135192871
-45.93745040893555 25.73798370361328 18.746749877929688
-48.198143005371094 25.744998931884766 19.454063415527344
-50.443267822265625 25.654003143310547 20.147905349731445
-53.03767395019531 25.644290924072266 20.973876953125
-55.84445571899414 25.628875732421875 21.87554168701172
-6.653976917266846 0.996794581413269 2.3953866958618164
-6.166119575500488 0.7972851395606995 2.213541030883789
-5.746842861175537 0.6258510947227478 2.0580921173095703
-5.582535743713379 0.4945879876613617 1.9952830076217651
-5.520041465759277 0.3773445188999176 1.9698344469070435
-5.4590840339660645 0.26301315426826477 1.9458006620407104
-5.454209327697754 0.15292266011238098 1.942574381828308
-5.457857608795166 0.04322219640016556 1.9431706666946411
-5.461470127105713 -0.0665922537446022 1.9445403814315796
-5.4650492668151855 -0.1766044646501541 1.9466863870620728
-5.468598365783691 -0.28690215945243835 1.9496110677719116
-5.47212028503418 -0.39757171273231506 1.9533227682113647
-5.521441459655762 -0.5129649043083191 1.97421133518219
-5.5836567878723145 -0.6322376728057861 2.0005993843078613
-5.634160041809082 -0.7529954314231873 2.023712635040283
-5.685552597045898 -0.8765812516212463 2.0480899810791016
-5.737900257110596 -1.0031764507293701 2.0737967491149902
-6.001801013946533 -1.1741629838943481 2.1772708892822266
-6.027945518493652 -1.3056632280349731 2.1958389282226562
-6.054013252258301 -1.439353108406067 2.215432643890381
-6.080015659332275 -1.5753605365753174 2.2360916137695312
-6.105968475341797 -1.713834285736084 2.2578587532043457
-6.131882190704346 -1.854918360710144 2.280775547027588
-6.157768726348877 -1.998766541481018 2.304892063140869
-6.183643341064453 -2.145550012588501 2.330258846282959
-6.15270471572876 -2.274448871612549 2.335367202758789
-6.108017444610596 -2.39862060546875 2.336245059967041
-6.062326908111572 -2.522538900375366 2.337703227996826
-6.012678146362305 -2.6449601650238037 2.3386001586914062
-5.946887969970703 -2.7600555419921875 2.334132671356201
-5.880245208740234 -2.8742308616638184 2.3301944732666016
-5.812735557556152 -2.9875237941741943 2.326784610748291
-5.744346618652344 -3.099963903427124 2.3238983154296875
-5.675064563751221 -3.211582660675049 2.321533203125
-5.604872703552246 -3.3224170207977295 2.3196873664855957
-5.533753395080566 -3.4324939250946045 2.318359851837158
-5.461692810058594 -3.541841983795166 2.3175482749938965
-5.388674259185791 -3.6504931449890137 2.3172507286071777
-5.314672470092773 -3.758476495742798 2.317469596862793
-5.2396745681762695 -3.8658177852630615 2.3182034492492676
-5.1636552810668945 -3.9725468158721924 2.319453716278076
-5.063011646270752 -4.059780597686768 2.310458183288574
-4.950846195220947 -4.136129856109619 2.2967729568481445
-4.839378356933594 -4.211110591888428 2.2838945388793945
-4.728549480438232 -4.284778118133545 2.2718052864074707
-4.622583866119385 -4.3612236976623535 2.262582302093506
-4.520085334777832 -4.439691066741943 2.2556662559509277
-4.41764497756958 -4.517172336578369 2.249431610107422
-4.226817607879639 -4.499610900878906 2.197904586791992
-4.120143413543701 -4.566710948944092 2.1897549629211426
-4.011651992797852 -4.630378723144531 2.181152820587158
-3.903423309326172 -4.692920207977295 2.173190116882324
-3.802273750305176 -4.762977600097656 2.1697769165039062
-3.7255167961120605 -4.864323616027832 2.181366443634033
-3.6474907398223877 -4.966235160827637 2.193726062774658
-3.5681345462799072 -5.068780422210693 2.2068724632263184
-3.478478193283081 -5.158785343170166 2.21514892578125
-3.350862979888916 -5.1917948722839355 2.199936866760254
-3.2614872455596924 -5.283585071563721 2.2105870246887207
-3.177269458770752 -5.3865766525268555 2.2264885902404785
-3.0917038917541504 -5.490941047668457 2.243468761444092
-3.004694938659668 -5.596786975860596 2.261563777923584
-2.916149854660034 -5.704221725463867 2.280813694000244
-2.8165507316589355 -5.794013023376465 2.293600559234619
-2.773513078689575 -6.009951114654541 2.356518268585205
-2.7183330059051514 -6.215976238250732 2.4153757095336914
-2.6728880405426025 -6.463087558746338 2.490002155303955
-2.6244115829467773 -6.725783348083496 2.5703539848327637
-2.5725698471069336 -7.005800724029541 2.657052516937256
-2.516970634460449 -7.30515718460083 2.7508316040039062
-2.454800844192505 -7.618888854980469 2.8498010635375977
-2.3378469944000244 -7.7891764640808105 2.8953213691711426
-2.203270673751831 -7.915578842163086 2.925241470336914
-2.0654690265655518 -8.043299674987793 2.9564905166625977
-1.9242690801620483 -8.17225170135498 2.989058494567871
-1.7795170545578003 -8.302520751953125 3.023001194000244
-1.631054401397705 -8.434173583984375 3.05837345123291
-1.4787263870239258 -8.56728744506836 3.095231056213379
-1.322350025177002 -8.701950073242188 3.133639335632324
-1.1617376804351807 -8.838249206542969 3.173666000366211
-0.9966899156570435 -8.976278305053711 3.2153801918029785
-0.8281351327896118 -9.128504753112793 3.2632832527160645
-0.6545257568359375 -9.287067413330078 3.3145899772644043
-0.4751809537410736 -9.448538780212402 3.368126392364502
-0.28980377316474915 -9.613069534301758 3.4240050315856934
-0.09818161278963089 -9.791701316833496 3.4862241744995117
0.10085631161928177 -10.000737190246582 3.5606489181518555
0.30858901143074036 -10.216253280639648 3.638855457305908
0.5255163311958313 -10.437103271484375 3.7205309867858887
0.7522726058959961 -10.665088653564453 3.8064260482788086
0.9895638227462769 -10.90082836151123 3.896878719329834
1.238153338432312 -11.144882202148438 3.9922194480895996
1.4988622665405273 -11.397847175598145 4.092805862426758
1.7726143598556519 -11.660402297973633 4.199038028717041
2.060427665710449 -11.933281898498535 4.311358451843262
2.3626294136047363 -12.213234901428223 4.428774356842041
2.6574082374572754 -12.394837379455566 4.513096809387207
3.0139694213867188 -12.796775817871094 4.680574893951416
3.422459125518799 -13.324363708496094 4.897735118865967
3.877875328063965 -13.928628921508789 5.147480487823486
4.571384429931641 -15.22753620147705 5.660339832305908
5.5033721923828125 -17.077167510986328 6.3877363204956055
8.774898529052734 28.794694900512695 10.716946601867676
8.199223518371582 28.9835147857666 10.723674774169922
7.604823589324951 29.104780197143555 10.709778785705566
6.9822564125061035 29.102853775024414 10.655240058898926
6.363954544067383 29.092836380004883 10.602561950683594
5.751508712768555 29.08291244506836 10.554649353027344
5.144315242767334 29.07307243347168 10.511401176452637
4.541841506958008 29.063310623168945 10.472721099853516
3.943544387817383 29.053611755371094 10.438531875610352
3.3491289615631104 29.04592514038086 10.40946102142334
2.7078588008880615 28.512819290161133 10.196825981140137
2.164961338043213 28.97684097290039 10.345104217529297
1.5809459686279297 28.999095916748047 10.339606285095215
0.9965386390686035 28.99864387512207 10.330207824707031
0.4129687249660492 28.998048782348633 10.324949264526367
-0.1702542006969452 28.9973087310791 10.323817253112793
-0.75356525182724 28.996421813964844 10.326807975769043
-1.3374593257904053 28.995391845703125 10.333930015563965
-1.9223754405975342 28.994211196899414 10.345196723937988
-2.5088109970092773 28.992881774902344 10.360633850097656
-3.0972037315368652 28.991403579711914 10.380268096923828
-3.688063144683838 28.98977279663086 10.404142379760742
-4.302188873291016 29.125722885131836 10.481867790222168
-4.885483264923096 29.02400016784668 10.478506088256836
-5.486818790435791 29.018577575683594 10.514266014099121
-6.092264175415039 29.011754989624023 10.554057121276855
-6.701014041900635 28.998319625854492 10.596061706542969
-7.314640045166016 28.983793258666992 10.642359733581543
-7.93219518661499 28.96293067932129 10.691120147705078
-8.543113708496094 28.899274826049805 10.72888469696045
-9.110057830810547 28.682313919067383 10.714198112487793
-9.675582885742188 28.46555519104004 10.703761100769043
-10.237106323242188 28.240455627441406 10.694384574890137
-10.797266006469727 28.014129638671875 10.688758850097656
-11.352343559265137 27.776437759399414 10.683024406433105
-11.902125358581543 27.52745246887207 10.677184104919434
-10.124003410339355 22.17955780029297 8.68010139465332
-10.121248245239258 21.04265022277832 8.31315803527832
-10.120527267456055 20.001190185546875 7.9805216789245605
-5.783542156219482 10.881142616271973 4.3871307373046875
-6.045978546142578 10.842963218688965 4.41987419128418
-6.314465522766113 10.80757999420166 4.456324577331543
-6.597189903259277 10.787416458129883 4.501813888549805
-6.897453308105469 10.784940719604492 4.557756423950195
-10.124217987060547 15.150240898132324 6.487293243408203
-10.223448753356934 14.652070999145508 6.360745906829834
-10.688130378723145 14.679884910583496 6.464837074279785
-11.152597427368164 14.68770694732666 6.565748691558838
-11.628010749816895 14.690780639648438 6.670322895050049
-12.118995666503906 14.693927764892578 6.781062126159668
-12.62674617767334 14.697158813476562 6.89836311340332
-13.151763916015625 14.699572563171387 7.0222392082214355
-13.63686752319336 14.638392448425293 7.122603893280029
-13.820269584655762 14.249592781066895 7.067262649536133
-13.998491287231445 13.864267349243164 7.014379024505615
-14.1682767868042 13.47891902923584 6.962193012237549
-14.569803237915039 13.31308650970459 7.026490211486816
-16.692956924438477 14.648138999938965 7.906724452972412
-17.377134323120117 14.640552520751953 8.089666366577148
-18.093820571899414 14.632479667663574 8.284622192382812
-18.846067428588867 14.623880386352539 8.492653846740723
-19.637235641479492 14.614703178405762 8.714948654174805
-20.47245216369629 14.605863571166992 8.953420639038086
-37.617698669433594 25.71236228942871 16.222267150878906
-39.29902648925781 25.717512130737305 16.720861434936523
-41.087684631347656 25.723007202148438 17.25826644897461
-42.99594497680664 25.728885650634766 17.83882713317871
-45.0379753112793 25.735197067260742 18.46755599975586
-47.23025131225586 25.741994857788086 19.15028953552246
-49.4166145324707 25.658390045166016 19.823518753051758
-51.9232063293457 25.647647857666016 20.6179256439209
-54.641571044921875 25.636566162109375 21.488231658935547
-6.798750400543213 1.0771509408950806 2.450686454772949
-6.41938591003418 0.8851081132888794 2.307055950164795
-5.895384311676025 0.6923513412475586 2.113302707672119
-5.609207630157471 0.5446338057518005 2.0063843727111816
-5.546041011810303 0.42611679434776306 1.9803239107131958
-5.484448432922363 0.3105831742286682 1.9557055234909058
-5.452669620513916 0.19889068603515625 1.9425536394119263
-5.456332683563232 0.08920364081859589 1.9428271055221558
-5.4599609375 -0.02055099420249462 1.943872094154358
-5.463553428649902 -0.13046692311763763 1.9456926584243774
-5.467113971710205 -0.24063719809055328 1.948290228843689
-5.470646858215332 -0.3511390686035156 1.9516710042953491
-5.474153995513916 -0.46206650137901306 1.9558416604995728
-5.56273889541626 -0.5824256539344788 1.991275429725647
-5.612889289855957 -0.702052116394043 2.0138754844665527
-5.663901329040527 -0.8244288563728333 2.037714958190918
-5.715843200683594 -0.9497458934783936 2.0628581047058105
-5.990818023681641 -1.1196702718734741 2.1697869300842285
-6.016998291015625 -1.2502937316894531 2.187933921813965
-6.043096542358398 -1.3830491304397583 2.207094192504883
-6.069124698638916 -1.518067717552185 2.227302074432373
-6.09509801864624 -1.6554954051971436 2.248599052429199
-6.121025562286377 -1.7954636812210083 2.2710275650024414
-6.146922588348389 -1.938132405281067 2.2946348190307617
-6.172801971435547 -2.0836715698242188 2.3194727897644043
-6.171142578125 -2.222318172454834 2.3351712226867676
-6.126866340637207 -2.346611738204956 2.3358073234558105
-6.08159875869751 -2.4706320762634277 2.3370208740234375
-6.035318851470947 -2.5944230556488037 2.3388171195983887
-5.974562168121338 -2.71193528175354 2.335939884185791
-5.908278465270996 -2.8264923095703125 2.331780433654785
-5.8411335945129395 -2.94014835357666 2.3281497955322266
-5.773116111755371 -3.052940607070923 2.3250436782836914
-5.704206943511963 -3.1649065017700195 2.322460651397705
-5.634398460388184 -3.276064395904541 2.3203978538513184
-5.563671588897705 -3.3864519596099854 2.3188529014587402
-5.492009162902832 -3.4960997104644775 2.3178257942199707
-5.419393062591553 -3.6050426959991455 2.317312717437744
-5.345806121826172 -3.71330189704895 2.3173155784606934
-5.271229267120361 -3.8209080696105957 2.3178329467773438
-5.195641040802002 -3.9278881549835205 2.3188672065734863
-5.110244274139404 -4.027360916137695 2.316439628601074
-4.997763156890869 -4.104303359985352 2.302408218383789
-4.886011600494385 -4.179849624633789 2.2891955375671387
-4.774926662445068 -4.254059314727783 2.2767767906188965
-4.66556453704834 -4.328038215637207 2.265684127807617
-4.563029766082764 -4.406929969787598 2.258481502532959
-4.460573673248291 -4.4848175048828125 2.251962184906006
-4.269852161407471 -4.469326496124268 2.2006139755249023
-4.165700912475586 -4.5396833419799805 2.193554401397705
-4.057085990905762 -4.603832721710205 2.1846799850463867
-3.948753595352173 -4.666842937469482 2.176450729370117
-3.8406546115875244 -4.7287492752075195 2.1688547134399414
-3.757836103439331 -4.821784019470215 2.176417350769043
-3.6803500652313232 -4.923450946807861 2.1884512901306152
-3.60155987739563 -5.025720596313477 2.201265811920166
-3.5214011669158936 -5.128661155700684 2.214879035949707
-3.40091872215271 -5.173135757446289 2.204097270965576
-3.2964046001434326 -5.240803241729736 2.204232692718506
-3.212724447250366 -5.343250751495361 2.2196946144104004
-3.1277315616607666 -5.447031021118164 2.236219882965088
-3.0413410663604736 -5.55224084854126 2.2538418769836426
-2.9534518718719482 -5.658995628356934 2.2726025581359863
-2.863964319229126 -5.767410755157471 2.292544364929199
-2.7494258880615234 -5.828135967254639 2.294233798980713
-2.736549139022827 -6.116677761077881 2.3856687545776367
-2.6922850608825684 -6.357717990875244 2.4580631256103516
-2.645118474960327 -6.613680362701416 2.5359416007995605
-2.5947296619415283 -6.8862175941467285 2.619901180267334
-2.540757179260254 -7.177198886871338 2.7106146812438965
-2.4827721118927 -7.4888434410095215 2.8088860511779785
-2.393517017364502 -7.737196445465088 2.883397102355957
-2.2600388526916504 -7.86240816116333 2.9125285148620605
-2.123626470565796 -7.989626407623291 2.9432358741760254
-1.983870267868042 -8.118054389953613 2.9752445220947266
-1.8406270742416382 -8.247758865356445 3.0086045265197754
-1.6937339305877686 -8.378825187683105 3.04337215423584
-1.5430481433868408 -8.51131820678711 3.079599380493164
-1.3883905410766602 -8.645319938659668 3.117349624633789
-1.2295780181884766 -8.78092098236084 3.1566896438598633
-1.0664113759994507 -8.918216705322266 3.197688102722168
-0.8992570638656616 -9.06287670135498 3.2424168586730957
-0.7279670834541321 -9.220271110534668 3.2928218841552734
-0.5510649085044861 -9.380498886108398 3.3454089164733887
-0.36824125051498413 -9.54373836517334 3.400296211242676
-0.17921599745750427 -9.71012020111084 3.4575929641723633
0.016422264277935028 -9.912374496459961 3.529015064239502
0.22043564915657043 -10.125112533569336 3.6056041717529297
0.4334461987018585 -10.343738555908203 3.68581485748291
0.6559984683990479 -10.56862735748291 3.769890785217285
0.8887835144996643 -10.801048278808594 3.858393669128418
1.1325371265411377 -11.041544914245605 3.9516420364379883
1.3880672454833984 -11.290703773498535 4.049986839294434
1.656235933303833 -11.549156188964844 4.153801918029785
1.9380196332931519 -11.817605972290039 4.263512134552002
2.2344982624053955 -12.09684944152832 4.379584789276123
2.5325798988342285 -12.318221092224121 4.477268695831299
2.853120803833008 -12.58835220336914 4.595380783081055
3.2468414306640625 -13.0978364944458 4.804236888885498
3.6772265434265137 -13.65225887298584 5.033710479736328
4.177164077758789 -14.35253620147705 5.321812629699707
5.180988788604736 -16.55341911315918 6.1752729415893555
8.609269142150879 29.129404067993164 9.95459270477295
7.973110675811768 29.119098663330078 9.894264221191406
7.3443756103515625 29.10891342163086 9.838617324829102
6.722426891326904 29.09883689880371 9.787530899047852
6.1066436767578125 29.088857650756836 9.740891456604004
5.496458053588867 29.078969955444336 9.698596000671387
4.891310214996338 29.069162368774414 9.66055679321289
4.291630744934082 29.066110610961914 9.62890338897705
3.6967175006866455 29.071624755859375 9.604158401489258
3.0992956161499023 29.027231216430664 9.566959381103516
2.465651512145996 28.513917922973633 9.379541397094727
1.9223490953445435 29.019840240478516 9.531312942504883
1.3369792699813843 29.02239227294922 9.521391868591309
0.7525841593742371 29.024837493896484 9.515304565429688
0.16869431734085083 29.026329040527344 9.512758255004883
-0.41507917642593384 29.025529861450195 9.513307571411133
-0.9991624355316162 29.02459716796875 9.51766300201416
-1.5840014219284058 29.02352523803711 9.525832176208496
-0.7903711199760437 10.570324897766113 3.4738097190856934
-0.9933722019195557 10.45328140258789 3.4412145614624023
-3.347815990447998 29.01949119567871 9.573431015014648
-3.940432548522949 29.017860412597656 9.597101211547852
-4.5421600341796875 29.054086685180664 9.637350082397461
-5.143498420715332 29.058441162109375 9.671154022216797
-5.749288082122803 29.062694549560547 9.709092140197754
-6.360074043273926 29.066843032836914 9.75124454498291
-6.976406097412109 29.070890426635742 9.797696113586426
-7.596642017364502 29.06644630432129 9.845702171325684
-8.22258472442627 29.059587478637695 9.897400856018066
-8.855292320251465 29.05232048034668 9.95357894897461
-9.495368003845215 29.04463768005371 10.014354705810547
-10.143463134765625 29.036521911621094 10.079867362976074
-10.800241470336914 29.027965545654297 10.150254249572754
-11.402499198913574 28.85727882385254 10.168695449829102
-10.13814926147461 24.22062873840332 8.60496711730957
-10.132038116455078 22.901708602905273 8.207132339477539
-10.126441955566406 21.698856353759766 7.847482204437256
-5.293557643890381 10.772226333618164 3.933532238006592
-5.476454734802246 10.600363731384277 3.910208225250244
-5.714718818664551 10.536398887634277 3.9282193183898926
-5.963357925415039 10.486002922058105 3.9533514976501465
-6.240851402282715 10.477824211120605 3.996784210205078
-6.525513648986816 10.470894813537598 4.043389797210693
-6.817957401275635 10.465250968933105 4.093339920043945
-10.129253387451172 14.884635925292969 5.900418758392334
-10.417458534240723 14.665152549743652 5.895259857177734
-10.885353088378906 14.68895435333252 5.991655349731445
-11.353479385375977 14.693470001220703 6.085416793823242
-11.83548355102539 14.69664478302002 6.184075355529785
-12.333560943603516 14.699905395507812 6.28856086730957
-12.848977088928223 14.70325756072998 6.399266242980957
-13.372838020324707 14.695500373840332 6.51163911819458
-13.91435432434082 14.68608570098877 6.630140781402588
-14.386138916015625 14.585041046142578 6.713797569274902
-14.564678192138672 14.18385124206543 6.662626266479492
-14.766178131103516 13.812519073486328 6.626363277435303
-14.905155181884766 13.39075756072998 6.566544055938721
-15.428238868713379 13.309860229492188 6.677696228027344
-17.711423873901367 14.6687593460083 7.536682605743408
-18.45598030090332 14.669797897338867 7.726388454437256
-19.23893165588379 14.670616149902344 7.9290242195129395
-20.06403350830078 14.671192169189453 8.145807266235352
-20.91669464111328 14.658355712890625 8.370582580566406
-21.811874389648438 14.640605926513672 8.609234809875488
-22.75954246520996 14.62150764465332 8.865409851074219
-41.866188049316406 25.721784591674805 16.10314178466797
-43.828182220458984 25.727712631225586 16.65537452697754
-45.93050003051758 25.73408317565918 17.25408935546875
-48.1905632019043 25.740949630737305 17.904977798461914
-50.6200065612793 25.74388313293457 18.611473083496094
-53.244449615478516 25.744274139404297 19.38209342956543
-55.90779113769531 25.657960891723633 20.1596622467041
-58.987491607666016 25.648101806640625 21.079872131347656
-62.351051330566406 25.632291793823242 22.093175888061523
-6.649532318115234 0.8597908616065979 2.1973462104797363
-6.301268100738525 0.6862300038337708 2.077280044555664
-5.745697021484375 0.5090433955192566 1.8903728723526
-5.523106575012207 0.3775539994239807 1.814273715019226
-5.46207857131958 0.2631571888923645 1.7921258211135864
-5.46196985244751 0.1531400978565216 1.7907177209854126
-5.465626239776611 0.04328368976712227 1.7912675142288208
-5.469249248504639 -0.06668701022863388 1.7925323247909546
-5.472842216491699 -0.17685653269290924 1.7945135831832886
-5.4764084815979 -0.28731247782707214 1.797214388847351
-5.479950428009033 -0.39814117550849915 1.8006402254104614
-5.525898456573486 -0.5133787393569946 1.8187633752822876
-5.645287990570068 -0.6392158269882202 1.8619145154953003
-5.695156574249268 -0.7611476182937622 1.883029818534851
-5.7478556632995605 -0.8861866593360901 1.9059611558914185
-5.80157470703125 -1.0143085718154907 1.9301494359970093
-6.1063714027404785 -1.1946204900741577 2.039135456085205
-6.133882999420166 -1.3286094665527344 2.0568299293518066
-6.161374092102051 -1.4648783206939697 2.075510025024414
-6.1888628005981445 -1.6035630702972412 2.095210552215576
-6.216362476348877 -1.7448194026947021 2.115973472595215
-6.24389123916626 -1.8888013362884521 2.137843132019043
-6.2714619636535645 -2.0356709957122803 2.160865306854248
-6.2990946769714355 -2.1856086254119873 2.185091495513916
-6.326806545257568 -2.338808059692383 2.210576057434082
-6.30205774307251 -2.474818706512451 2.218872547149658
-6.255040168762207 -2.602726459503174 2.2203006744384766
-6.207014560699463 -2.7304484844207764 2.2223010063171387
-6.157968044281006 -2.858020067214966 2.2248711585998535
-6.099825859069824 -2.981560707092285 2.225080966949463
-6.029465198516846 -3.0989134311676025 2.2217040061950684
-5.958250522613525 -3.2153985500335693 2.218845844268799
-5.886165142059326 -3.3310484886169434 2.216503620147705
-5.813189506530762 -3.4459025859832764 2.2146763801574707
-5.739305019378662 -3.5599944591522217 2.2133612632751465
-5.664495468139648 -3.673356294631958 2.212557315826416
-5.5887370109558105 -3.786024808883667 2.212263584136963
-5.512007713317871 -3.8980302810668945 2.212479591369629
-5.419521331787109 -3.998509407043457 2.2071914672851562
-5.302115440368652 -4.079067707061768 2.192347526550293
-5.185640811920166 -4.158111095428467 2.1783294677734375
-5.070029258728027 -4.235702037811279 2.1651158332824707
-4.955211639404297 -4.311905860900879 2.1526846885681152
-4.841116905212402 -4.386780738830566 2.141019344329834
-4.734183311462402 -4.4665141105651855 2.1330270767211914
-4.628870010375977 -4.546539306640625 2.1263504028320312
-4.523662090301514 -4.6255784034729 2.120333194732666
-4.418510437011719 -4.703675270080566 2.114964008331299
-4.229747295379639 -4.6881937980651855 2.0693297386169434
-4.124224662780762 -4.760313987731934 2.06412935256958
-4.013190269470215 -4.824888706207275 2.056713581085205
-3.901766538619995 -4.887609958648682 2.0495786666870117
-3.8097007274627686 -4.974239826202393 2.0533595085144043
-3.73038911819458 -5.07910680770874 2.0652575492858887
-3.6497271060943604 -5.184687614440918 2.0779166221618652
-3.5215976238250732 -5.222733020782471 2.064359188079834
-3.386514663696289 -5.247032165527344 2.046626091003418
-3.280409574508667 -5.31423807144165 2.046687602996826
-3.1958372592926025 -5.4180521965026855 2.061497688293457
-3.1099095344543457 -5.52327299118042 2.077312469482422
-3.022531032562256 -5.630011558532715 2.0941667556762695
-2.9336085319519043 -5.738373279571533 2.1120986938476562
-2.822567939758301 -5.806392192840576 2.1158084869384766
-2.808116912841797 -6.084933757781982 2.1962828636169434
-2.7398722171783447 -6.265232563018799 2.241013526916504
-2.6947269439697266 -6.515895366668701 2.3108181953430176
-2.646552562713623 -6.782527446746826 2.386016368865967
-2.5950121879577637 -7.066915035247803 2.4671988487243652
-2.5397095680236816 -7.371155261993408 2.5550646781921387
-2.5780413150787354 -8.001380920410156 2.754988193511963
-2.4321181774139404 -8.103266716003418 2.7726640701293945
-2.287951707839966 -8.219805717468262 2.7962279319763184
-2.145735502243042 -8.355866432189941 2.8272581100463867
-1.9999059438705444 -8.493465423583984 2.859628200531006
-1.8502905368804932 -8.632704734802246 2.8933916091918945
-1.6967129707336426 -8.77367877960205 2.928610324859619
-1.5389965772628784 -8.916478157043457 2.965343952178955
-1.3769421577453613 -9.061214447021484 3.0036587715148926
-1.2121342420578003 -9.221663475036621 3.0481486320495605
-1.0424330234527588 -9.388236045837402 3.0956497192382812
-0.8671011924743652 -9.558036804199219 3.1452527046203613
-0.6858322024345398 -9.731258392333984 3.197068691253662
-0.49829360842704773 -9.90810489654541 3.251218318939209
-0.30414459109306335 -10.088780403137207 3.307828426361084
-0.10338470339775085 -10.310612678527832 3.379194736480713
0.10632171481847763 -10.542647361755371 3.4552440643310547
0.32569944858551025 -10.782676696777344 3.5353431701660156
0.5553609728813171 -11.029816627502441 3.6193041801452637
0.7960360050201416 -11.285541534423828 3.7077221870422363
1.048583984375 -11.550968170166016 3.801084041595459
1.313916563987732 -11.82683277130127 3.8997726440429688
1.5930309295654297 -12.113950729370117 4.004201889038086
1.8800179958343506 -12.366902351379395 4.099483013153076
2.1682326793670654 -12.557662010192871 4.17633056640625
2.4670772552490234 -12.753153800964355 4.256988048553467
2.777223587036133 -12.953688621520996 4.341694355010986
3.17767333984375 -13.49183177947998 4.542567729949951
3.617464065551758 -14.083566665649414 4.76533317565918
4.105771064758301 -14.747198104858398 5.016810417175293
5.0337700843811035 -16.767757415771484 5.737462043762207
5.7904839515686035 -17.968080520629883 6.186781406402588
8.238788604736328 29.12339973449707 9.918968200683594
7.607017517089844 29.113168716430664 9.86137866973877
6.982302665710449 29.10304832458496 9.808392524719238
6.3639984130859375 29.093027114868164 9.759902000427246
5.751547336578369 29.08310317993164 9.715799331665039
5.144346237182617 29.07326316833496 9.675985336303711
4.541909217834473 29.06374740600586 9.640460968017578
3.945676803588867 29.069332122802734 9.614045143127441
3.352451801300049 29.074752807617188 9.591595649719238
2.7072129249572754 28.505964279174805 9.384093284606934
2.16751766204834 29.011077880859375 9.534098625183105
1.5821633338928223 29.021331787109375 9.5250825881958
0.9974066019058228 29.023826599121094 9.5173921585083
0.4133720099925995 29.026214599609375 9.513522148132324
-0.1704200804233551 29.025882720947266 9.512613296508789
-0.7543121576309204 29.025001525878906 9.515373229980469
-1.3387811183929443 29.023990631103516 9.521943092346191
-1.924268126487732 29.022838592529297 9.532334327697754
-0.9056904911994934 10.466524124145508 3.442939281463623
-3.1002700328826904 29.02012825012207 9.564684867858887
-3.6917221546173096 29.018558502197266 9.586699485778809
-4.302575588226318 29.128299713134766 9.649590492248535
-4.890974044799805 29.056631088256836 9.656490325927734
-5.494826316833496 29.060924530029297 9.6926851272583
-6.103466033935547 29.06511688232422 9.733060836791992
-6.717392444610596 29.069204330444336 9.77769947052002
-7.336196422576904 29.069204330444336 9.825345039367676
-7.959470748901367 29.062511444091797 9.875195503234863
-8.589268684387207 29.0554141998291 9.929481506347656
-9.226175308227539 29.047908782958984 9.98831558227539
-9.870838165283203 29.03997802734375 10.051828384399414
-10.523889541625977 29.031606674194336 10.120153427124023
-11.1569242477417 28.94727897644043 10.166940689086914
-10.140884399414062 24.812273025512695 8.784485816955566
-10.13453197479248 23.439321517944336 8.36888313293457
-10.128728866577148 22.189905166625977 7.993911266326904
-5.260275840759277 10.936413764953613 3.97715425491333
-5.377339839935303 10.62722396850586 3.9032578468322754
-5.614546298980713 10.563186645507812 3.920423984527588
-5.854358196258545 10.49930477142334 3.9396204948425293
-6.123715400695801 10.481101989746094 3.9782047271728516
-6.405296802520752 10.473645210266113 4.023460865020752
-6.694406509399414 10.467456817626953 4.071987628936768
-10.129304885864258 15.15784740447998 5.974663257598877
-10.227760314941406 14.658248901367188 5.85764217376709
-10.690072059631348 14.6825532913208 5.952076435089111
-11.155975341796875 14.69216251373291 6.045717239379883
-11.631587028503418 14.695305824279785 6.142037868499756
-12.122793197631836 14.698530197143555 6.244039058685303
-12.630770683288574 14.701841354370117 6.352082252502441
-13.1519775390625 14.699811935424805 6.464198589324951
-13.684966087341309 14.69002628326416 6.579607963562012
-14.238218307495117 14.680522918701172 6.702271461486816
-14.490473747253418 14.351530075073242 6.68378210067749
-14.668785095214844 13.95506477355957 6.63519811630249
-14.831457138061523 13.552176475524902 6.584162712097168
-15.178296089172363 13.319019317626953 6.617870807647705
-17.410015106201172 14.66826057434082 7.460766315460205
-18.139461517333984 14.669389724731445 7.645373821258545
-18.905887603759766 14.67030143737793 7.8424506187438965
-19.712854385375977 14.670982360839844 8.053152084350586
-20.555932998657227 14.665423393249512 8.275382995605469
-21.430604934692383 14.648202896118164 8.507179260253906
-22.35567855834961 14.629684448242188 8.755812644958496
-41.08195877075195 25.71941566467285 15.884313583374023
-42.989749908447266 25.725175857543945 16.418575286865234
-45.031253814697266 25.731353759765625 16.99715805053711
-47.22294616699219 25.738006591796875 17.625436782836914
-49.583805084228516 25.74519157409668 18.30962371826172
-52.10747146606445 25.738666534423828 19.046504974365234
-54.69314193725586 25.66077423095703 19.798967361450195
-57.66661834716797 25.65386390686035 20.684383392333984
-60.9039421081543 25.639606475830078 21.65621566772461
-6.794389247894287 0.9368137717247009 2.2477450370788574
-6.458716869354248 0.758508563041687 2.131216526031494
-5.966259479522705 0.5793020725250244 1.9644755125045776
-5.549440860748291 0.42637771368026733 1.8240405321121216
-5.487473011016846 0.3107543885707855 1.8012529611587524
-5.4604268074035645 0.19917388260364532 1.7906981706619263
-5.464097499847412 0.0893307477235794 1.790950894355774
-5.467734336853027 -0.020580291748046875 1.791915774345398
-5.471339702606201 -0.13065306842327118 1.7935954332351685
-5.474917411804199 -0.24098052084445953 1.7959948778152466
-5.478468894958496 -0.35164138674736023 1.799115538597107
-5.481997489929199 -0.46272870898246765 1.8029650449752808
-5.639125347137451 -0.5904234051704407 1.8581737279891968
-5.673356533050537 -0.7096149921417236 1.8737772703170776
-5.725649356842041 -0.8334168791770935 1.8962010145187378
-5.778934001922607 -0.9602290391921997 1.9198552370071411
-6.094832420349121 -1.1391099691390991 2.0320029258728027
-6.122356414794922 -1.2721863985061646 2.0492968559265137
-6.149853706359863 -1.4074827432632446 2.0675597190856934
-6.177341461181641 -1.5451362133026123 2.0868258476257324
-6.204836368560791 -1.6853013038635254 2.1071410179138184
-6.232349395751953 -1.828118085861206 2.1285409927368164
-6.259900093078613 -1.973754644393921 2.151073932647705
-6.287506103515625 -2.12239146232605 2.1747899055480957
-6.31518030166626 -2.274188756942749 2.199738025665283
-6.321468353271484 -2.4211466312408447 2.218442916870117
-6.274864673614502 -2.549145221710205 2.2196335792541504
-6.227267265319824 -2.676936626434326 2.2213926315307617
-6.178648471832275 -2.804572582244873 2.223723888397217
-6.128995895385742 -2.932082414627075 2.2266287803649902
-6.059054851531982 -3.049839496612549 2.2230563163757324
-5.988202095031738 -3.1666815280914307 2.219980239868164
-5.916479110717773 -3.2826836109161377 2.2174229621887207
-5.843881130218506 -3.397864818572998 2.2153801918029785
-5.770381450653076 -3.5122697353363037 2.213850498199463
-5.695963382720947 -3.625931978225708 2.212831974029541
-5.620602607727051 -3.7388908863067627 2.2123241424560547
-5.544284343719482 -3.851168632507324 2.212327003479004
-5.466983318328857 -3.9628026485443115 2.2128405570983887
-5.3512043952941895 -4.045493125915527 2.19846773147583
-5.234345436096191 -4.12516450881958 2.1841049194335938
-5.118379592895508 -4.203357219696045 2.1705570220947266
-5.003239631652832 -4.280134677886963 2.1578006744384766
-4.888850688934326 -4.355557918548584 2.145817279815674
-4.778359413146973 -4.432673454284668 2.13602352142334
-4.672988414764404 -4.513125896453857 2.129068374633789
-4.56774377822876 -4.592571258544922 2.1227755546569824
-4.462576866149902 -4.671056270599365 2.117135524749756
-4.357433319091797 -4.748627662658691 2.1121420860290527
-4.168445110321045 -4.730201244354248 2.066235065460205
-4.059966564178467 -4.798282146453857 2.059885025024414
-3.948434829711914 -4.861452579498291 2.0524964332580566
-3.8425540924072266 -4.930487155914307 2.0485949516296387
-3.763789415359497 -5.035074234008789 2.0601792335510254
-3.6837029457092285 -5.140344619750977 2.0725173950195312
-3.578850507736206 -5.2123332023620605 2.072096347808838
-3.4428622722625732 -5.236937522888184 2.0539321899414062
-3.3242247104644775 -5.285036563873291 2.0461602210998535
-3.231440305709839 -5.374379634857178 2.0551700592041016
-3.1460893154144287 -5.479002475738525 2.0705599784851074
-3.059333086013794 -5.585087776184082 2.0869736671447754
-2.9710710048675537 -5.692753314971924 2.1044492721557617
-2.871070146560669 -5.781717777252197 2.115561008453369
-2.7553017139434814 -5.840590476989746 2.116396427154541
-2.757964849472046 -6.164543151855469 2.2132339477539062
-2.713998317718506 -6.408993244171143 2.2809386253356934
-2.667133092880249 -6.6687235832214355 2.353806495666504
-2.617046594619751 -6.945438861846924 2.4324045181274414
-2.5633723735809326 -7.241084575653076 2.517378330230713
-2.5084023475646973 -7.566151142120361 2.6123194694519043
-2.4967055320739746 -8.070760726928711 2.768644332885742
-2.346508741378784 -8.163228988647461 2.7836108207702637
-2.2057688236236572 -8.298659324645996 2.814094066619873
-2.0614726543426514 -8.4356050491333 2.845895767211914
-1.913466215133667 -8.574145317077637 2.8790664672851562
-1.7615658044815063 -8.714383125305176 2.9136710166931152
-1.6056098937988281 -8.856403350830078 2.9497604370117188
-1.4453997611999512 -9.000311851501465 2.987405300140381
-1.2816481590270996 -9.152776718139648 3.028841018676758
-1.1142194271087646 -9.318046569824219 3.0754928588867188
-0.9412887096405029 -9.486467361450195 3.1242003440856934
-0.762543797492981 -9.658233642578125 3.1750755310058594
-0.5776780843734741 -9.833532333374023 3.228231430053711
-0.3863310217857361 -10.01258659362793 3.2837977409362793
-0.1885458379983902 -10.215620040893555 3.3484644889831543
0.01730361580848694 -10.44447135925293 3.4228978157043457
0.2325373888015747 -10.681069374084473 3.50126314163208
0.4578172266483307 -10.92535400390625 3.5836334228515625
0.6937758922576904 -11.177229881286621 3.670085906982422
0.9412368535995483 -11.438498497009277 3.7613301277160645
1.2010915279388428 -11.70988941192627 3.857736587524414
1.4743093252182007 -11.992197036743164 3.9597082138061523
1.7619441747665405 -12.286269187927246 4.067687511444092
2.0461816787719727 -12.477152824401855 4.143672466278076
2.340482473373413 -12.670620918273926 4.222702503204346
2.6458191871643066 -12.86900806427002 4.305685520172119
3.005117416381836 -13.258977890014648 4.455482006072998
3.4281201362609863 -13.82909870147705 4.669288158416748
3.8932738304138184 -14.45435619354248 4.9058518409729
4.796785354614258 -16.48154067993164 5.625493049621582
5.395586013793945 -17.239065170288086 5.919897556304932
3.8595166206359863 10.015512466430664 3.218864917755127
3.6744213104248047 10.138274192810059 3.2339115142822266
3.48813533782959 10.264083862304688 3.251004695892334
3.30548095703125 10.409189224243164 3.2752442359924316
3.131492853164673 10.595377922058105 3.3133397102355957
2.9539906978607178 10.788450241088867 3.3544559478759766
7.344422340393066 29.109100341796875 9.003144264221191
6.722464561462402 29.09902572631836 8.956396102905273
6.106685161590576 29.08904457092285 8.913716316223145
5.497265815734863 29.083253860473633 8.876263618469238
4.894650936126709 29.089017868041992 8.846185684204102
4.295844554901123 29.094621658325195 8.819828987121582
3.700338840484619 29.100067138671875 8.797138214111328
3.1019372940063477 29.05198860168457 8.761970520019531
2.465073823928833 28.507179260253906 8.580968856811523
1.9237290620803833 29.040685653686523 8.728145599365234
1.3379433155059814 29.043216705322266 8.719056129455566
0.7531237602233887 29.045650482177734 8.713476181030273
0.16882187128067017 29.047996520996094 8.711398124694824
-0.41543012857437134 29.050251007080078 8.712818145751953
-0.37797972559928894 10.979942321777344 3.294743537902832
-0.5861656069755554 10.740293502807617 3.225717067718506
-0.7883999943733215 10.543960571289062 3.170872211456299
-0.9961897134780884 10.482908248901367 3.157900333404541
-1.2023448944091797 10.422151565551758 3.1462464332580566
-1.421339988708496 10.466924667358398 3.167752265930176
-1.6452518701553345 10.523905754089355 3.1943650245666504
-5.148585319519043 29.087169647216797 8.858595848083496
-5.754992485046387 29.091537475585938 8.893379211425781
-6.366410732269287 29.09581756591797 8.932029724121094
-6.983392238616943 29.100006103515625 8.97461986541748
-7.6064863204956055 29.104110717773438 9.021245956420898
-8.236321449279785 29.108131408691406 9.07200813293457
-8.873506546020508 29.1120662689209 9.127017974853516
-9.518150329589844 29.11433219909668 9.185890197753906
-10.167964935302734 29.106657028198242 9.24612808227539
-4.430992603302002 11.90925407409668 3.810678005218506
-4.6351494789123535 11.730573654174805 3.782571792602539
-4.836396217346191 11.554431915283203 3.7563834190368652
-4.925944805145264 11.134239196777344 3.6512503623962402
-5.011982440948486 10.73963737487793 3.5541887283325195
-5.164523601531982 10.509645462036133 3.511742115020752
-5.396602630615234 10.445796966552734 3.525966167449951
-5.631012916564941 10.382067680358887 3.541968822479248
-5.868040561676025 10.318391799926758 3.5597925186157227
-6.107956409454346 10.254708290100098 3.5794835090637207
-6.35105037689209 10.190951347351074 3.601090431213379
-6.625137805938721 10.169276237487793 3.6397833824157715
-10.134199142456055 14.891899108886719 5.401968955993652
-10.419755935668945 14.668387413024902 5.39579963684082
-10.887310028076172 14.691598892211914 5.483808994293213
-11.356889724731445 14.697881698608398 5.5702948570251465
-11.839097023010254 14.701130867004395 5.660628795623779
-12.33738899230957 14.7044677734375 5.75629997253418
-12.851296424865723 14.705916404724121 5.856874465942383
-13.373051643371582 14.695737838745117 5.958742618560791
-13.91429328918457 14.68602180480957 6.06705904006958
-14.476213455200195 14.67636775970459 6.182107448577881
-15.060114860534668 14.666337966918945 6.3042073249816895
-15.260136604309082 14.274585723876953 6.266484260559082
-15.418408393859863 13.851862907409668 6.21580171585083
-15.593663215637207 13.452573776245117 6.176124095916748
-16.077165603637695 13.315250396728516 6.2602763175964355
-18.509244918823242 14.712136268615723 7.090641021728516
-19.31549835205078 14.72900104522705 7.284538745880127
-20.146074295043945 14.731182098388672 7.484516620635986
-21.001893997192383 14.718063354492188 7.690924167633057
-21.903268814086914 14.701950073242188 7.9111199378967285
-22.85775375366211 14.684602737426758 8.147534370422363
-23.871023178100586 14.6658935546875 8.40185832977295
-24.949499130249023 14.645678520202637 8.676011085510254
-26.1007080078125 14.623785972595215 8.972232818603516
-48.150447845458984 25.71952247619629 16.370784759521484
-50.552276611328125 25.709442138671875 17.00813102722168
-53.168365478515625 25.707502365112305 17.710758209228516
-56.043426513671875 25.720205307006836 18.492389678955078
-59.18562316894531 25.734262466430664 19.3544921875
-62.43182373046875 25.66546058654785 20.243106842041016
-66.1480712890625 25.650609970092773 21.276500701904297
-6.638096809387207 0.7229116559028625 2.0024795532226562
-6.316739082336426 0.5596349835395813 1.9017571210861206
-5.84663200378418 0.39966994524002075 1.757447361946106
-5.465928554534912 0.26334258913993835 1.6410881280899048
-5.469624996185303 0.1533549427986145 1.6409398317337036
-5.473288536071777 0.04334457218647003 1.641445279121399
-5.476922512054443 -0.06678009033203125 1.6426054239273071
-5.48052978515625 -0.1771046370267868 1.6444231271743774
-5.48411226272583 -0.2877160608768463 1.6469017267227173
-5.487673282623291 -0.39870160818099976 1.6500457525253296
-5.530287742614746 -0.5137867331504822 1.665629267692566
-5.7288103103637695 -0.6486732363700867 1.7290014028549194
-5.756450176239014 -0.7693391442298889 1.7416611909866333
-5.8104777336120605 -0.8958418369293213 1.7631028890609741
-6.183926582336426 -1.0811567306518555 1.882637858390808
-6.212836265563965 -1.2154487371444702 1.898497223854065
-6.241771221160889 -1.3519783020019531 1.9152623414993286
-6.270748138427734 -1.4908818006515503 1.9329644441604614
-6.299785614013672 -1.6323035955429077 1.9516404867172241
-6.328902244567871 -1.7764081954956055 1.9713317155838013
-6.361021041870117 -1.9242335557937622 1.9929875135421753
-6.499930381774902 -2.1098294258117676 2.0493922233581543
-6.69913911819458 -2.3244130611419678 2.1265130043029785
-6.634734630584717 -2.4526398181915283 2.1212997436523438
-6.565036296844482 -2.578092098236084 2.1151671409606934
-6.494473457336426 -2.702354669570923 2.109518527984619
-6.423033237457275 -2.825474262237549 2.1043472290039062
-6.357131004333496 -2.9504551887512207 2.1017746925354004
-6.305706024169922 -3.082192897796631 2.1048431396484375
-6.253222465515137 -3.2139158248901367 2.1084771156311035
-6.184759140014648 -3.337636709213257 2.107602596282959
-6.109691143035889 -3.457542657852173 2.105292797088623
-6.033753395080566 -3.576648473739624 2.10349178314209
-5.956933975219727 -3.69498348236084 2.1021952629089355
-5.87920618057251 -3.812591552734375 2.1014022827148438
-5.79946756362915 -3.9287803173065186 2.100721836090088
-5.675910472869873 -4.013940811157227 2.0847907066345215
-5.55357027053833 -4.097409725189209 2.0697073936462402
-5.43235445022583 -4.179266452789307 2.0554447174072266
-5.312186241149902 -4.259581089019775 2.0419812202453613
-5.192986488342285 -4.338423252105713 2.029294490814209
-5.074676036834717 -4.415859699249268 2.0173630714416504
-4.957778453826904 -4.492494583129883 2.006409168243408
-4.849329471588135 -4.575149059295654 1.9993571043014526
-4.741092681884766 -4.65676736831665 1.9929479360580444
-4.633017539978027 -4.737396717071533 1.9871703386306763
-4.525045871734619 -4.817086696624756 1.9820183515548706
-4.417128086090088 -4.895883083343506 1.9774829149246216
-4.230471134185791 -4.882946491241455 1.9374967813491821
-4.1220011711120605 -4.955708980560303 1.9330791234970093
-4.01235294342041 -5.026137351989746 1.92867910861969
-3.8976595401763916 -5.089087009429932 1.9223638772964478
-3.8156824111938477 -5.1952362060546875 1.9330791234970093
-3.7044575214385986 -5.262436389923096 1.9299675226211548
-3.565061569213867 -5.2871928215026855 1.9123612642288208
-3.427947759628296 -5.311229228973389 1.8957334756851196
-3.3136470317840576 -5.368081569671631 1.8918522596359253
-3.2143101692199707 -5.449373722076416 1.897332787513733
-3.1280252933502197 -5.555447101593018 1.9119726419448853
-3.0402817726135254 -5.663074970245361 1.9275761842727661
-2.944463014602661 -5.759606838226318 1.9398826360702515
-2.8285112380981445 -5.818617343902588 1.9402037858963013
-2.712445020675659 -5.877620220184326 1.9412933588027954
-2.761392593383789 -6.314443111419678 2.0668063163757324
-2.716557741165161 -6.568680286407471 2.1317062377929688
-2.668696165084839 -6.839277744293213 2.201655864715576
-2.6174697875976562 -7.128072738647461 2.2772140502929688
-2.782668113708496 -8.07630443572998 2.561748504638672
-2.708859920501709 -8.407402038574219 2.648951530456543
-2.5483150482177734 -8.490400314331055 2.6584153175354004
-2.386049270629883 -8.57223892211914 2.6684718132019043
-2.2310068607330322 -8.687919616699219 2.689970016479492
-2.080327272415161 -8.835010528564453 2.7220053672790527
-1.9256103038787842 -8.984113693237305 2.7554526329040527
-1.7666540145874023 -9.135354042053223 2.790375232696533
-1.6056379079818726 -9.302587509155273 2.831019878387451
-1.440101146697998 -9.476852416992188 2.8746562004089355
-1.269050121307373 -9.65467643737793 2.920262336730957
-1.0921807289123535 -9.836263656616211 2.967942237854004
-0.9091756343841553 -10.021833419799805 3.017806053161621
-0.7196872234344482 -10.211621284484863 3.069977283477783
-0.5233290195465088 -10.405899047851562 3.124586582183838
-0.3204047977924347 -10.62813949584961 3.1887388229370117
-0.10906951874494553 -10.877565383911133 3.2622551918029785
0.11230834573507309 -11.13614273071289 3.33980655670166
0.34448516368865967 -11.40456771850586 3.421694755554199
0.588212251663208 -11.6823091506958 3.5078659057617188
0.8443487286567688 -11.970465660095215 3.5987634658813477
1.1139233112335205 -12.270750045776367 3.6950278282165527
1.389111876487732 -12.50367259979248 3.7728166580200195
1.670487642288208 -12.70295238494873 3.8423080444335938
1.9621752500534058 -12.907341957092285 3.9152770042419434
2.264843702316284 -13.117189407348633 3.991941452026367
2.5792202949523926 -13.332863807678223 4.072542190551758
2.9256839752197266 -13.646143913269043 4.18536376953125
3.357006788253784 -14.25324535369873 4.39138650894165
3.840195894241333 -14.950703620910645 4.629134654998779
4.6226677894592285 -16.603803634643555 5.168720722198486
5.223761558532715 -17.4006404876709 5.4483795166015625
5.9612298011779785 -18.49791145324707 5.828317165374756
3.752124547958374 10.086466789245605 3.2273597717285156
3.566370964050293 10.210973739624023 3.243588924407959
3.379271984100342 10.338651657104492 3.2618956565856934
3.2048113346099854 10.516542434692383 3.297016143798828
3.0288336277008057 10.706663131713867 3.336846351623535
7.607064247131348 29.11335563659668 9.023974418640137
6.982346534729004 29.103233337402344 8.975489616394043
6.364039897918701 29.09321403503418 8.931114196777344
5.751586437225342 29.083290100097656 8.890755653381348
5.146710395812988 29.08662223815918 8.858333587646484
4.546374320983887 29.092294692993164 8.830426216125488
3.9495420455932617 29.097801208496094 8.806205749511719
3.355731248855591 29.103166580200195 8.785622596740723
2.706573724746704 28.499225616455078 8.585136413574219
2.1696438789367676 29.039594650268555 8.733002662658691
1.5832940340042114 29.04216766357422 8.722434997558594
0.9981237649917603 29.044645309448242 8.715387344360352
0.4136681854724884 29.047025680541992 8.71184253692627
-0.17056259512901306 29.04931640625 8.711795806884766
-0.7549983263015747 29.0515193939209 8.715250015258789
-0.4999864101409912 10.839461326599121 3.254120349884033
-0.7031808495521545 10.60572338104248 3.1875524520874023
-0.9093177318572998 10.508455276489258 3.163175106048584
-1.116135597229004 10.44758129119873 3.1509718894958496
-1.3286110162734985 10.443449020385742 3.1571459770202637
-1.5509464740753174 10.499856948852539 3.182985782623291
-1.7771230936050415 10.557657241821289 3.2106947898864746
-5.500271797180176 29.089717864990234 8.878336906433105
-6.109537124633789 29.094032287597656 8.915356636047363
-6.724101543426514 29.0982608795166 8.956284523010254
-7.344571113586426 29.102401733398438 9.00121021270752
-7.971500396728516 29.106454849243164 9.050224304199219
-8.605534553527832 29.110429763793945 9.103440284729004
-9.247264862060547 29.114320755004883 9.160968780517578
-9.894610404968262 29.10992431640625 9.220344543457031
-10.161325454711914 28.031423568725586 8.941667556762695
-4.549960136413574 11.805132865905762 3.7941126823425293
-4.752397060394287 11.62795352935791 3.7671289443969727
-4.909488677978516 11.35474967956543 3.7098588943481445
-4.976383686065674 10.902206420898438 3.593979835510254
-5.067900657653809 10.53645133972168 3.5063018798828125
-5.299069404602051 10.472537994384766 3.5197911262512207
-5.532467842102051 10.408766746520996 3.5350422859191895
-5.768361568450928 10.345077514648438 3.552098274230957
-6.007039546966553 10.281402587890625 3.571000099182129
-6.248762130737305 10.217684745788574 3.591797351837158
-6.506038188934326 10.17292308807373 3.6213321685791016
-10.134312629699707 15.165336608886719 5.469974517822266
-10.232002258300781 14.664329528808594 5.3624162673950195
-10.691980361938477 14.685178756713867 5.4475789070129395
-11.15930461883545 14.696544647216797 5.533944129943848
-11.635112762451172 14.69975757598877 5.6221394538879395
-12.126529693603516 14.703059196472168 5.715533256530762
-12.634729385375977 14.706449508666992 5.8144659996032715
-13.15218734741211 14.700045585632324 5.91533088684082
-13.684911727905273 14.689960479736328 6.02081823348999
-14.238150596618652 14.68045711517334 6.1330647468566895
-14.812621116638184 14.670589447021484 6.2521467208862305
-15.187117576599121 14.448187828063965 6.286280632019043
-15.390440940856934 14.062942504882812 6.252081871032715
-15.520770072937012 13.619542121887207 6.192498683929443
-15.805550575256348 13.3164644241333 6.197995662689209
-18.183012008666992 14.704608917236328 7.0128960609436035
-18.973764419555664 14.722972869873047 7.202208042144775
-19.792539596557617 14.730283737182617 7.399040699005127
-20.638700485229492 14.724479675292969 7.603103160858154
-21.519336700439453 14.708847045898438 7.816948413848877
-22.450946807861328 14.692030906677246 8.046380996704102
-23.438819885253906 14.673908233642578 8.292974472045898
-24.48910903930664 14.65434455871582 8.558565139770508
-25.608842849731445 14.63317584991455 8.845242500305176
-47.19645690917969 25.723573684692383 16.11958122253418
-49.52323532104492 25.7137451171875 16.734237670898438
-52.03586196899414 25.703290939331055 17.40505599975586
-54.80815505981445 25.714725494384766 18.15566062927246
-57.83369827270508 25.728193283081055 18.98263168334961
-60.97252655029297 25.66847801208496 19.83940887451172
-64.54566955566406 25.6570987701416 20.829906463623047
-68.5607681274414 25.6689395904541 21.954593658447266
-6.4475555419921875 0.6260342001914978 1.9426616430282593
-6.076170444488525 0.466847687959671 1.8275634050369263
-5.555372714996338 0.3145996034145355 1.6686798334121704
-5.468079566955566 0.1994529664516449 1.6409226655960083
-5.471756458282471 0.08945617824792862 1.6411534547805786
-5.47540283203125 -0.020609131082892418 1.6420396566390991
-5.479020595550537 -0.13083648681640625 1.6435807943344116
-5.4826130867004395 -0.2413194179534912 1.6457823514938354
-5.486182689666748 -0.3521360754966736 1.6486462354660034
-5.489733695983887 -0.4633820950984955 1.6521800756454468
-5.673295497894287 -0.594001293182373 1.7106736898422241
-5.737651348114014 -0.7176569700241089 1.7340806722640991
-5.787705898284912 -0.8424497842788696 1.753975749015808
-5.842358589172363 -0.9707676768302917 1.776096224784851
-6.200717449188232 -1.1588993072509766 1.8917425870895386
-6.229640483856201 -1.2944791316986084 1.9081236124038696
-6.258597373962402 -1.4323707818984985 1.9254297018051147
-6.287607192993164 -1.5727168321609497 1.9436925649642944
-6.316689968109131 -1.7156819105148315 1.9629539251327515
-6.345861434936523 -1.8614139556884766 1.9832531213760376
-6.419922351837158 -2.024209976196289 2.018714427947998
-6.614184379577637 -2.232663631439209 2.0934982299804688
-6.663694858551025 -2.3996946811676025 2.1240158081054688
-6.594352722167969 -2.5256617069244385 2.117677688598633
-6.524151802062988 -2.650418758392334 2.1118273735046387
-6.453082084655762 -2.7740087509155273 2.106457233428955
-6.381126880645752 -2.8964812755584717 2.1015625
-6.327384948730469 -3.0269885063171387 2.1034884452819824
-6.275347709655762 -3.1587109565734863 2.1068854331970215
-6.21597146987915 -3.2871313095092773 2.1087212562561035
-6.141252040863037 -3.407395601272583 2.106199264526367
-6.065683364868164 -3.526829719543457 2.104185104370117
-5.989238262176514 -3.645481586456299 2.1026768684387207
-5.911891937255859 -3.763389825820923 2.101672649383545
-5.833622932434082 -3.880596876144409 2.101172924041748
-5.727541446685791 -3.9784605503082275 2.0913619995117188
-5.604701995849609 -4.062628269195557 2.075927257537842
-5.483026027679443 -4.145150184631348 2.061323642730713
-5.362424850463867 -4.226105213165283 2.0475287437438965
-5.242828369140625 -4.305556774139404 2.034517765045166
-5.124152660369873 -4.383574962615967 2.0222721099853516
-5.0063300132751465 -4.460221290588379 2.0107712745666504
-4.89474630355835 -4.5406413078308105 2.0022339820861816
-4.786428451538086 -4.622686862945557 1.9955564737319946
-4.678296089172363 -4.70372200012207 1.989514708518982
-4.57028865814209 -4.783798694610596 1.9841021299362183
-4.462352752685547 -4.862967014312744 1.979307770729065
-4.354441165924072 -4.941263198852539 1.975129246711731
-4.1674580574035645 -4.92532205581665 1.9348589181900024
-4.058995246887207 -4.99757719039917 1.9307805299758911
-3.945694923400879 -5.062829971313477 1.924939513206482
-3.8496294021606445 -5.149909019470215 1.9282170534133911
-3.7636008262634277 -5.25183629989624 1.9376450777053833
-3.6231894493103027 -5.2769083976745605 1.919617772102356
-3.485138416290283 -5.301242351531982 1.9025846719741821
-3.3582704067230225 -5.339162349700928 1.8915685415267944
-3.2517240047454834 -5.408114433288574 1.8924425840377808
-3.1643552780151367 -5.510814666748047 1.9057220220565796
-3.077237367630005 -5.617773532867432 1.9209173917770386
-2.988605260848999 -5.726349830627441 1.9370976686477661
-2.877114772796631 -5.793890476226807 1.9399760961532593
-2.7611052989959717 -5.8528923988342285 1.9407426118850708
-2.7859604358673096 -6.227119445800781 2.0458359718322754
-2.7356979846954346 -6.460237979888916 2.103921413421631
-2.689145565032959 -6.723758220672607 2.1716885566711426
-2.6393728256225586 -7.004692077636719 2.244823932647705
-2.5860114097595215 -7.3050360679626465 2.3239383697509766
-2.7560853958129883 -8.313237190246582 2.626509189605713
-2.6158061027526855 -8.455759048461914 2.65437650680542
-2.4542605876922607 -8.53808307647705 2.664185047149658
-2.292999744415283 -8.626848220825195 2.6769495010375977
-2.1439576148986816 -8.773125648498535 2.70841121673584
-1.9909553527832031 -8.921371459960938 2.7412590980529785
-1.8337974548339844 -9.071704864501953 2.7755560874938965
-1.6734427213668823 -9.230562210083008 2.8132925033569336
-1.5101324319839478 -9.403396606445312 2.8561344146728516
-1.3414278030395508 -9.579703330993652 2.9009032249450684
-1.1670315265655518 -9.75969123840332 2.9477005004882812
-0.9866416454315186 -9.943561553955078 2.9966349601745605
-0.7999151945114136 -10.131549835205078 3.047823429107666
-0.6064866781234741 -10.3239107131958 3.101393222808838
-0.40614789724349976 -10.52618408203125 3.159064292907715
-0.19881272315979004 -10.771965026855469 3.230973720550537
0.018267668783664703 -11.02662467956543 3.306797504425049
0.24581345915794373 -11.290824890136719 3.386826992034912
0.484620064496994 -11.564929962158203 3.4712705612182617
0.7354284524917603 -11.848280906677246 3.560039520263672
0.9992367029190063 -12.143360137939453 3.654000759124756
1.2740923166275024 -12.421586990356445 3.744675636291504
1.5513464212417603 -12.61883544921875 3.8127732276916504
1.8386352062225342 -12.821041107177734 3.8842597007751465
2.136610507965088 -13.028553009033203 3.959346294403076
2.4459781646728516 -13.241729736328125 4.038264274597168
2.7675275802612305 -13.460982322692871 4.121272563934326
3.1712822914123535 -13.99211311340332 4.302544116973877
3.631415367126465 -14.649201393127441 4.526143550872803
4.14552116394043 -15.39085578918457 4.780088424682617
4.967686653137207 -17.06873893737793 5.331158638000488
5.644043922424316 -18.032899856567383 5.6666107177734375
6.453596115112305 -19.252405166625977 6.089382171630859
3.959865093231201 9.690460205078125 2.8524065017700195
3.7547783851623535 9.7437162399292 2.8452768325805664
3.550807476043701 9.797204971313477 2.8394665718078613
3.352097749710083 9.863779067993164 2.8386454582214355
3.1709442138671875 9.985519409179688 2.854747772216797
2.9881246089935303 10.110304832458496 2.872659206390381
2.8114991188049316 10.268050193786621 2.900824546813965
2.6371657848358154 10.45221996307373 2.93727445602417
2.502044677734375 10.830409049987793 3.0287981033325195
6.110186576843262 29.105730056762695 8.103606224060059
5.502618789672852 29.11155891418457 8.07278060913086
4.899398326873779 29.11723518371582 8.04539966583252
4.2999958992004395 29.12275505065918 8.021402359008789
3.703908681869507 29.12813949584961 8.000747680664062
3.1038947105407715 29.070323944091797 7.9661078453063965
2.4644973278045654 28.500551223754883 7.794811725616455
1.9250913858413696 29.061246871948242 7.935965061187744
1.3388848304748535 29.063756942749023 7.927696704864502
0.7536599040031433 29.06618309020996 7.922618389129639
0.1689378321170807 29.068525314331055 7.920730113983154
-0.15965545177459717 11.164313316345215 3.0423645973205566
-0.3758021295070648 10.91666316986084 2.9763355255126953
-0.5828579664230347 10.679685592651367 2.914332389831543
-0.7915303111076355 10.585830688476562 2.8924808502197266
-1.000126838684082 10.524368286132812 2.8806004524230957
-1.2070831060409546 10.463216781616211 2.8699283599853516
-1.4125683307647705 10.402328491210938 2.8604416847229004
-1.6300939321517944 10.426959991455078 2.8756484985351562
-1.8557195663452148 10.483969688415527 2.9010801315307617
-2.085538148880005 10.542417526245117 2.9282689094543457
-2.319894790649414 10.602400779724121 2.957291603088379
-6.9902849197387695 29.128740310668945 8.162349700927734
-7.614034652709961 29.132997512817383 8.204797744750977
-8.24368667602539 29.134166717529297 8.25015640258789
-8.879146575927734 29.130590438842773 8.298039436340332
-9.522286415100098 29.12700080871582 8.349886894226074
-10.162790298461914 29.09185791015625 8.396714210510254
-4.431479454040527 11.91055965423584 3.4627437591552734
-4.635652542114258 11.731852531433105 3.4372005462646484
-4.755588054656982 11.361373901367188 3.3560051918029785
-4.7988057136535645 10.846860885620117 3.231882095336914
-4.880118370056152 10.457080841064453 3.1443557739257812
-5.092367649078369 10.362808227539062 3.1461730003356934
-5.320516109466553 10.29852294921875 3.1585068702697754
-5.551319599151611 10.235132217407227 3.1726698875427246
-5.784631252288818 10.171721458435059 3.188436508178711
-6.02070951461792 10.108230590820312 3.205845355987549
-6.259836196899414 10.04459285736084 3.224942684173584
-6.502309322357178 9.980741500854492 3.2457776069641113
-6.743220806121826 9.908961296081543 3.2658824920654297
-6.922526836395264 9.745171546936035 3.2571330070495605
-7.1009907722473145 9.582244873046875 3.2497596740722656
-11.360250473022461 14.702229499816895 5.062640190124512
-11.842658996582031 14.705551147460938 5.1447672843933105
-12.34116268157959 14.708963394165039 5.231744766235352
-12.851499557495117 14.706146240234375 5.321613311767578
-13.373261451721191 14.695972442626953 5.4141716957092285
-13.91423511505127 14.685956954956055 5.512477397918701
-14.476151466369629 14.676301956176758 5.617009162902832
-15.06004524230957 14.66627025604248 5.727947235107422
-15.667710304260254 14.655831336975098 5.845765113830566
-16.006975173950195 14.38062858581543 5.863234043121338
-16.13747215270996 13.921711921691895 5.80729341506958
-16.310733795166016 13.508699417114258 5.770695686340332
-16.753694534301758 13.316726684570312 5.831464767456055
-19.182546615600586 14.627619743347168 6.573140621185303
-20.019758224487305 14.638813018798828 6.757755756378174
-20.88833999633789 14.6384859085083 6.950155735015869
-21.80400848388672 14.63532543182373 7.155431270599365
-22.776599884033203 14.632466316223145 7.376529216766357
-23.8125 14.629936218261719 7.615172863006592
-24.91897964477539 14.627761840820312 7.873338222503662
-26.10692024230957 14.627266883850098 8.154067039489746
-27.38927459716797 14.629963874816895 8.460969924926758
-28.772371292114258 14.632804870605469 8.795530319213867
-53.09369659423828 25.671382904052734 16.06930160522461
-55.961246490478516 25.682477951049805 16.777450561523438
-59.09476852416992 25.69475555419922 17.55840301513672
-62.53622817993164 25.708410263061523 18.423564910888672
-66.33644104003906 25.723655700683594 19.386775970458984
-70.3238525390625 25.655290603637695 20.39716148376465
-74.99490356445312 25.66263198852539 21.597900390625
-6.620467185974121 0.5865440368652344 1.8110119104385376
-6.300112724304199 0.4306693971157074 1.7206615209579468
-5.938290119171143 0.2861007750034332 1.6199437379837036
-5.520193099975586 0.15477249026298523 1.5047343969345093
-5.516811370849609 0.04368911683559418 1.503269076347351
-5.511801719665527 -0.06720580905675888 1.5019677877426147
-5.506839275360107 -0.17795486748218536 1.5012871026992798
-5.501921653747559 -0.28865066170692444 1.5012260675430298
-5.497044563293457 -0.399382621049881 1.5017832517623901
-5.528541088104248 -0.5136244297027588 1.5129045248031616
-5.78611421585083 -0.6551618576049805 1.586676001548767
-5.829364776611328 -0.7790840268135071 1.602509617805481
-5.873504638671875 -0.9055588841438293 1.6193231344223022
-6.291053295135498 -1.0998862981796265 1.7401891946792603
-6.321386337280273 -1.2366852760314941 1.7551041841506958
-6.351807594299316 -1.3758121728897095 1.770875096321106
-6.387505054473877 -1.5186408758163452 1.7889829874038696
-6.485276699066162 -1.6803656816482544 1.825463891029358
-6.687407970428467 -1.8770334720611572 1.8926030397415161
-6.902469635009766 -2.0880239009857178 1.9649566411972046
-7.080310821533203 -2.298217535018921 2.028332233428955
-7.008147716522217 -2.4316306114196777 2.0212626457214355
-6.93519401550293 -2.563709020614624 2.0146865844726562
-6.8614397048950195 -2.694488525390625 2.0085983276367188
-6.786872386932373 -2.824022054672241 2.0029916763305664
-6.711474418640137 -2.9523589611053467 1.997862458229065
-6.635240077972412 -3.0795304775238037 1.993204951286316
-6.558149337768555 -3.2055864334106445 1.9890135526657104
-6.480187892913818 -3.3305675983428955 1.9852849245071411
-6.4047393798828125 -3.4563488960266113 1.9830676317214966
-6.347081184387207 -3.5918853282928467 1.9871832132339478
-6.26798677444458 -3.715493679046631 1.985416054725647
-6.188035488128662 -3.8383336067199707 1.9841455221176147
-6.075754165649414 -3.9400529861450195 1.9731560945510864
-5.946502685546875 -4.028387546539307 1.9570976495742798
-5.8186936378479 -4.11491584777832 1.941881537437439
-5.692241191864014 -4.199718952178955 1.9274810552597046
-5.567039489746094 -4.282883167266846 1.9138702154159546
-5.443007469177246 -4.364480495452881 1.901025414466858
-5.320058345794678 -4.444584369659424 1.8889251947402954
-5.1981048583984375 -4.523265361785889 1.8775488138198853
-5.079899311065674 -4.603152751922607 1.8679178953170776
-4.968347072601318 -4.687437534332275 1.8611918687820435
-4.857072353363037 -4.770683288574219 1.8550785779953003
-4.746016025543213 -4.852941036224365 1.849570870399475
-4.633133411407471 -4.932149410247803 1.8438688516616821
-4.515285491943359 -5.004680633544922 1.8366583585739136
-4.398131847381592 -5.076467037200928 1.83016836643219
-4.229060649871826 -5.084421157836914 1.8020037412643433
-4.117558479309082 -5.157924175262451 1.7983366250991821
-4.006051540374756 -5.230610370635986 1.795223355293274
-3.8945372104644775 -5.302599906921387 1.7926825284957886
-3.7504682540893555 -5.327796936035156 1.7753387689590454
-3.6089322566986084 -5.352255344390869 1.7589434385299683
-3.4697606563568115 -5.376012325286865 1.7434617280960083
-3.3474161624908447 -5.422789573669434 1.7364457845687866
-3.239694595336914 -5.49240779876709 1.7375212907791138
-3.1460752487182617 -5.587504863739014 1.7472337484359741
-3.057969570159912 -5.696021556854248 1.7615758180618286
-2.9505817890167236 -5.7715744972229 1.7662304639816284
-2.8343889713287354 -5.8307108879089355 1.7665239572525024
-2.718083620071411 -5.889843463897705 1.7675176858901978
-2.78292179107666 -6.363670349121094 1.892529845237732
-2.7384073734283447 -6.621513366699219 1.9524363279342651
-2.690871477127075 -6.896107196807861 2.017035961151123
-2.990633487701416 -8.144299507141113 2.3640451431274414
-2.9532039165496826 -8.571259498596191 2.4702391624450684
-2.8421196937561035 -8.820993423461914 2.5252246856689453
-2.6741461753845215 -8.909639358520508 2.53469181060791
-2.50433611869812 -8.997199058532715 2.5447564125061035
-2.3326315879821777 -9.083675384521484 2.555427074432373
-2.166116952896118 -9.199359893798828 2.5751938819885254
-2.0087454319000244 -9.371993064880371 2.6116814613342285
-1.846283197402954 -9.547114372253418 2.649596691131592
-1.6763942241668701 -9.712516784667969 2.685598850250244
-1.5015660524368286 -9.881317138671875 2.7233734130859375
-1.321507453918457 -10.05374526977539 2.763009548187256
-1.1359041929244995 -10.230033874511719 2.804612159729004
-0.9444308280944824 -10.410429000854492 2.8482842445373535
-0.7467219829559326 -10.595211029052734 2.894145965576172
-0.5424160957336426 -10.785478591918945 2.942542552947998
-0.3312295377254486 -10.98717975616455 2.995149612426758
-0.11374206840991974 -11.34352970123291 3.091042995452881
0.11821853369474411 -11.722354888916016 3.194272041320801
0.36523085832595825 -12.09141731262207 3.296173572540283
0.6246066093444824 -12.405096054077148 3.3844242095947266
0.8905056118965149 -12.624822616577148 3.4485607147216797
1.1648790836334229 -12.832040786743164 3.5108537673950195
1.44921875 -13.044705390930176 3.576291084289551
1.7441610097885132 -13.26318073272705 3.6450681686401367
2.0504279136657715 -13.48788070678711 3.7174038887023926
2.3687973022460938 -13.719246864318848 3.7935357093811035
2.7001023292541504 -13.95775318145752 3.8737192153930664
3.0919408798217773 -14.421606063842773 4.0189008712768555
3.565648317337036 -15.1390962600708 4.237974643707275
4.093140125274658 -15.93547248840332 4.483049392700195
4.751754283905029 -17.06744956970215 4.827414512634277
5.4912238121032715 -18.291563034057617 5.20383358001709
6.169071674346924 -19.142850875854492 5.480213642120361
48.12055587768555 50.79548263549805 19.065372467041016
46.649410247802734 51.26948165893555 18.887269973754883
44.713260650634766 51.172122955322266 18.51634407043457
43.315956115722656 51.632835388183594 18.36407470703125
42.933876037597656 53.3193359375 18.652990341186523
4.046196937561035 9.668198585510254 2.8557920455932617
3.840580463409424 9.7213716506958 2.8481040000915527
3.6361687183380127 9.77475643157959 2.8417420387268066
3.4327502250671387 9.82840347290039 2.8366904258728027
3.2470526695251465 9.934139251708984 2.847782611846924
3.0649616718292236 10.057625770568848 2.864929676055908
2.8834612369537354 10.192788124084473 2.886326789855957
2.710693359375 10.374228477478027 2.9216747283935547
2.55517578125 10.650272369384766 2.9843387603759766
6.366232395172119 29.103240966796875 8.11756420135498
5.7566962242126465 29.109134674072266 8.085275650024414
5.151717662811279 29.114877700805664 8.05645751953125
4.550772190093994 29.120460510253906 8.031050682067871
3.9533534049987793 29.12590217590332 8.009000778198242
3.358961820602417 29.131200790405273 7.990264415740967
2.7059404850006104 28.492591857910156 7.798598766326904
2.1711831092834473 29.06016731262207 7.940388202667236
1.5844194889068604 29.062713623046875 7.930772304534912
0.9988219738006592 29.065176010131836 7.924356937408447
0.413958877325058 29.06755256652832 7.921133518218994
-0.1706753522157669 29.06984519958496 7.921091556549072
-0.28636717796325684 11.019102096557617 3.0034995079040527
-0.497141569852829 10.777758598327637 2.9398465156555176
-0.7035771012306213 10.611695289611816 2.897824764251709
-0.9129180908203125 10.55008602142334 2.8854308128356934
-1.1205377578735352 10.488810539245605 2.8742547035217285
-1.3266208171844482 10.427817344665527 2.864274024963379
-1.5367088317871094 10.403473854064941 2.8654985427856445
-1.7606701850891113 10.459908485412598 2.890211582183838
-1.988690733909607 10.517743110656738 2.9166550636291504
-2.2211103439331055 10.577071189880371 2.944901466369629
-2.458253860473633 10.637989044189453 2.975027561187744
-7.351851463317871 29.131221771240234 8.186553001403809
-7.9794392585754395 29.13543701171875 8.231179237365723
-8.611929893493652 29.1320858001709 8.277495384216309
-9.25177001953125 29.128507614135742 8.327668190002441
-9.899710655212402 29.124914169311523 8.381875991821289
-4.344990253448486 11.986258506774902 3.47398042678833
-4.550457000732422 11.80642318725586 3.447690010070801
-4.736623764038086 11.589364051818848 3.4114365577697754
-4.781027317047119 11.057642936706543 3.282561779022217
-4.8227033615112305 10.565522193908691 3.164628505706787
-5.003386974334717 10.402323722839355 3.145254611968994
-5.2244648933410645 10.32509994506836 3.1530399322509766
-5.454297065734863 10.261698722839355 3.1665406227111816
-5.686522006988525 10.198305130004883 3.1816301345825195
-5.921415328979492 10.13485336303711 3.1983466148376465
-6.159229278564453 10.071285247802734 3.2167301177978516
-6.400265693664551 10.007532119750977 3.2368311882019043
-6.64481258392334 9.943528175354004 3.2586989402770996
-6.847489833831787 9.813703536987305 3.260629653930664
-7.026286602020264 9.650434494018555 3.252682685852051
-7.2043352127075195 9.48794174194336 3.2460999488830566
-11.63858699798584 14.704147338867188 5.109772682189941
-12.130209922790527 14.707521438598633 5.1946821212768555
-12.638043403625488 14.710307121276855 5.284380912780762
-13.152396202087402 14.700279235839844 5.374726295471191
-13.684852600097656 14.689898490905762 5.470463752746582
-14.23808765411377 14.680392265319824 5.572449207305908
-14.812556266784668 14.670523643493652 5.68064546585083
-15.410035133361816 14.660258293151855 5.795519828796387
-15.912617683410645 14.540088653564453 5.873356342315674
-16.14594268798828 14.168134689331055 5.853110313415527
-16.23866844177246 13.681379318237305 5.785789966583252
-16.46331787109375 13.313888549804688 5.769250392913818
-18.845239639282227 14.623239517211914 6.499562740325928
-19.663150787353516 14.633990287780762 6.678781509399414
-20.520153045654297 14.63989543914795 6.8684611320495605
-21.41366195678711 14.636615753173828 7.067564010620117
-22.361705780029297 14.633625984191895 7.28184175491333
-23.37020492553711 14.630953788757324 7.512901782989502
-24.44613265991211 14.62862777709961 7.762624263763428
-25.59746742248535 14.626679420471191 8.033175468444824
-26.84029769897461 14.628816604614258 8.32917594909668
-28.179630279541016 14.63159465789795 8.651723861694336
-51.965782165527344 25.668678283691406 15.792856216430664
-54.729225158691406 25.67769432067871 16.47239112854004
-57.74662399291992 25.689455032348633 17.2215576171875
-61.05333709716797 25.70250701904297 18.04989242553711
-64.69648742675781 25.71705436706543 18.97017478942871
-68.51676177978516 25.6524658203125 19.93503761291504
-72.97200775146484 25.659442901611328 21.076860427856445
-6.430548667907715 0.49407529830932617 1.757360816001892
-6.1277360916137695 0.34701231122016907 1.6723607778549194
-5.570823669433594 0.20320051908493042 1.5189481973648071
-5.518926620483398 0.09022720158100128 1.503998875617981
-5.513895034790039 -0.020753784105181694 1.502437710762024
-5.508913516998291 -0.13154998421669006 1.5014983415603638
-5.503977298736572 -0.2422596663236618 1.5011767148971558
-5.49908447265625 -0.3529641628265381 1.5014744997024536
-5.494228363037109 -0.4637611210346222 1.5023924112319946
-5.677858829498291 -0.5944792032241821 1.5555602312088013
-5.82274866104126 -0.728300929069519 1.5989457368850708
-5.850156784057617 -0.8515400290489197 1.6108494997024536
-6.27836275100708 -1.043213963508606 1.7341843843460083
-6.308663845062256 -1.1790745258331299 1.7487510442733765
-6.339046478271484 -1.3172132968902588 1.7641600370407104
-6.369525909423828 -1.4577577114105225 1.7804430723190308
-6.438774108886719 -1.6105283498764038 1.8084880113601685
-6.601203441619873 -1.7929587364196777 1.863864779472351
-6.810673713684082 -1.9977567195892334 1.9339622259140015
-7.033904552459717 -2.2177979946136475 2.0096116065979004
-7.038483619689941 -2.3758890628814697 2.0241641998291016
-6.965867519378662 -2.5085108280181885 2.0173826217651367
-6.892448425292969 -2.639833927154541 2.0110907554626465
-6.818223476409912 -2.769883871078491 2.005283832550049
-6.74317741394043 -2.898712635040283 1.9999552965164185
-6.667291164398193 -3.026374340057373 1.9951006174087524
-6.590561389923096 -3.1528923511505127 1.9907134771347046
-6.512967109680176 -3.2783172130584717 1.986791968345642
-6.434494495391846 -3.4026904106140137 1.9833298921585083
-6.372338771820068 -3.5356128215789795 1.985690712928772
-6.301235198974609 -3.663790225982666 1.986096739768982
-6.221647262573242 -3.786943197250366 1.984617829322815
-6.1303791999816895 -3.902472972869873 1.9801422357559204
-6.000485420227051 -3.991593599319458 1.963723063468933
-5.872087001800537 -4.0788679122924805 1.9481579065322876
-5.745079040527344 -4.164383411407471 1.9334183931350708
-5.61936616897583 -4.248223304748535 1.9194799661636353
-5.4948506355285645 -4.330469131469727 1.906317114830017
-5.371456146240234 -4.411193370819092 1.8939067125320435
-5.249096870422363 -4.49045991897583 1.8822294473648071
-5.127690315246582 -4.568342685699463 1.8712652921676636
-5.01505708694458 -4.652246475219727 1.8639353513717651
-4.903674125671387 -4.7359209060668945 1.8575669527053833
-4.792536735534668 -4.81858491897583 1.851805329322815
-4.681581974029541 -4.900290489196777 1.8466447591781616
-4.564586162567139 -4.974377155303955 1.8395909070968628
-4.447153568267822 -5.046467304229736 1.8328014612197876
-4.330361366271973 -5.117848873138428 1.8267234563827515
-4.164290904998779 -5.127217769622803 1.7998069524765015
-4.052788257598877 -5.200244426727295 1.7964617013931274
-3.940596103668213 -5.271600723266602 1.7933677434921265
-3.810533285140991 -5.317328453063965 1.7824901342391968
-3.667947292327881 -5.342093467712402 1.7657006978988647
-3.527801990509033 -5.366138935089111 1.7498418092727661
-3.3924906253814697 -5.3935675621032715 1.7361832857131958
-3.284874200820923 -5.463246822357178 1.7369939088821411
-3.1825544834136963 -5.542510032653809 1.741489291191101
-3.0950779914855957 -5.650343418121338 1.7554551362991333
-2.999267101287842 -5.746777057647705 1.7663153409957886
-2.8830935955047607 -5.805929660797119 1.7663158178329468
-2.7668442726135254 -5.865058898925781 1.767015814781189
-2.8206629753112793 -6.304686069488525 1.8819903135299683
-2.7574126720428467 -6.51151704788208 1.92678701877594
-2.711183547973633 -6.778861999511719 1.9893571138381958
-2.6617379188537598 -7.064046382904053 2.056919574737549
-2.9693801403045654 -8.387985229492188 2.4245457649230957
-2.9119937419891357 -8.783513069152832 2.521432399749756
-2.7447638511657715 -8.872621536254883 2.530651569366455
-2.575723171234131 -8.960638046264648 2.540465831756592
-2.4048240184783936 -9.047565460205078 2.5508804321289062
-2.232001304626465 -9.133411407470703 2.56190824508667
-2.07476806640625 -9.296941757202148 2.5955471992492676
-1.9157421588897705 -9.477090835571289 2.634551525115967
-1.7481772899627686 -9.642796516418457 2.6703009605407715
-1.5754549503326416 -9.810145378112793 2.7073216438293457
-1.3976266384124756 -9.981023788452148 2.746164321899414
-1.214380145072937 -10.155670166015625 2.7869324684143066
-1.0254147052764893 -10.334308624267578 2.829721450805664
-0.8303642272949219 -10.517217636108398 2.8746509552001953
-0.6288620233535767 -10.704816818237305 2.9218783378601074
-0.42052504420280457 -10.898765563964844 2.9719061851501465
-0.20655930042266846 -11.191595077514648 3.05000638961792
0.01915343850851059 -11.56071662902832 3.1500701904296875
0.2602465748786926 -11.953727722167969 3.2579259872436523
0.5142693519592285 -12.272527694702148 3.3469557762145996
0.7783340215682983 -12.539512634277344 3.4233455657958984
1.0487072467803955 -12.744549751281738 3.4843735694885254
1.3287914991378784 -12.954886436462402 3.5484700202941895
1.619216799736023 -13.170886993408203 3.6158242225646973
1.9206465482711792 -13.392924308776855 3.686640739440918
2.233837842941284 -13.621435165405273 3.7611494064331055
2.559605121612549 -13.85688304901123 3.839599609375
2.9075684547424316 -14.142143249511719 3.934051990509033
3.361088275909424 -14.82955551147461 4.143245220184326
3.8649444580078125 -15.591266632080078 4.376893520355225
4.500327110290527 -16.708148956298828 4.71489143371582
5.1886725425720215 -17.82804298400879 5.059345722198486
5.8765716552734375 -18.775829315185547 5.360772132873535
43.93163299560547 57.864070892333984 17.8319091796875
43.50639343261719 59.762351989746094 18.143550872802734
43.34219741821289 62.12508010864258 18.59243392944336
43.569862365722656 65.20777130126953 19.24884033203125
4.321956157684326 9.469974517822266 2.5549793243408203
4.116677284240723 9.52266788482666 2.546339511871338
3.912865161895752 9.575446128845215 2.5388941764831543
3.7103235721588135 9.6283540725708 2.5326218605041504
3.5088512897491455 9.68144416809082 2.5275120735168457
3.3082525730133057 9.734763145446777 2.5235486030578613
3.1083338260650635 9.788360595703125 2.520725727081299
2.9089107513427734 9.842284202575684 2.5190348625183105
2.7097890377044678 9.896586418151855 2.5184736251831055
2.517002820968628 9.975956916809082 2.5252771377563477
2.373514175415039 10.274048805236816 2.5881266593933105
2.242997169494629 10.684466361999512 2.679607391357422
5.507906913757324 29.139530181884766 7.278783321380615
4.904091835021973 29.145118713378906 7.254069805145264
4.304101467132568 29.150564193725586 7.23241662979126
3.7074315547943115 29.1558780670166 7.213773250579834
3.105830669403076 29.08843421936035 7.180177211761475
2.467501640319824 28.535280227661133 7.029970169067383
1.9264367818832397 29.081554412841797 7.153552532196045
1.339819312095642 29.084047317504883 7.146089553833008
0.7541811466217041 29.08646011352539 7.141510009765625
0.16905412077903748 29.088796615600586 7.139805316925049
-0.16409194469451904 11.474610328674316 2.8166685104370117
-0.37367841601371765 10.854964256286621 2.66586971282959
-0.5834069848060608 10.689716339111328 2.627636432647705
-0.7946426272392273 10.627455711364746 2.615732192993164
-1.0040440559387207 10.565580368041992 2.6049466133117676
-1.2152594327926636 10.534102439880371 2.6026859283447266
-1.4306386709213257 10.535390853881836 2.609586238861084
-1.6471469402313232 10.536026000976562 2.6174206733703613
-1.866710901260376 10.5460786819458 2.6287145614624023
-2.0982441902160645 10.606635093688965 2.6537914276123047
-2.3342642784118652 10.668068885803223 2.6803674697875977
-2.5750844478607178 10.730452537536621 2.708507537841797
-7.6130900382995605 29.129371643066406 7.389791965484619
-8.241307258605957 29.12575912475586 7.4294257164001465
-8.876574516296387 29.122135162353516 7.472533702850342
-9.519515037536621 29.118497848510742 7.519210338592529
-10.154450416564941 29.06797981262207 7.557379245758057
-4.431958198547363 11.911849021911621 3.1195054054260254
-4.583592891693115 11.600090980529785 3.061387062072754
-4.633339881896973 11.069317817687988 2.945310115814209
-4.744064807891846 10.72313117980957 2.878004550933838
-4.885221004486084 10.468018531799316 2.835334300994873
-5.087957859039307 10.353836059570312 2.8315534591674805
-5.30036735534668 10.259528160095215 2.8343448638916016
-5.513294696807861 10.16502857208252 2.8383002281188965
-5.726927280426025 10.070257186889648 2.8434271812438965
-5.941437244415283 9.975137710571289 2.8497366905212402
-6.172796249389648 9.904925346374512 2.8645691871643066
-6.411319255828857 9.841079711914062 2.8828177452087402
-6.653347015380859 9.77689266204834 2.90263032913208
-6.899177074432373 9.712299346923828 2.924060344696045
-7.090836048126221 9.568541526794434 2.9231295585632324
-7.268373966217041 9.406598091125488 2.917728900909424
-11.846169471740723 14.709911346435547 4.635674953460693
-12.344883918762207 14.713398933410645 4.714069843292236
-12.851694107055664 14.70637321472168 4.793672561645508
-13.37347412109375 14.696203231811523 4.877051830291748
-13.91417121887207 14.685893058776855 4.965502738952637
-14.47608757019043 14.676239013671875 5.059665679931641
-15.059976577758789 14.666205406188965 5.159594535827637
-15.667641639709473 14.65576457977295 5.265721797943115
-16.301111221313477 14.644880294799805 5.378532886505127
-16.79808235168457 14.491618156433105 5.445229530334473
-16.887941360473633 13.986747741699219 5.382076263427734
-17.059175491333008 13.559540748596191 5.348643779754639
-17.460208892822266 13.314250946044922 5.389326095581055
-20.007671356201172 14.629976272583008 6.083572864532471
-20.873973846435547 14.628419876098633 6.256250381469727
-21.797555923461914 14.630996704101562 6.443557262420654
-22.77849578857422 14.633684158325195 6.645178318023682
-23.823171615600586 14.636493682861328 6.862664699554443
-24.93886947631836 14.639437675476074 7.097804546356201
-26.134206771850586 14.64255428314209 7.352694988250732
-27.421354293823242 14.64709186553955 7.630392551422119
-28.776464462280273 14.63488483428955 7.9239583015441895
-30.284048080444336 14.642674446105957 8.256321907043457
-31.994001388549805 14.683120727539062 8.640240669250488
-59.0597038269043 25.67951774597168 15.806867599487305
-62.506465911865234 25.69618034362793 16.587675094604492
-66.31310272216797 25.714611053466797 17.457073211669922
-70.48876190185547 25.715456008911133 18.41643524169922
-75.0238037109375 25.672521591186523 19.46244239807129
-16.40505599975586 5.247569561004639 4.227511882781982
-16.46942138671875 4.905334949493408 4.217819690704346
-16.53277587890625 4.564315319061279 4.209681034088135
-17.200220108032227 4.378299236297607 4.356325626373291
-6.597375392913818 0.4509899914264679 1.6230682134628296
-6.278565406799316 0.3024947941303253 1.5428270101547241
-5.497410774230957 0.15413375198841095 1.349840521812439
-5.506535053253174 0.04360778629779816 1.35159170627594
-5.501542568206787 -0.06708068400621414 1.3504234552383423
-5.49659538269043 -0.1776238977909088 1.3498131036758423
-5.491686820983887 -0.28811386227607727 1.349758267402649
-5.486814975738525 -0.39863935112953186 1.350258708000183
-5.50103759765625 -0.5110688805580139 1.356014370918274
-5.773909568786621 -0.6537800431251526 1.4262303113937378
-5.916789531707764 -0.7907679677009583 1.4651561975479126
-6.368720531463623 -0.9819096326828003 1.5816375017166138
-6.400409698486328 -1.1190052032470703 1.5947734117507935
-6.490642547607422 -1.2697980403900146 1.6232928037643433
-6.646728038787842 -1.4396930932998657 1.6692346334457397
-6.86269998550415 -1.631619930267334 1.7313646078109741
-7.093023300170898 -1.8378357887268066 1.7984343767166138
-7.339391231536865 -2.0600340366363525 1.8710283041000366
-7.489739894866943 -2.2656750679016113 1.9205857515335083
-7.431750774383545 -2.4122934341430664 1.9177697896957397
-7.376296520233154 -2.55936861038208 1.9163566827774048
-7.317511558532715 -2.705040216445923 1.9148319959640503
-7.255442142486572 -2.8492143154144287 1.9132000207901
-7.190135478973389 -2.9918200969696045 1.9114598035812378
-7.121625900268555 -3.132782459259033 1.9096134901046753
-7.0499773025512695 -3.2720165252685547 1.907662272453308
-6.975230693817139 -3.4094536304473877 1.90560781955719
-6.897437572479248 -3.545020580291748 1.903450846672058
-6.816661357879639 -3.6786444187164307 1.9011937379837036
-6.73295259475708 -3.810255765914917 1.898837924003601
-6.646368026733398 -3.939791202545166 1.8963853120803833
-6.447203159332275 -3.9990899562835693 1.862131953239441
-6.320425987243652 -4.098716735839844 1.8489526510238647
-6.193754196166992 -4.195886611938477 1.8362144231796265
-6.067191123962402 -4.2906494140625 1.8239103555679321
-5.94072961807251 -4.383054256439209 1.812029242515564
-5.814358711242676 -4.473152160644531 1.800563931465149
-5.6880784034729 -4.560990333557129 1.7895056009292603
-5.561878681182861 -4.646610736846924 1.7788468599319458
-5.435751914978027 -4.730059623718262 1.7685784101486206
-5.258500099182129 -4.764993667602539 1.7417393922805786
-5.066160678863525 -4.779722690582275 1.709529995918274
-4.92124080657959 -4.833709716796875 1.6930938959121704
-4.800282001495361 -4.908431053161621 1.6851054430007935
-4.68023681640625 -4.982294082641602 1.6778045892715454
-4.561010360717773 -5.055360794067383 1.6711779832839966
-4.442512035369873 -5.127690315246582 1.6652129888534546
-4.315629482269287 -5.18850040435791 1.6564353704452515
-4.158960819244385 -5.209785461425781 1.636193871498108
-4.000757217407227 -5.223698139190674 1.614963412284851
-3.88773775100708 -5.293342113494873 1.611993432044983
-3.7714359760284424 -5.357583522796631 1.6081291437149048
-3.653270959854126 -5.418013095855713 1.6038867235183716
-3.512009620666504 -5.44147253036499 1.589598298072815
-3.3814053535461426 -5.47784948348999 1.580037236213684
-3.2726094722747803 -5.548210144042969 1.581025242805481
-3.164083480834961 -5.619486331939697 1.5828801393508911
-3.073054313659668 -5.724120140075684 1.5946184396743774
-2.9566402435302734 -5.783426761627197 1.594251036643982
-2.8402106761932373 -5.842686176300049 1.594516634941101
-2.723670482635498 -5.901946067810059 1.595415472984314
-2.8134114742279053 -6.433391094207764 1.7234288454055786
-2.7603044509887695 -6.674461364746094 1.7727781534194946
-2.735454559326172 -7.010359764099121 1.8470066785812378
-3.1742513179779053 -8.644341468811035 2.26023006439209
-3.143193244934082 -9.1226806640625 2.3682913780212402
-2.9870481491088867 -9.270805358886719 2.390662670135498
-2.8110458850860596 -9.36575984954834 2.400084972381592
-2.6330795288085938 -9.459725379943848 2.410104274749756
-2.443265438079834 -9.514492988586426 2.4110488891601562
-2.2633097171783447 -9.612130165100098 2.423764705657959
-2.087031126022339 -9.737239837646484 2.4442319869995117
-1.907336711883545 -9.862820625305176 2.4656271934509277
-1.7282828092575073 -10.013144493103027 2.4940109252929688
-1.5487157106399536 -10.191610336303711 2.5301923751831055
-1.3636280298233032 -10.374189376831055 2.5681910514831543
-1.1726696491241455 -10.56116771697998 2.6081113815307617
-0.9754918217658997 -10.752821922302246 2.650059700012207
-0.7717477679252625 -10.950301170349121 2.6943588256835938
-0.5609527826309204 -11.15402603149414 2.7411551475524902
-0.34257644414901733 -11.363582611083984 2.7903966903686523
-0.11671676486730576 -11.640229225158691 2.8571743965148926
0.1214166209101677 -12.039478302001953 2.9551749229431152
0.37574827671051025 -12.439606666564941 3.0546250343322754
0.6557860970497131 -13.024319648742676 3.2007975578308105
0.9346489906311035 -13.25064468383789 3.260378360748291
1.2239785194396973 -13.48306655883789 3.3229527473449707
1.524461030960083 -13.721999168395996 3.3887104988098145
1.8368313312530518 -13.96788501739502 3.457857608795166
2.1620702743530273 -14.222270011901855 3.530884265899658
2.5017690658569336 -14.489376068115234 3.608959197998047
2.8939805030822754 -14.95996379852295 3.7399144172668457
3.3677802085876465 -15.708196640014648 3.943105697631836
3.8659491539001465 -16.414087295532227 4.138987064361572
4.413565158843994 -17.182950973510742 4.354363918304443
5.1122822761535645 -18.362390518188477 4.6783599853515625
5.866246223449707 -19.540802001953125 5.0076398849487305
58.09099197387695 50.120819091796875 18.831623077392578
57.437225341796875 51.607635498046875 18.952360153198242
54.25695037841797 50.75884246826172 18.236175537109375
52.03831481933594 50.68366622924805 17.829513549804688
49.75667190551758 50.45060348510742 17.391937255859375
48.13368606567383 50.80934524536133 17.178382873535156
46.133949279785156 50.70296096801758 16.825275421142578
44.29671859741211 50.695404052734375 16.52376937866211
43.13276290893555 51.41447448730469 16.472021102905273
43.05348587036133 53.4678840637207 16.849037170410156
43.54018020629883 56.35586929321289 17.47960090637207
43.44390869140625 58.631492614746094 17.910762786865234
43.41213607788086 61.12099838256836 18.400789260864258
43.279537200927734 63.606101989746094 18.883047103881836
4.408477783203125 9.447903633117676 2.558957576751709
4.2025146484375 9.500576972961426 2.549814224243164
3.998114585876465 9.553312301635742 2.5418710708618164
3.795065402984619 9.606162071228027 2.535109043121338
3.5931689739227295 9.65916919708252 2.529512882232666
3.392228364944458 9.712386131286621 2.5250706672668457
3.192049026489258 9.765860557556152 2.5217700004577637
2.992438316345215 9.819642066955566 2.519606113433838
2.793215751647949 9.873779296875 2.5185718536376953
2.594181776046753 9.928324699401855 2.518664836883545
2.425743341445923 10.110791206359863 2.5520596504211426
2.298748731613159 10.50873851776123 2.64030122756958
2.1630334854125977 10.937539100646973 2.7365527153015137
5.15665340423584 29.142791748046875 7.264051914215088
4.5551228523254395 29.148298263549805 7.241122722625732
3.957122325897217 29.15366554260254 7.22122049331665
3.362154483795166 29.15890884399414 7.204311847686768
2.7055649757385254 28.48860740661621 7.023840427398682
2.172708511352539 29.080482482910156 7.157537937164307
1.5855226516723633 29.083009719848633 7.148865222930908
0.9995189905166626 29.0854549407959 7.143080234527588
0.4142489731311798 29.087825775146484 7.140171527862549
-0.17079482972621918 29.090118408203125 7.140133380889893
-0.28473418951034546 10.956256866455078 2.6900601387023926
-0.4943670630455017 10.717585563659668 2.6333703994750977
-0.7063484191894531 10.653499603271484 2.620584011077881
-0.9165000915527344 10.59146785736084 2.6093320846557617
-1.1252985000610352 10.533368110656738 2.600069522857666
-1.3402482271194458 10.534929275512695 2.6065821647644043
-1.5562586784362793 10.53583812713623 2.614023208618164
-1.7734954357147217 10.536093711853027 2.622406482696533
-2.000678062438965 10.581151962280273 2.6431031227111816
-2.234788417816162 10.6422119140625 2.66904354095459
-2.473552942276001 10.70418643951416 2.696518898010254
-2.735685348510742 10.839974403381348 2.7440314292907715
-7.977203845977783 29.127275466918945 7.412397861480713
-8.609440803527832 29.123653411865234 7.454040050506592
-9.249075889587402 29.120018005371094 7.499207973480225
-9.896805763244629 29.116376876831055 7.5480055809021
-4.331692695617676 11.949573516845703 3.119716167449951
-4.550946235656738 11.807695388793945 3.105942726135254
-4.612904071807861 11.286649703979492 2.9926867485046387
-4.6836161613464355 10.832348823547363 2.896620273590088
-4.8265790939331055 10.574015617370605 2.8529233932495117
-4.999055862426758 10.393320083618164 2.830728530883789
-5.2112932205200195 10.299070358276367 2.833034038543701
-5.423980712890625 10.204662322998047 2.836500644683838
-5.637293338775635 10.110015869140625 2.841135025024414
-5.8514180183410645 10.015049934387207 2.8469481468200684
-6.073802471160889 9.931598663330078 2.8573760986328125
-6.310948371887207 9.867874145507812 2.87498140335083
-6.551462173461914 9.803840637207031 2.8941330909729004
-6.795665264129639 9.739425659179688 2.9148788452148438
-7.016231536865234 9.63662052154541 2.925755500793457
-7.194044589996338 9.47438907623291 2.919844150543213
-11.642016410827637 14.708479881286621 4.604134559631348
-12.133840560913086 14.711925506591797 4.6806640625
-12.638236045837402 14.710533142089844 4.760134220123291
-13.15260124206543 14.700507164001465 4.841517925262451
-13.685067176818848 14.6901273727417 4.92775821685791
-14.23802661895752 14.680328369140625 5.019526481628418
-14.812491416931152 14.670458793640137 5.1169867515563965
-15.40996265411377 14.660192489624023 5.220461368560791
-16.032360076904297 14.649497985839844 5.330410003662109
-16.681787490844727 14.638338088989258 5.447336196899414
-16.814882278442383 14.16684627532959 5.39665412902832
-16.987939834594727 13.73814868927002 5.362425327301025
-17.15667724609375 13.312972068786621 5.330084323883057
-17.885713577270508 13.311159133911133 5.472285747528076
-20.502592086791992 14.62736988067627 6.181674003601074
-21.403844833374023 14.629905700683594 6.363398551940918
-22.36005401611328 14.63254451751709 6.5588483810424805
-23.377153396606445 14.635299682617188 6.769477367401123
-24.462106704711914 14.638185501098633 6.996981620788574
-25.622934341430664 14.641220092773438 7.243314266204834
-26.871702194213867 14.645930290222168 7.511526584625244
-28.201765060424805 14.643085479736328 7.799417972564697
-29.637792587280273 14.639690399169922 8.113489151000977
-31.258373260498047 14.665716171264648 8.47465991973877
-33.062644958496094 14.708418846130371 8.88182258605957
-61.0212516784668 25.688995361328125 16.250423431396484
-64.67032623291016 25.706655502319336 17.081037521362305
-68.72946166992188 25.73210334777832 18.012813568115234
-73.06201171875 25.69109535217285 19.009023666381836
-16.377765655517578 5.391430377960205 4.232039928436279
-16.44257354736328 5.04860258102417 4.221691608428955
-16.506345748901367 4.707092761993408 4.212904453277588
-16.56381607055664 4.365280628204346 4.204311847686768
-6.408377647399902 0.362904816865921 1.5754209756851196
-5.525137901306152 0.20153410732746124 1.357017159461975
-5.508641242980957 0.09005890041589737 1.3522459268569946
-5.503629684448242 -0.020715178921818733 1.3508459329605103
-5.498663902282715 -0.13130523264408112 1.3500016927719116
-5.493739604949951 -0.24180907011032104 1.349713683128357
-5.4888529777526855 -0.35230758786201477 1.349981665611267
-5.484000205993652 -0.46289777755737305 1.3508044481277466
-5.65617036819458 -0.5922083854675293 1.3958653211593628
-5.9105143547058105 -0.7392783761024475 1.4620074033737183
-5.925636291503906 -0.8625266551971436 1.4697412252426147
-6.387115478515625 -1.0612846612930298 1.5891772508621216
-6.45212459564209 -1.205886960029602 1.6110600233078003
-6.560129165649414 -1.3631526231765747 1.6445420980453491
-6.770529747009277 -1.549533486366272 1.7047556638717651
-6.994644641876221 -1.7495685815811157 1.7696880102157593
-7.234076976776123 -1.9648548364639282 1.8398925065994263
-7.490635871887207 -2.1972081661224365 1.9159983396530151
-7.453995227813721 -2.350254535675049 1.9183293581008911
-7.3999409675598145 -2.497901201248169 1.916962742805481
-7.342552185058594 -2.644160747528076 1.9154845476150513
-7.281853199005127 -2.7889769077301025 1.9138976335525513
-7.217895984649658 -2.932251453399658 1.9122015237808228
-7.1507248878479 -3.0739080905914307 1.9104002714157104
-7.080382823944092 -3.213883638381958 1.9084924459457397
-7.006927013397217 -3.3520805835723877 1.906481146812439
-6.930408477783203 -3.4884374141693115 1.9043670892715454
-6.850877285003662 -3.622882604598999 1.90215265750885
-6.768385887145996 -3.755352020263672 1.899837613105774
-6.683000087738037 -3.88576340675354 1.8974248170852661
-6.569542407989502 -3.9986979961395264 1.887665867805481
-6.373544692993164 -4.057265758514404 1.8544219732284546
-6.246824741363525 -4.15546178817749 1.8414994478225708
-6.120220184326172 -4.251224994659424 1.8290141820907593
-5.993717193603516 -4.344611167907715 1.8169573545455933
-5.867311954498291 -4.4356689453125 1.8053191900253296
-5.740991115570068 -4.524450778961182 1.7940903902053833
-5.614757061004639 -4.610995769500732 1.783265233039856
-5.488603115081787 -4.695348262786865 1.7728344202041626
-5.348826885223389 -4.765357971191406 1.7582908868789673
-5.140332221984863 -4.768459796905518 1.7209349870681763
-4.972226142883301 -4.802126407623291 1.696649193763733
-4.850858688354492 -4.877223491668701 1.6883684396743774
-4.73044490814209 -4.951437473297119 1.6807817220687866
-4.610883712768555 -5.024831295013428 1.673873782157898
-4.492092132568359 -5.0974626541137695 1.6676336526870728
-4.368412494659424 -5.162819862365723 1.6599334478378296
-4.291672706604004 -5.284056186676025 1.6708215475082397
-4.066590309143066 -5.21795654296875 1.6237274408340454
-3.9335429668426514 -5.262165546417236 1.6125372648239136
-3.8201773166656494 -5.330786228179932 1.6096948385238647
-3.704054594039917 -5.39468240737915 1.606164574623108
-3.570918321609497 -5.431723117828369 1.5954846143722534
-3.431006669998169 -5.454802513122559 1.5816742181777954
-3.318237066268921 -5.518736839294434 1.5805400609970093
-3.209272623062134 -5.5890398025512695 1.5818663835525513
-3.112877607345581 -5.682838439941406 1.5903717279434204
-3.0054259300231934 -5.758579730987549 1.5943278074264526
-2.889014482498169 -5.8178534507751465 1.5943273305892944
-2.772529125213623 -5.877109050750732 1.5949615240097046
-2.8557474613189697 -6.383102893829346 1.716345191001892
-2.779169797897339 -6.56289529800415 1.7493046522140503
-2.733276128768921 -6.834102153778076 1.8065739870071411
-3.1862330436706543 -8.456016540527344 2.2179322242736816
-3.1566531658172607 -8.916996002197266 2.3217196464538574
-3.0602500438690186 -9.230703353881836 2.3868908882141113
-2.885042905807495 -9.326086044311523 2.396064281463623
-2.707899570465088 -9.4204683303833 2.405832290649414
-2.5232410430908203 -9.493078231811523 2.410926342010498
-2.3362069129943848 -9.559823989868164 2.4154553413391113
-2.1613149642944336 -9.6847505569458 2.4355435371398926
-1.983065128326416 -9.810133934020996 2.456547260284424
-1.8019694089889526 -9.93951416015625 2.479367733001709
-1.6246254444122314 -10.11633014678955 2.51481294631958
-1.441890835762024 -10.29715347290039 2.5520377159118652
-1.2534338235855103 -10.482256889343262 2.5911407470703125
-1.0589120388031006 -10.671910285949707 2.6322245597839355
-0.8579479455947876 -10.866568565368652 2.6754398345947266
-0.6501947045326233 -11.067955017089844 2.721252918243408
-0.4350431561470032 -11.275030136108398 2.7694544792175293
-0.21203109622001648 -11.488162994384766 2.8201870918273926
0.019662931561470032 -11.869020462036133 2.9131908416748047
0.2672866880893707 -12.277182579040527 3.0140814781188965
0.5405434966087341 -12.899489402770996 3.1688880920410156
0.8165404796600342 -13.155070304870605 3.2350544929504395
1.1013991832733154 -13.384885787963867 3.2963504791259766
1.397119402885437 -13.621036529541016 3.3607497215270996
1.7044222354888916 -13.863959312438965 3.4284520149230957
2.024070978164673 -14.11411190032959 3.4996728897094727
2.3576440811157227 -14.376370429992676 3.575735569000244
2.71372127532959 -14.691205978393555 3.666876792907715
3.163210391998291 -15.3855619430542 3.8552870750427246
3.66690731048584 -16.17888641357422 4.071735858917236
4.190551280975342 -16.904762268066406 4.2747650146484375
4.787111282348633 -17.772863388061523 4.517719745635986
5.5219550132751465 -18.97319221496582 4.850085258483887
43.55691146850586 57.370487213134766 15.756452560424805
43.83982467651367 60.22038269042969 16.29367446899414
46.191524505615234 66.2092056274414 17.659107208251953
44.176761627197266 66.1160659790039 17.393747329711914
44.880802154541016 70.18531036376953 18.22310447692871
44.4091911315918 72.6254653930664 18.620981216430664
43.959468841552734 75.24945068359375 19.063196182250977
4.665431976318359 9.701175689697266 2.354708194732666
4.3230767250061035 9.472431182861328 2.277618885040283
4.120220184326172 9.530865669250488 2.27128267288208
3.9183082580566406 9.588767051696777 2.265841484069824
3.7171928882598877 9.6461820602417 2.2612833976745605
3.5167205333709717 9.703153610229492 2.257599353790283
3.316737174987793 9.75972843170166 2.25478458404541
3.117095947265625 9.815947532653809 2.2528324127197266
2.9176511764526367 9.871854782104492 2.251739025115967
2.718250036239624 9.927491188049316 2.2515029907226562
2.536139488220215 10.051810264587402 2.267670154571533
2.3567938804626465 10.201674461364746 2.2903213500976562
2.1797544956207275 10.383207321166992 2.3207640647888184
1.9977363348007202 10.56900405883789 2.3528342247009277
1.8484127521514893 10.985161781311035 2.436708450317383
4.676272392272949 31.670976638793945 7.0029168128967285
4.034424304962158 31.727346420288086 6.996021747589111
3.3927979469299316 31.77591323852539 6.990270137786865
2.4715545177459717 28.582149505615234 6.275475978851318
2.1038973331451416 31.760528564453125 6.962623119354248
1.469069480895996 31.889667510986328 6.9830427169799805
0.8276662826538086 31.92045783996582 6.9847259521484375
0.1782403588294983 30.66901206970215 6.708749771118164
-0.4385368227958679 30.665939331054688 6.708648204803467
-0.37160414457321167 10.7947359085083 2.362673282623291
-0.5856916904449463 10.731581687927246 2.3509531021118164
-0.8006924390792847 10.70838451385498 2.3489246368408203
-1.0178985595703125 10.711366653442383 2.3535943031311035
-1.235985279083252 10.71375846862793 2.359104633331299
-1.4551013708114624 10.71555233001709 2.3654661178588867
-1.6753982305526733 10.71674919128418 2.372689723968506
-1.897026538848877 10.7173433303833 2.380786418914795
-2.1201412677764893 10.717326164245605 2.3897738456726074
-2.352897882461548 10.753236770629883 2.407845973968506
-2.595858097076416 10.817025184631348 2.433328628540039
-2.882054328918457 11.027372360229492 2.4931821823120117
-8.238964080810547 29.117460250854492 6.619308948516846
-8.874028205871582 29.113788604736328 6.657703399658203
-9.51676082611084 29.110097885131836 6.699279308319092
-4.473977088928223 12.807135581970215 2.96749210357666
-4.409018516540527 11.850189208984375 2.7657504081726074
-4.465745449066162 11.301851272583008 2.658198833465576
-4.605447292327881 11.002676963806152 2.60909366607666
-4.751115322113037 10.739067077636719 2.568725109100342
-4.892375469207764 10.483342170715332 2.530582904815674
-5.083611011505127 10.344989776611328 2.5213584899902344
-5.295834541320801 10.250751495361328 2.5238428115844727
-5.508572578430176 10.156322479248047 2.5273609161376953
-5.722012519836426 10.061616897583008 2.531923294067383
-5.936327934265137 9.966559410095215 2.537536144256592
-6.151698589324951 9.87106990814209 2.5442123413085938
-6.368312358856201 9.775064468383789 2.551967144012451
-6.586360931396484 9.678460121154785 2.56081485748291
-6.806028842926025 9.58117389678955 2.570775032043457
-7.049542427062988 9.512821197509766 2.5899577140808105
-7.258141994476318 9.393354415893555 2.596653938293457
-11.849640846252441 14.714221954345703 4.1325788497924805
-12.347421646118164 14.716423988342285 4.202099800109863
-12.851892471313477 14.706596374511719 4.272243499755859
-13.373680114746094 14.696430206298828 4.346555233001709
-13.91417407989502 14.685897827148438 4.425317287445068
-14.476022720336914 14.676176071166992 4.509214878082275
-15.059911727905273 14.66614055633545 4.59827184677124
-15.667572975158691 14.6556978225708 4.692854404449463
-16.30103302001953 14.64481258392334 4.793389797210693
-16.962482452392578 14.633445739746094 4.900350093841553
-17.630250930786133 14.601529121398926 5.007397651672363
-17.673023223876953 14.047464370727539 4.938300609588623
-17.842212677001953 13.605548858642578 4.908116340637207
-18.2049560546875 13.311800003051758 4.933244705200195
-20.892305374145508 14.641267776489258 5.580543041229248
-21.817276000976562 14.644231796264648 5.747770309448242
-22.799747467041016 14.647335052490234 5.927788257598877
-23.846923828125 14.651090621948242 6.122189044952393
-24.96881103515625 14.657013893127441 6.3332438468933105
-26.162687301635742 14.658514022827148 6.5599541664123535
-27.423879623413086 14.648444175720215 6.800925254821777
-28.758222579956055 14.625617027282715 7.057461261749268
-30.259477615356445 14.630794525146484 7.352163791656494
-31.966840744018555 14.670654296875 7.693748950958252
-33.8414192199707 14.714457511901855 8.072057723999023
-35.910945892333984 14.762862205505371 8.493144989013672
-66.29580688476562 25.70790672302246 15.55389404296875
-70.50788116455078 25.722429275512695 16.417402267456055
-75.0452880859375 25.67987823486328 17.350135803222656
-16.607088088989258 5.312195301055908 3.814009189605713
-16.627910614013672 4.952539443969727 3.7951464653015137
-16.637876510620117 4.593331336975098 3.775569438934326
-5.662425518035889 0.2728098928928375 1.2400535345077515
-5.464405536651611 0.15320846438407898 1.195771336555481
-5.485128402709961 0.04343826323747635 1.1998716592788696
-5.491448879241943 -0.06695770472288132 1.2013059854507446
-5.486514568328857 -0.17729781568050385 1.2007640600204468
-5.481616020202637 -0.28758543729782104 1.200715184211731
-5.476748943328857 -0.397908478975296 1.201158881187439
-5.474140644073486 -0.5085703730583191 1.2025877237319946
-5.744224548339844 -0.6504188179969788 1.264539122581482
-6.012453556060791 -0.803553581237793 1.326877474784851
-6.587540149688721 -1.0156464576721191 1.4580045938491821
-8.971802711486816 -1.5685700178146362 1.9922887086868286
-8.564814567565918 -1.6755784749984741 1.909009337425232
-8.476639747619629 -1.8360538482666016 1.8972045183181763
-8.4111909866333 -1.9997755289077759 1.8911761045455933
-8.343470573425293 -2.161832332611084 1.8853460550308228
-8.274962425231934 -2.322631597518921 1.880041480064392
-8.239995956420898 -2.492630958557129 1.8831065893173218
-8.202201843261719 -2.66237473487854 1.8863261938095093
-8.161568641662598 -2.831834554672241 1.8896983861923218
-8.118086814880371 -3.0009851455688477 1.8932243585586548
-8.071754455566406 -3.1697795391082764 1.8969041109085083
-8.022560119628906 -3.338191509246826 1.9007383584976196
-7.970491886138916 -3.5061967372894287 1.9047263860702515
-7.915549278259277 -3.6737449169158936 1.908868432044983
-7.857718467712402 -3.840808629989624 1.9131652116775513
-7.796992301940918 -4.007355690002441 1.9176164865493774
-7.733360767364502 -4.173346042633057 1.9222246408462524
-7.6668195724487305 -4.338741302490234 1.926986575126648
-7.580576419830322 -4.493563652038574 1.9276372194290161
-7.477203845977783 -4.637984752655029 1.924683690071106
-7.36147928237915 -4.773829460144043 1.9192241430282593
-6.837211608886719 -4.631790637969971 1.8064652681350708
-6.5232930183410645 -4.613200664520264 1.7476872205734253
-6.384198188781738 -4.710244655609131 1.735453486442566
-6.245445728302002 -4.804799556732178 1.7236584424972534
-6.107017993927002 -4.896920680999756 1.7122923135757446
-5.968907356262207 -4.986659049987793 1.70134699344635
-5.831088542938232 -5.074072360992432 1.6908122301101685
-5.6081461906433105 -5.081825256347656 1.655471682548523
-5.376735210418701 -5.07273530960083 1.6169530153274536
-5.154670238494873 -5.062989234924316 1.580478549003601
-4.965280055999756 -5.077147006988525 1.5534051656723022
-4.78793478012085 -5.096944332122803 1.529687523841858
-4.615097522735596 -5.115309715270996 1.5070353746414185
-4.4872307777404785 -5.1793060302734375 1.498996615409851
-4.339327335357666 -5.216989040374756 1.4843412637710571
-4.291327476501465 -5.375596046447754 1.5046049356460571
-4.075479507446289 -5.321261882781982 1.4661558866500854
-3.911233425140381 -5.325331687927246 1.4453099966049194
-3.7621567249298096 -5.344401836395264 1.4296575784683228
-3.644096851348877 -5.4044060707092285 1.425812840461731
-3.5265886783599854 -5.464061260223389 1.4225505590438843
-3.410099983215332 -5.524333953857422 1.42009699344635
-3.3012654781341553 -5.596790790557861 1.4213658571243286
-3.1921653747558594 -5.669362545013428 1.4232019186019897
-3.0791618824005127 -5.735496520996094 1.4239684343338013
-2.962649345397949 -5.795180320739746 1.4237028360366821
-2.84598445892334 -5.854561805725098 1.4239410161972046
-2.729210376739502 -5.913949489593506 1.424744725227356
-2.848548173904419 -6.513738632202148 1.5551239252090454
-2.7938425540924072 -6.75555944442749 1.5991178750991821
-3.3990743160247803 -8.711073875427246 2.045412540435791
-3.379159450531006 -9.202362060546875 2.144376277923584
-3.3281590938568115 -9.659516334533691 2.2348532676696777
-3.142609119415283 -9.75361442565918 2.241546154022217
-2.9444284439086914 -9.810159683227539 2.2404770851135254
-2.7459635734558105 -9.865283966064453 2.239999771118164
-2.5527560710906982 -9.940872192382812 2.2450504302978516
-2.372403860092163 -10.075444221496582 2.2642064094543457
-2.1885170936584473 -10.210741996765137 2.284256935119629
-2.0009377002716064 -10.34683609008789 2.305232524871826
-1.8095158338546753 -10.483778953552246 2.3271636962890625
-1.614064335823059 -10.62165355682373 2.3500866889953613
-1.41441011428833 -10.76052474975586 2.374037265777588
-1.2113978862762451 -10.909940719604492 2.4011411666870117
-1.0083153247833252 -11.114655494689941 2.4412388801574707
-0.7982261776924133 -11.32601547241211 2.4836325645446777
-0.5802273750305176 -11.537306785583496 2.5268969535827637
-0.35419005155563354 -11.74885082244873 2.571147918701172
-0.11979889124631882 -11.94758129119873 2.6135826110839844
0.12423614412546158 -12.319084167480469 2.694852352142334
0.40230801701545715 -13.318963050842285 2.9147610664367676
0.6886388659477234 -13.67685604095459 2.9955077171325684
0.9845235347747803 -13.957730293273926 3.060741901397705
1.2906320095062256 -14.21734619140625 3.1227340698242188
1.6098707914352417 -14.490776062011719 3.1892576217651367
1.9427555799484253 -14.7733736038208 3.2593955993652344
2.290308952331543 -15.06584358215332 3.3334126472473145
2.692272901535034 -15.592704772949219 3.4612669944763184
3.1713507175445557 -16.39375877380371 3.652507781982422
3.61160945892334 -16.845457077026367 3.7685651779174805
4.3085737228393555 -18.29342269897461 4.111050128936768
4.940336227416992 -19.233768463134766 4.343826770782471
30.715639114379883 -1.6096208095550537 6.728053569793701
30.79083824157715 -0.9931800365447998 6.738786697387695
30.736478805541992 -0.37295791506767273 6.723888874053955
30.946474075317383 0.2469053566455841 6.769542694091797
72.05583953857422 50.50290298461914 19.247636795043945
68.34996795654297 49.98497009277344 18.522539138793945
65.85253143310547 50.22190856933594 18.115833282470703
63.20612716674805 50.24575424194336 17.662260055541992
60.57538604736328 50.17512512207031 17.205671310424805
58.511512756347656 50.4836311340332 16.904462814331055
56.06940460205078 50.378631591796875 16.488330841064453
54.38829040527344 50.88170623779297 16.29163932800293
52.01454162597656 50.66051483154297 15.882621765136719
50.7317008972168 51.43922424316406 15.80363655090332
50.92406463623047 53.75484848022461 16.197101593017578
50.44102096557617 55.43659210205078 16.394804000854492
44.232460021972656 50.62187576293945 14.704814910888672
46.941471099853516 55.954471588134766 15.976335525512695
42.236061096191406 52.452728271484375 14.730971336364746
43.8668327331543 56.77865219116211 15.694896697998047
43.88588333129883 59.22798538208008 16.124679565429688
43.97517776489258 61.91372299194336 16.611698150634766
44.96829605102539 66.08796691894531 17.485448837280273
45.22429656982422 69.42623138427734 18.124343872070312
44.576576232910156 71.53742218017578 18.437692642211914
44.01499938964844 73.9072036743164 18.81648063659668
4.420493125915527 9.473654747009277 2.2867908477783203
4.2051100730896 9.506444931030273 2.2738285064697266
4.002824783325195 9.56456184387207 2.2680139541625977
3.801393508911133 9.622175216674805 2.2630863189697266
3.6006689071655273 9.679327964782715 2.2590365409851074
3.4004974365234375 9.736063957214355 2.255859375
3.200732469558716 9.792426109313965 2.2535452842712402
3.0012218952178955 9.84846019744873 2.2520933151245117
2.8018224239349365 9.904204368591309 2.251497745513916
2.6092050075531006 9.985817909240723 2.2576632499694824
2.4337246417999268 10.144046783447266 2.2819085121154785
2.2545394897460938 10.306624412536621 2.307812213897705
2.0746469497680664 10.490598678588867 2.3391895294189453
1.9109472036361694 10.799704551696777 2.3990583419799805
4.945316791534424 31.645029067993164 7.006147384643555
4.303401947021484 31.704669952392578 6.998772621154785
3.6616668701171875 31.756505966186523 6.992541313171387
2.7054972648620605 28.487899780273438 6.2595720291137695
2.368197441101074 31.697059631347656 6.9528374671936035
1.7360705137252808 31.844444274902344 6.976097106933594
1.0968999862670898 31.91901969909668 6.986186504364014
0.4367819130420685 30.670324325561523 6.709601879119873
-0.18005767464637756 30.66721534729004 6.7083587646484375
-0.2831382751464844 10.894892692565918 2.3839879035949707
-0.4962298572063446 10.757988929748535 2.3557376861572266
-0.7098913788795471 10.706958770751953 2.3472156524658203
-0.9267724752426147 10.710189819335938 2.351534366607666
-1.1444718837738037 10.712827682495117 2.356692314147949
-1.3631399869918823 10.714872360229492 2.3626956939697266
-1.5829178094863892 10.716320991516113 2.3695554733276367
-1.8039742708206177 10.717167854309082 2.377286434173584
-2.0264410972595215 10.717408180236816 2.3858981132507324
-2.252554416656494 10.726812362670898 2.3975934982299805
-2.4934186935424805 10.790163040161133 2.4224724769592285
-2.743115186691284 10.869413375854492 2.452155590057373
-7.974935054779053 29.118993759155273 6.604141712188721
-8.606977462768555 29.115325927734375 6.641231536865234
-9.246417045593262 29.11164665222168 6.681462287902832
-9.893943786621094 29.107948303222656 6.724928379058838
-4.3199968338012695 11.917311668395996 2.7728233337402344
-4.442471504211426 11.526249885559082 2.702075481414795
-4.543009281158447 11.11563777923584 2.626707077026367
-4.690622806549072 10.848549842834473 2.5853638648986816
-4.833690643310547 10.589591026306152 2.546304702758789
-4.994785785675049 10.384443283081055 2.5206241607666016
-5.2068376541137695 10.290266990661621 2.5226755142211914
-5.419339179992676 10.195928573608398 2.525759696960449
-5.632460594177246 10.101347923278809 2.5298829078674316
-5.846390247344971 10.00644588470459 2.5350546836853027
-6.0612945556640625 9.911148071289062 2.5412845611572266
-6.277366638183594 9.815367698669434 2.5485849380493164
-6.494787216186523 9.719026565551758 2.5569725036621094
-6.713756084442139 9.622035026550293 2.5664639472961426
-6.946045398712158 9.540223121643066 2.5813846588134766
-7.183909893035889 9.461041450500488 2.5985350608825684
-11.645405769348145 14.712760925292969 4.104455471038818
-12.137434005737305 14.716279029846191 4.172699451446533
-12.638426780700684 14.710756301879883 4.242353916168213
-13.152802467346191 14.700733184814453 4.314885139465332
-13.685277938842773 14.69035816192627 4.39174747467041
-14.237966537475586 14.680265426635742 4.473442554473877
-14.812420845031738 14.670394897460938 4.560298442840576
-15.409893035888672 14.660127639770508 4.652517795562744
-16.032283782958984 14.649432182312012 4.750504016876221
-16.68170928955078 14.63827133178711 4.854708194732666
-17.360576629638672 14.626605987548828 4.965646743774414
-17.60085678100586 14.233818054199219 4.951483249664307
-17.771812438964844 13.79029655456543 4.920551300048828
-17.938600540161133 13.3505220413208 4.891390323638916
-18.663684844970703 13.315421104431152 5.015057563781738
-21.422964096069336 14.642972946166992 5.676203727722168
-22.380634307861328 14.646015167236328 5.850706577301025
-23.39935302734375 14.64920711517334 6.038771152496338
-24.489355087280273 14.65449047088623 6.242740631103516
-25.654088973999023 14.659029006958008 6.463181018829346
-26.890451431274414 14.65615177154541 6.699036598205566
-28.190750122070312 14.637370109558105 6.948221206665039
-29.641565322875977 14.641554832458496 7.231764316558838
-31.23233413696289 14.6535005569458 7.54642915725708
-33.033782958984375 14.69558048248291 7.9086785316467285
-35.017845153808594 14.74196720123291 8.311016082763672
-64.65381622314453 25.70009422302246 15.218942642211914
-68.74771118164062 25.738929748535156 16.05748748779297
-73.08248901367188 25.698287963867188 16.945817947387695
-16.579681396484375 5.45789909362793 3.8181447982788086
-16.623620986938477 5.104193687438965 3.803852081298828
-16.633745193481445 4.743422031402588 3.783569812774658
-17.35466957092285 4.57370662689209 3.9258313179016113
-5.503643035888672 0.20075027644634247 1.204685091972351
-5.476413249969482 0.08953186124563217 1.19808828830719
-5.493528842926025 -0.020677031949162483 1.2016807794570923
-5.4885783195495605 -0.13106444478034973 1.200931429862976
-5.4836649894714355 -0.24136565625667572 1.2006756067276
-5.478785037994385 -0.35166135430336 1.2009130716323853
-5.473935127258301 -0.46204787492752075 1.2016435861587524
-5.627706527709961 -0.5892280340194702 1.2377513647079468
-5.914368152618408 -0.7397602796554565 1.3038078546524048
-6.547155380249023 -0.9529939293861389 1.447236180305481
-6.705367565155029 -1.1141654253005981 1.4868632555007935
-8.731892585754395 -1.6319706439971924 1.9431146383285522
-8.503386497497559 -1.766948938369751 1.8997899293899536
-8.438897132873535 -1.9313627481460571 1.8936785459518433
-8.372126579284668 -2.0941169261932373 1.8877655267715454
-8.3031005859375 -2.255213499069214 1.88204824924469
-8.254993438720703 -2.421414613723755 1.88180410861969
-8.21838665008545 -2.5912675857543945 1.8849583864212036
-8.178942680358887 -2.7608580589294434 1.8882659673690796
-8.136658668518066 -2.9301300048828125 1.8917278051376343
-8.091520309448242 -3.0990824699401855 1.8953429460525513
-8.043526649475098 -3.2676587104797363 1.899112582206726
-7.992664337158203 -3.4358348846435547 1.9030357599258423
-7.938924789428711 -3.6035869121551514 1.9071136713027954
-7.882305145263672 -3.770857572555542 1.9113458395004272
-7.822795867919922 -3.9376232624053955 1.9157334566116333
-7.7603840827941895 -4.103847503662109 1.9202746152877808
-7.6950578689575195 -4.269505977630615 1.9249719381332397
-7.622945308685303 -4.432283878326416 1.9288426637649536
-7.520913600921631 -4.577772617340088 1.925934910774231
-7.415703296661377 -4.720683574676514 1.9229191541671753
-7.0498576164245605 -4.689650058746338 1.8521398305892944
-6.58169412612915 -4.571774005889893 1.752947211265564
-6.442450523376465 -4.669880390167236 1.740526556968689
-6.303558349609375 -4.765470027923584 1.7285491228103638
-6.1649932861328125 -4.858606338500977 1.717004418373108
-6.026750087738037 -4.949338912963867 1.7058831453323364
-5.888813018798828 -5.037718772888184 1.695177435874939
-5.708085536956787 -5.0854291915893555 1.6722594499588013
-5.472530364990234 -5.076627254486084 1.6328374147415161
-5.246635913848877 -5.067150592803955 1.5955241918563843
-5.041006565093994 -5.068406105041504 1.5636759996414185
-4.861700534820557 -5.08882474899292 1.539495825767517
-4.687000751495361 -5.107782363891602 1.5164026021957397
-4.537376403808594 -5.1488494873046875 1.5011967420578003
-4.4054718017578125 -5.2066192626953125 1.4919029474258423
-4.308848857879639 -5.305202960968018 1.4950157403945923
-4.142914295196533 -5.315887928009033 1.474244236946106
-3.981076240539551 -5.325752258300781 1.4544798135757446
-3.8158082962036133 -5.3246870040893555 1.432937502861023
-3.693497657775879 -5.379306316375732 1.4273535013198853
-3.575770616531372 -5.439101219177246 1.4238475561141968
-3.4585399627685547 -5.4985761642456055 1.420918583869934
-3.34690523147583 -5.566413879394531 1.4207652807235718
-3.2379214763641357 -5.6389336585998535 1.422364354133606
-3.127997875213623 -5.710440635681152 1.4242430925369263
-3.011493682861328 -5.770205974578857 1.4237536191940308
-2.894886016845703 -5.829678058624268 1.4237724542617798
-2.7781660556793213 -5.8890581130981445 1.424338936805725
-2.891263961791992 -6.462490558624268 1.548653483390808
-2.800997734069824 -6.614439964294434 1.571245551109314
-3.4066834449768066 -8.517841339111328 2.0067124366760254
-3.387822151184082 -8.991016387939453 2.1017069816589355
-3.366337776184082 -9.509317398071289 2.206589698791504
-3.2222776412963867 -9.719427108764648 2.2398524284362793
-3.0275144577026367 -9.786635398864746 2.2408523559570312
-2.8291709423065186 -9.842355728149414 2.2401280403137207
-2.630514144897461 -9.8966646194458 2.2399935722351074
-2.44840931892395 -10.018961906433105 2.2560715675354004
-2.2660255432128906 -10.15394401550293 2.2757434844970703
-2.0800063610076904 -10.289700508117676 2.296328067779541
-1.8902186155319214 -10.426278114318848 2.3178539276123047
-1.696479320526123 -10.563752174377441 2.3403568267822266
-1.4986099004745483 -10.702197074890137 2.3638720512390137
-1.2964136600494385 -10.84168815612793 2.388439178466797
-1.0942268371582031 -11.027824401855469 2.424107551574707
-0.887169599533081 -11.236700057983398 2.46560001373291
-0.6726710796356201 -11.450563430786133 2.5090508460998535
-0.44987380504608154 -11.659398078918457 2.552311420440674
-0.21917054057121277 -11.874848365783691 2.5979838371276855
0.020144037902355194 -12.159478187561035 2.659806251525879
0.2731660306453705 -12.547182083129883 2.7452597618103027
0.5667431354522705 -13.524744987487793 2.9610419273376465
0.8597546219825745 -13.85131549835205 3.0357108116149902
1.1608572006225586 -14.107441902160645 3.0963358879089355
1.474465012550354 -14.37509536743164 3.160951614379883
1.8015227317810059 -14.653779029846191 3.229546070098877
2.1427979469299316 -14.942022323608398 3.301903247833252
2.5129666328430176 -15.32349681854248 3.396684169769287
2.9642748832702637 -16.047626495361328 3.5696921348571777
3.421400785446167 -16.641368865966797 3.716324806213379
4.073963642120361 -17.974876403808594 4.031604766845703
4.649067401885986 -18.754423141479492 4.226568222045898
5.443753719329834 -20.21074104309082 4.5785231590271
42.822265625 56.40288543701172 13.620648384094238
43.230262756347656 59.3830451965332 14.127479553222656
48.473880767822266 69.48065948486328 16.294490814208984
44.23613357543945 66.20494842529297 15.314508438110352
44.231693267822266 69.17024993896484 15.791450500488281
44.35468673706055 72.53633117675781 16.352933883666992
47.99308776855469 82.1541748046875 18.299894332885742
45.46834182739258 81.55493927001953 17.95906639099121
44.255367279052734 83.2738037109375 18.13788414001465
4.4346747398376465 9.716959953308105 2.05435848236084
4.159369945526123 9.62143325805664 2.0160670280456543
3.9468889236450195 9.658706665039062 2.0068368911743164
3.7442524433135986 9.716398239135742 2.0027713775634766
3.5422778129577637 9.773669242858887 1.999484658241272
3.340808153152466 9.83056640625 1.9969738721847534
3.139700412750244 9.887130737304688 1.9952317476272583
2.941288709640503 9.9518404006958 1.9959484338760376
2.7686734199523926 10.111639022827148 2.016420841217041
2.5922372341156006 10.274147987365723 2.0380172729492188
2.4093775749206543 10.429292678833008 2.0587644577026367
2.223400831222534 10.591118812561035 2.081458568572998
2.038301467895508 10.783618927001953 2.1108059883117676
1.8477214574813843 10.981037139892578 2.1417407989501953
1.650600790977478 11.179096221923828 2.1734557151794434
4.582592010498047 36.038291931152344 6.987278938293457
3.8595850467681885 36.14793014526367 6.99207067489624
2.4755752086639404 28.6286563873291 5.526860237121582
2.4157638549804688 36.46845245361328 7.029573440551758
1.6830031871795654 36.53371810913086 7.034206390380859
0.9487230777740479 36.589195251464844 7.039788246154785
0.17810606956481934 30.645687103271484 5.894372463226318
-0.43820416927337646 30.642614364624023 5.894284725189209
-0.37478408217430115 10.887099266052246 2.0952224731445312
-0.5941943526268005 10.887354850769043 2.097146987915039
-0.8143713474273682 10.891292572021484 2.1006369590759277
-1.03531813621521 10.894696235656738 2.1048831939697266
-1.2571905851364136 10.897562980651855 2.109896183013916
-1.4801331758499146 10.899892807006836 2.1156845092773438
-1.704310417175293 10.90168285369873 2.122256278991699
-1.9298771619796753 10.902929306030273 2.129624366760254
-2.156994342803955 10.90362548828125 2.1378026008605957
-2.385836124420166 10.903766632080078 2.1468052864074707
-2.616738796234131 10.90402889251709 2.1567835807800293
-2.889944314956665 11.05756664276123 2.1982030868530273
-3.3776636123657227 11.937057495117188 2.3860678672790527
-3.6368019580841064 11.931559562683105 2.399106502532959
-3.902064561843872 11.935725212097168 2.4152374267578125
-4.175252914428711 11.95201587677002 2.435035228729248
-4.30618953704834 11.573817253112793 2.3751487731933594
-4.461812496185303 11.29189395904541 2.3352389335632324
-4.612332344055176 11.019126892089844 2.2975497245788574
-4.758109092712402 10.754874229431152 2.2619495391845703
-4.899468898773193 10.498543739318848 2.22831392288208
-5.079319953918457 10.336255073547363 2.2151055335998535
-5.291358470916748 10.24208927154541 2.21728515625
-5.503909587860107 10.147727966308594 2.22037410736084
-5.717161178588867 10.05308723449707 2.2243781089782715
-5.9312825202941895 9.958091735839844 2.2293057441711426
-6.146456241607666 9.862661361694336 2.235166072845459
-6.362869739532471 9.766711235046387 2.2419724464416504
-6.583024501800537 9.673563003540039 2.2505297660827637
-6.808077335357666 9.584052085876465 2.2611069679260254
-7.035235404968262 9.493513107299805 2.272672176361084
-7.322030544281006 9.476041793823242 2.303281307220459
-11.853075981140137 14.718488693237305 3.63474178314209
-12.347604751586914 14.716642379760742 3.694871425628662
-12.85208511352539 14.706818580627441 3.75654935836792
-13.37388801574707 14.6966552734375 3.8218908309936523
-13.914393424987793 14.686128616333008 3.891148090362549
-14.475963592529297 14.676112174987793 3.964838981628418
-15.05984878540039 14.666077613830566 4.043145179748535
-15.667500495910645 14.655632972717285 4.126308441162109
-16.300962448120117 14.644746780395508 4.214707374572754
-16.9624080657959 14.633377075195312 4.308754920959473
-17.661165237426758 14.627137184143066 4.410623550415039
-18.32515525817871 14.56580924987793 4.502365589141846
-18.496414184570312 14.104409217834473 4.473837375640869
-18.663585662841797 13.647160530090332 4.4469780921936035
-18.991735458374023 13.30935287475586 4.460474967956543
-19.851633071899414 13.324847221374512 4.598557949066162
-22.825748443603516 14.66403865814209 5.218122482299805
-23.877397537231445 14.669806480407715 5.389987945556641
-24.989267349243164 14.669025421142578 5.573246955871582
-26.167343139648438 14.661121368408203 5.7690534591674805
-27.413522720336914 14.642911911010742 5.977650165557861
-28.76176643371582 14.627412796020508 6.206236362457275
-30.277467727661133 14.639493942260742 6.468454360961914
-31.940011978149414 14.658344268798828 6.759272575378418
-33.811641693115234 14.701505661010742 7.091341018676758
-35.97611999511719 14.789652824401855 7.4813923835754395
-66.27871704101562 25.701276779174805 13.67267894744873
-70.52678680419922 25.72933006286621 14.43934154510498
-75.06658172607422 25.68715476989746 15.259931564331055
-16.698097229003906 5.341307163238525 3.371954917907715
-16.708038330078125 4.976405620574951 3.3530707359313965
-16.875425338745117 4.6589155197143555 3.3671722412109375
-5.616185188293457 0.2705821096897125 1.0814489126205444
-5.432151794433594 0.15230423212051392 1.0452104806900024
-5.45264196395874 0.04318099841475487 1.048773169517517
-5.473377704620361 -0.06673736125230789 1.0528063774108887
-5.476582050323486 -0.17697691917419434 1.0538946390151978
-5.471692085266113 -0.2870648205280304 1.053851842880249
-5.466830730438232 -0.3971875011920929 1.0542418956756592
-5.4619927406311035 -0.5074418783187866 1.0550627708435059
-5.715165138244629 -0.6471284627914429 1.1062572002410889
-9.707053184509277 -1.6971158981323242 1.8953367471694946
-9.558069229125977 -1.86989426612854 1.8732115030288696
-9.490498542785645 -2.0556581020355225 1.8676947355270386
-9.422582626342773 -2.240236282348633 1.8628202676773071
-9.220257759094238 -2.389011859893799 1.8319505453109741
-9.173555374145508 -2.574849843978882 1.8325902223587036
-9.1364107131958 -2.7637994289398193 1.8359044790267944
-9.545303344726562 -3.0983355045318604 1.9302006959915161
-9.627517700195312 -3.3404784202575684 1.9600170850753784
-9.711077690124512 -3.5898613929748535 1.9913254976272583
-6.782610893249512 -5.218057155609131 1.6459294557571411
-6.586805820465088 -5.281639099121094 1.6238652467727661
-6.434614181518555 -5.375726699829102 1.6126757860183716
-6.272231101989746 -5.457945823669434 1.5991698503494263
-6.002885341644287 -5.439518451690674 1.558078646659851
-5.7457780838012695 -5.420912742614746 1.5193370580673218
-5.481929779052734 -5.384427547454834 1.4779082536697388
-5.183773517608643 -5.30056095123291 1.4259806871414185
-4.933293342590332 -5.251682758331299 1.3858562707901
-4.750990390777588 -5.265931129455566 1.3641215562820435
-4.573983669281006 -5.279440402984619 1.3435167074203491
-4.40192985534668 -5.292254447937012 1.3239787817001343
-4.304507732391357 -5.392107963562012 1.3270305395126343
-4.121062278747559 -5.38077974319458 1.3035765886306763
-3.9628608226776123 -5.395628929138184 1.2876054048538208
-3.8010945320129395 -5.399714946746826 1.2700780630111694
-3.654452323913574 -5.419765949249268 1.257250189781189
-3.5365872383117676 -5.479554176330566 1.2543646097183228
-3.419182062149048 -5.5390496253967285 1.251987338066101
-3.3091111183166504 -5.6100921630859375 1.2527471780776978
-3.1997618675231934 -5.682853698730469 1.2543693780899048
-3.083556890487671 -5.743681907653809 1.2538524866104126
-2.9669060707092285 -5.803506851196289 1.2536309957504272
-2.8502357006073 -5.863310813903809 1.2539116144180298
-2.7315711975097656 -5.919068336486816 1.253832221031189
-2.8459126949310303 -6.5077128410339355 1.3661216497421265
-3.720226764678955 -8.99557113647461 1.8722947835922241
-3.706052780151367 -9.497791290283203 1.960913062095642
-3.6892616748809814 -10.04684829711914 2.058534622192383
-3.4874467849731445 -10.121828079223633 2.0591087341308594
-3.280640125274658 -10.182013511657715 2.0575122833251953
-3.0736887454986572 -10.240829467773438 2.056488037109375
-2.866488456726074 -10.29827880859375 2.0560302734375
-2.6794004440307617 -10.434052467346191 2.071958065032959
-2.491154909133911 -10.579778671264648 2.0905227661132812
-2.299084424972534 -10.726602554321289 2.1099705696105957
-2.103003978729248 -10.874615669250488 2.13033390045166
-1.9027410745620728 -11.023893356323242 2.1516451835632324
-1.6925125122070312 -11.137880325317383 2.1668100357055664
-1.466729998588562 -11.15855598449707 2.1646552085876465
-1.2412364482879639 -11.17868423461914 2.163278579711914
-1.0289726257324219 -11.342334747314453 2.1904983520507812
-0.813932478427887 -11.548858642578125 2.2267727851867676
-0.5911262631416321 -11.75404167175293 2.263584613800049
-0.35741865634918213 -11.85595417022705 2.2813644409179688
-0.11991699039936066 -11.959486961364746 2.300356388092041
0.1269456446170807 -12.587831497192383 2.4212183952331543
0.42223313450813293 -13.978582382202148 2.6898131370544434
0.7339181303977966 -14.576107025146484 2.807063579559326
1.041522741317749 -14.765828132629395 2.8470592498779297
1.3656798601150513 -15.044050216674805 2.9054126739501953
1.705593228340149 -15.352396011352539 2.970986843109131
2.0609683990478516 -15.672290802001953 3.0403003692626953
2.4753494262695312 -16.283048629760742 3.1678004264831543
2.900083303451538 -16.796274185180664 3.278331756591797
3.4342541694641113 -17.75282096862793 3.477811336517334
4.317070960998535 -20.135934829711914 3.9608778953552246
4.760789394378662 -20.213468551635742 3.9941558837890625
33.81120300292969 -92.06010437011719 18.862932205200195
52.85670852661133 -63.53976821899414 15.896709442138672
55.065467834472656 -63.55072021484375 16.173288345336914
57.340614318847656 -63.54795455932617 16.4627685546875
59.73568344116211 -63.583377838134766 16.779808044433594
6.65067195892334 -2.1583259105682373 1.344838261604309
6.662844657897949 -2.015104055404663 1.3388324975967407
6.728703022003174 -1.8881958723068237 1.3441628217697144
7.091878414154053 -1.837092399597168 1.4090460538864136
7.100058555603027 -1.687609314918518 1.403643250465393
25.5955867767334 -5.542454242706299 5.037050724029541
24.683237075805664 -3.8040826320648193 4.80352783203125
24.458755493164062 -3.2673985958099365 4.74609375
24.63152503967285 -2.7875425815582275 4.767773628234863
24.3485107421875 -2.2606165409088135 4.7032389640808105
24.567127227783203 -1.7834330797195435 4.737580299377441
24.808094024658203 -1.3000452518463135 4.778040885925293
7.678124904632568 -0.24766325950622559 1.4775487184524536
25.482980728149414 -0.3092126250267029 4.90165901184082
25.83564567565918 0.20612579584121704 4.969286918640137
30.370859146118164 0.8533248901367188 5.843719005584717
83.73908233642578 49.16257095336914 18.67661476135254
80.10859680175781 49.22369384765625 18.084074020385742
77.21727752685547 49.61347961425781 17.65306854248047
73.80469512939453 49.54563522338867 17.097265243530273
70.70128631591797 49.553524017333984 16.605892181396484
68.4811019897461 50.08085250854492 16.317697525024414
65.88409423828125 50.245975494384766 15.93649673461914
65.3706283569336 51.966434478759766 16.061885833740234
61.65016555786133 51.06536865234375 15.397005081176758
61.899478912353516 53.40677261352539 15.724374771118164
55.118350982666016 49.52412414550781 14.251930236816406
52.97307586669922 49.55774688720703 13.952152252197266
51.174129486083984 49.84199142456055 13.739608764648438
49.27743148803711 49.96467208862305 13.497465133666992
47.5654296875 50.20948028564453 13.302461624145508
45.69865798950195 50.22455978393555 13.060275077819824
44.060455322265625 50.42500305175781 12.879348754882812
42.67780685424805 50.87217330932617 12.771717071533203
42.642250061035156 52.957176208496094 13.077191352844238
42.879920959472656 55.50125503540039 13.489712715148926
43.71305847167969 58.99473571777344 14.122264862060547
47.12699890136719 66.35126495361328 15.65318489074707
44.48165512084961 65.37278747558594 15.20820426940918
44.05423355102539 67.6299819946289 15.524030685424805
44.62112808227539 71.60891723632812 16.228063583374023
47.963741302490234 80.53772735595703 18.029237747192383
47.871097564697266 84.18838500976562 18.627166748046875
44.38469696044922 81.8449935913086 17.907514572143555
44.211551666259766 85.58943939208984 18.528480529785156
4.6390790939331055 9.942109107971191 2.1101531982421875
4.273533821105957 9.6611328125 2.0318613052368164
4.03194522857666 9.634143829345703 2.0087242126464844
3.8290855884552 9.69227409362793 2.0043787956237793
3.626852512359619 9.749715805053711 2.000767707824707
3.4251911640167236 9.806763648986816 1.9979325532913208
3.2239508628845215 9.863462448120117 1.9958690404891968
3.022979259490967 9.919855117797852 1.9945732355117798
2.8414690494537354 10.044347763061523 2.0077061653137207
2.6666603088378906 10.20569896697998 2.0288267135620117
2.4879021644592285 10.369866371154785 2.051098346710205
2.299424409866333 10.511829376220703 2.0696115493774414
2.1165249347686768 10.702362060546875 2.0983176231384277
1.9282835721969604 10.897679328918457 2.128577709197998
1.7343478202819824 11.098115921020508 2.1604766845703125
1.5379024744033813 11.330328941345215 2.1992149353027344
4.162940502166748 36.103904724121094 6.990091323852539
2.705430269241333 28.48719596862793 5.503763198852539
2.720487117767334 36.41225814819336 7.02291202545166
1.9909237623214722 36.519107818603516 7.034373760223389
1.25709068775177 36.580623626708984 7.039927959442139
0.4364546239376068 30.64699363708496 5.895122051239014
-0.17992034554481506 30.64389419555664 5.89402961730957
-0.2829098403453827 10.886059761047363 2.094489574432373
-0.5021891593933105 10.887167930603027 2.0962228775024414
-0.7220088243484497 10.8897066116333 2.0990829467773438
-0.9426231384277344 10.89333438873291 2.1030116081237793
-1.1640841960906982 10.896425247192383 2.1077027320861816
-1.3865611553192139 10.898982048034668 2.1131644248962402
-1.6101995706558228 10.900999069213867 2.119406223297119
-1.83516526222229 10.902474403381348 2.126439094543457
-2.061609983444214 10.903400421142578 2.1342759132385254
-2.2897140979766846 10.903775215148926 2.1429314613342285
-2.519630193710327 10.90359115600586 2.1524200439453125
-2.7615435123443604 10.94244384765625 2.1706156730651855
-3.0911667346954346 11.286821365356445 2.2508063316345215
-3.5278093814849854 11.933717727661133 2.393476963043213
-3.789017677307129 11.929439544677734 2.407416820526123
-4.060154914855957 11.944965362548828 2.4265408515930176
-4.26906156539917 11.776800155639648 2.409334182739258
-4.397237777709961 11.408886909484863 2.3516855239868164
-4.549847602844238 11.132369041442871 2.3130831718444824
-4.697571754455566 10.864622116088867 2.276622772216797
-4.840743541717529 10.605042457580566 2.242178440093994
-4.990570545196533 10.375677108764648 2.214460849761963
-5.202439308166504 10.281574249267578 2.216261386871338
-5.414755821228027 10.18730354309082 2.2189688682556152
-5.627690315246582 10.092790603637695 2.222588539123535
-5.841428756713867 9.997952461242676 2.2271275520324707
-6.0561370849609375 9.902713775634766 2.2325949668884277
-6.272008895874023 9.806991577148438 2.239004611968994
-6.489284038543701 9.710790634155273 2.2463860511779785
-6.713513374328613 9.621686935424805 2.2565555572509766
-6.939761161804199 9.531591415405273 2.2677035331726074
-7.168242931365967 9.440410614013672 2.279853343963623
-11.648756980895996 14.716995239257812 3.6099987030029297
-12.140983581542969 14.720586776733398 3.670039176940918
-12.638617515563965 14.71097469329834 3.730266571044922
-13.153010368347168 14.700958251953125 3.7940454483032227
-13.685490608215332 14.690585136413574 3.8616280555725098
-14.237905502319336 14.680204391479492 3.9333853721618652
-14.812355995178223 14.670329093933105 4.009756088256836
-15.409825325012207 14.660062789916992 4.090841293334961
-16.03221321105957 14.64936351776123 4.176997661590576
-16.6816349029541 14.638202667236328 4.268622398376465
-17.3602294921875 14.62630844116211 4.366098403930664
-18.10382843017578 14.640570640563965 4.478150844573975
-18.42514419555664 14.297260284423828 4.485589027404785
-18.594011306762695 13.838305473327637 4.458034515380859
-18.758878707885742 13.38333511352539 4.432124137878418
-19.486879348754883 13.319625854492188 4.539909839630127
-22.40435028076172 14.661531448364258 5.149852752685547
-23.428754806518555 14.667612075805664 5.31643533706665
-24.514211654663086 14.669361114501953 5.494677543640137
-25.67046356201172 14.668387413024902 5.686563491821289
-26.880449295043945 14.6506986618042 5.888129711151123
-28.1502685546875 14.616348266601562 6.100651741027832
-29.64529800415039 14.64339828491211 6.359530448913574
-31.206634521484375 14.641441345214844 6.629952907562256
-33.00529098510742 14.682905197143555 6.947934627532959
-34.986106872558594 14.728607177734375 7.301077365875244
-64.63750457763672 25.693613052368164 13.378312110900879
-68.76573944091797 25.745683670043945 14.122719764709473
-73.10270690917969 25.70540428161621 14.904217720031738
-16.693824768066406 5.495473384857178 3.3803257942199707
-16.703914642333984 5.128847122192383 3.360799789428711
-16.713655471801758 4.766211032867432 3.342794418334961
-5.782301902770996 0.32745054364204407 1.113928198814392
-5.48254919052124 0.1999809294939041 1.0551934242248535
-5.444026470184326 0.08900237828493118 1.047223448753357
-5.46465539932251 -0.020568542182445526 1.051058292388916
-5.478640556335449 -0.1308271735906601 1.0540410280227661
-5.473737716674805 -0.24092864990234375 1.0538170337677002
-5.468864917755127 -0.3510247766971588 1.0540251731872559
-5.464017868041992 -0.46121108531951904 1.054665446281433
-5.599836826324463 -0.5863099694252014 1.08293879032135
-5.8835225105285645 -0.7359022498130798 1.1404314041137695
-9.999491691589355 -1.6615177392959595 1.949633002281189
-9.586295127868652 -1.791656255722046 1.8757165670394897
-9.5188570022583 -1.977957844734192 1.8699284791946411
-9.451089859008789 -2.1630189418792725 1.864785075187683
-9.292349815368652 -2.324291706085205 1.842316746711731
-9.188210487365723 -2.495619535446167 1.8312517404556274
-9.152350425720215 -2.6846330165863037 1.8344956636428833
-9.113424301147461 -2.873474597930908 1.837905764579773
-9.592907905578613 -3.2381529808044434 1.9473460912704468
-9.675886154174805 -3.484429359436035 1.9780162572860718
-7.0079874992370605 -5.298017978668213 1.689724087715149
-6.650771617889404 -5.241448402404785 1.6286858320236206
-6.498321533203125 -5.336605072021484 1.6173118352890015
-6.346473217010498 -5.429234981536865 1.6063731908798218
-6.114227294921875 -5.447264671325684 1.5750030279159546
-5.852097034454346 -5.428731441497803 1.5352972745895386
-5.597240924835205 -5.405762195587158 1.4966601133346558
-5.30622673034668 -5.335066318511963 1.4472447633743286
-5.01967191696167 -5.254177093505859 1.3976298570632935
-4.826726913452148 -5.26005220413208 1.3730894327163696
-4.64754581451416 -5.273865699768066 1.35201895236969
-4.473456382751465 -5.286965847015381 1.3320409059524536
-4.321527481079102 -5.320814609527588 1.3184038400650024
-4.186689376831055 -5.372056007385254 1.3099700212478638
-4.028796672821045 -5.38959264755249 1.2942229509353638
-3.870281219482422 -5.400701999664307 1.2779382467269897
-3.70654034614563 -5.398303031921387 1.2594743967056274
-3.5859177112579346 -5.454538345336914 1.2555121183395386
-3.468334674835205 -5.514148235321045 1.2529217004776
-3.354856491088867 -5.579636573791504 1.2522162199020386
-3.2456226348876953 -5.652344226837158 1.2536290884017944
-3.1324613094329834 -5.718591690063477 1.2540942430496216
-3.0157902240753174 -5.778440475463867 1.2536627054214478
-2.8991410732269287 -5.838245868682861 1.2537328004837036
-2.781498908996582 -5.896122455596924 1.253893256187439
-2.8908438682556152 -6.461552143096924 1.3614989519119263
-3.7254703044891357 -8.797545433044434 1.8375493288040161
-3.712291717529297 -9.28196907043457 1.9227458238601685
-3.6966419219970703 -9.810601234436035 2.0164413452148438
-3.5784177780151367 -10.108405113220215 2.062440872192383
-3.3673295974731445 -10.156949043273926 2.058109760284424
-3.160447835922241 -10.216348648071289 2.0568480491638184
-2.953352689743042 -10.274368286132812 2.0561532974243164
-2.7572004795074463 -10.373284339904785 2.0644330978393555
-2.5705060958862305 -10.518573760986328 2.0826358795166016
-2.3800573348999023 -10.664929389953613 2.101710796356201
-2.1856751441955566 -10.812437057495117 2.1216869354248047
-1.9871914386749268 -10.961173057556152 2.1425962448120117
-1.7844010591506958 -11.111233711242676 2.164475440979004
-1.561309814453125 -11.149959564208984 2.1654629707336426
-1.3357079029083252 -11.17031478881836 2.1637606620788574
-1.1170238256454468 -11.257566452026367 2.175870418548584
-0.9049224853515625 -11.461554527282715 2.211331844329834
-0.685663640499115 -11.671723365783691 2.248764991760254
-0.45580199360847473 -11.813055992126465 2.273768901824951
-0.21992599964141846 -11.915894508361816 2.292248249053955
0.020578764379024506 -12.421223640441895 2.3890538215637207
0.3008485436439514 -13.81884479522705 2.6584935188293457
0.6071093082427979 -14.488006591796875 2.789012908935547
0.9122653007507324 -14.697249412536621 2.8322534561157227
1.227559208869934 -14.918060302734375 2.878979206085205
1.561310052871704 -15.221803665161133 2.943063735961914
1.910075068473816 -15.536762237548828 3.0107789039611816
2.292783260345459 -15.987885475158691 3.1065073013305664
2.7210865020751953 -16.59256362915039 3.233980178833008
3.156308650970459 -17.087217330932617 3.3420886993408203
3.9366307258605957 -19.147409439086914 3.759767532348633
4.573945999145508 -20.180858612060547 3.9799551963806152
52.607608795166016 -64.33563232421875 15.984344482421875
54.133079528808594 -63.54916763305664 16.056190490722656
56.3772087097168 -63.549129486083984 16.339384078979492
58.70045852661133 -63.54629898071289 16.638885498046875
42.06770706176758 55.40901184082031 11.561351776123047
42.35158920288086 58.17605972290039 11.958540916442871
42.483985900878906 60.89495086669922 12.33928108215332
42.97469711303711 64.3170166015625 12.854952812194824
41.40236282348633 64.74567413330078 12.77159309387207
39.81435775756836 65.1112060546875 12.683164596557617
39.62607955932617 67.83160400390625 13.055177688598633
44.995731353759766 80.7072525024414 15.35599136352539
4.283231258392334 9.907944679260254 1.793826937675476
4.007505416870117 9.807051658630371 1.7606102228164673
3.770847797393799 9.785418510437012 1.7427574396133423
3.567955255508423 9.844518661499023 1.7401505708694458
3.3649957180023193 9.901737213134766 1.737949252128601
3.1778156757354736 10.007165908813477 1.7448807954788208
3.0057713985443115 10.170011520385742 1.7623778581619263
2.830005168914795 10.335640907287598 1.780854344367981
2.650291681289673 10.504240036010742 1.8003562688827515
2.465876579284668 10.67385196685791 1.820557713508606
2.2683820724487305 10.805384635925293 1.8348382711410522
2.0801310539245605 11.00492000579834 1.861240267753601
1.885565161705017 11.205960273742676 1.888445258140564
1.6734294891357422 11.333706855773926 1.9039160013198853
1.4895925521850586 11.714399337768555 1.9624370336532593
4.457653045654297 41.74928665161133 6.97755241394043
2.479569435119629 28.674867630004883 4.783129692077637
2.778233289718628 41.94029998779297 6.98513650894165
1.9422506093978882 42.16122055053711 7.014005184173584
1.0940041542053223 42.192317962646484 7.01409912109375
0.1779707372188568 30.62261962890625 5.089115142822266
-0.1797645539045334 12.570536613464355 2.08925199508667
-0.39998045563697815 11.619071006774902 1.9320622682571411
-0.6087939739227295 11.15487003326416 1.8565343618392944
-0.8361759185791016 11.1829195022583 1.8636246919631958
-1.0637003183364868 11.193347930908203 1.8685508966445923
-1.2910538911819458 11.191102981567383 1.872132420539856
-1.5192617177963257 11.188029289245605 1.8763505220413208
-1.7484647035598755 11.184117317199707 1.8812114000320435
-1.9788049459457397 11.17935848236084 1.886724829673767
-2.210428476333618 11.17374324798584 1.8928979635238647
-2.4434916973114014 11.16726303100586 1.899741768836975
-2.675326347351074 11.14816951751709 1.9052623510360718
-2.9285271167755127 11.205188751220703 1.9246848821640015
-3.275238275527954 11.575075149536133 1.9991308450698853
-3.5637123584747314 11.691774368286133 2.0312552452087402
-3.838304281234741 11.740690231323242 2.052750587463379
-4.11873722076416 11.790234565734863 2.075479507446289
-4.3239850997924805 11.621644020080566 2.0606937408447266
-4.4774675369262695 11.331510543823242 2.024808883666992
-4.625682830810547 11.05102252960205 1.990911841392517
-4.76900053024292 10.77949333190918 1.9588786363601685
-4.90775728225708 10.516303062438965 1.9285997152328491
-5.07643985748291 10.330397605895996 1.912845492362976
-5.293177127838135 10.245611190795898 1.91647207736969
-5.510748863220215 10.160334587097168 1.92086660861969
-5.729336738586426 10.074499130249023 1.926035761833191
-5.949113368988037 9.988030433654785 1.9319909811019897
-6.170262336730957 9.900859832763672 1.9387437105178833
-6.392966270446777 9.812910079956055 1.9463073015213013
-6.6174211502075195 9.724102973937988 1.9546977281570435
-6.843811988830566 9.634364128112793 1.9639335870742798
-7.106680870056152 9.589922904968262 1.9836119413375854
-11.373294830322266 14.7191162109375 3.0912442207336426
-11.856483459472656 14.7227144241333 3.141449451446533
-12.347782135009766 14.716859817504883 3.1925477981567383
-12.852273941040039 14.707037925720215 3.245842456817627
-13.374093055725098 14.696878433227539 3.3023009300231934
-13.914607048034668 14.68635368347168 3.362143039703369
-14.475902557373047 14.67604923248291 3.425747871398926
-15.05978012084961 14.66601276397705 3.4934072494506836
-15.667428016662598 14.65556812286377 3.565260410308838
-16.30088996887207 14.64468002319336 3.641641616821289
-16.9564151763916 14.62821102142334 3.7216029167175293
-17.684717178344727 14.64664363861084 3.816018581390381
-18.437496185302734 14.655107498168945 3.9140543937683105
-19.196123123168945 14.637972831726074 4.0117878913879395
-19.654739379882812 14.371912956237793 4.04640007019043
-19.9606990814209 13.98840045928955 4.0506439208984375
-20.1121883392334 13.499739646911621 4.025468826293945
-20.691049575805664 13.292634963989258 4.08698844909668
-23.891925811767578 14.678739547729492 4.659976959228516
-24.996049880981445 14.673005104064941 4.816794395446777
-26.157901763916016 14.655829429626465 4.982868671417236
-27.389867782592773 14.630277633666992 5.160450458526611
-28.765262603759766 14.629191398620605 5.363060474395752
-30.314279556274414 14.657289505004883 5.59576416015625
-31.91350555419922 14.646175384521484 5.835405349731445
-33.782188415527344 14.688700675964355 6.1218366622924805
-35.99442672729492 14.79718017578125 6.467480182647705
-66.26180267333984 25.694713592529297 11.810670852661133
-70.54552459716797 25.73616600036621 12.479408264160156
-75.087646484375 25.69437026977539 13.188828468322754
-16.77861976623535 5.367062091827393 2.9275383949279785
-16.78815460205078 5.00026798248291 2.9110655784606934
-5.594423770904541 0.2695333659648895 0.9307897090911865
-5.400583744049072 0.15141890943050385 0.8978502750396729
-5.420847415924072 0.04292922839522362 0.9008934497833252
-5.44133996963501 -0.06634658575057983 0.9043383598327637
-5.462080478668213 -0.17650863528251648 0.9081908464431763
-5.461900234222412 -0.28655120730400085 0.9089367389678955
-5.457043170928955 -0.3964764177799225 0.9092711210250854
-5.452206611633301 -0.5065324306488037 0.9099792242050171
-5.686675071716309 -0.6439024209976196 0.9510809183120728
-5.980034351348877 -0.7992207407951355 1.0026299953460693
-11.112988471984863 -1.9429209232330322 1.874827265739441
-9.80971908569336 -1.9191257953643799 1.6611350774765015
-9.739614486694336 -2.1096179485321045 1.6561144590377808
-9.658851623535156 -2.2964096069335938 1.6499022245407104
-9.547987937927246 -2.4739279747009277 1.639133334159851
-9.61251449584961 -2.6980583667755127 1.659192442893982
-9.761935234069824 -2.9530229568481445 1.694891333580017
-58.695369720458984 -43.30527114868164 12.121835708618164
-56.8215446472168 -43.71444320678711 11.914037704467773
-51.98677062988281 -43.43178176879883 11.257675170898438
-6.750655651092529 -5.874257564544678 1.4871336221694946
-6.434624195098877 -5.830737590789795 1.4430583715438843
-6.088541030883789 -5.744295597076416 1.3910740613937378
-5.742312431335449 -5.640178203582764 1.337619662284851
-5.420945644378662 -5.543076515197754 1.2884703874588013
-5.121659755706787 -5.452203750610352 1.2431498765945435
-4.846645832061768 -5.371955871582031 1.2023814916610718
-4.664659023284912 -5.38409948348999 1.183860421180725
-4.4878997802734375 -5.395613193511963 1.1663066148757935
-4.316019058227539 -5.406528949737549 1.1496678590774536
-4.1639723777771 -5.436805725097656 1.1380670070648193
-4.003396987915039 -5.450817584991455 1.1239172220230103
-3.846592903137207 -5.464349746704102 1.1105284690856934
-3.6903886795043945 -5.473058223724365 1.0969915390014648
-3.546546459197998 -5.494984149932861 1.0868688821792603
-3.4287919998168945 -5.554616451263428 1.0848021507263184
-3.316917657852173 -5.623326778411865 1.0849719047546387
-3.204819440841675 -5.691834449768066 1.085532784461975
-3.087920904159546 -5.751811981201172 1.084905982017517
-2.9706168174743652 -5.810766696929932 1.0845372676849365
-2.851344108581543 -5.865588665008545 1.0838451385498047
-2.7321691513061523 -5.9203619956970215 1.083592414855957
-2.80696177482605 -6.418642520904541 1.1642228364944458
-4.182064533233643 -10.112296104431152 1.818557620048523
-4.112219333648682 -10.53870677947998 1.8799864053726196
-3.8822245597839355 -10.572347640991211 1.8716789484024048
-3.653717517852783 -10.604406356811523 1.8639672994613647
-3.429824113845825 -10.64503288269043 1.858605980873108
-3.2133891582489014 -10.706282615661621 1.857639193534851
-3.010648727416992 -10.816194534301758 1.8658262491226196
-2.817842960357666 -10.973162651062012 1.882745385169983
-2.621083974838257 -11.131569862365723 1.9004942178726196
-2.410996198654175 -11.248733520507812 1.9118314981460571
-2.1796865463256836 -11.27114486694336 1.9078031778335571
-1.9491901397705078 -11.293008804321289 1.9044822454452515
-1.7193272113800049 -11.314345359802246 1.9018632173538208
-1.4899444580078125 -11.335171699523926 1.8999425172805786
-1.260870099067688 -11.35550308227539 1.898715853691101
-1.048508644104004 -11.55766773223877 1.9286028146743774
-0.8221074938774109 -11.664870262145996 1.9433385133743286
-0.5917016863822937 -11.765464782714844 1.9577184915542603
-0.3577719032764435 -11.86756420135498 1.9731115102767944
-0.1200367733836174 -11.971297264099121 1.9895538091659546
0.1297479271888733 -12.865784645080566 2.1382126808166504
0.4652886688709259 -15.40399169921875 2.561084270477295
0.7877700328826904 -15.64568042755127 2.6033759117126465
1.1200155019760132 -15.878593444824219 2.6453452110290527
1.458890676498413 -16.07082176208496 2.6817164421081543
1.812307357788086 -16.31295394897461 2.7276511192321777
2.2091469764709473 -16.7990779876709 2.8157958984375
2.6198105812072754 -17.23333168029785 2.896829605102539
3.2454051971435547 -18.79625129699707 3.1698803901672363
33.80891418457031 -92.05392456054688 16.297147750854492
52.83468246459961 -63.5132942199707 13.72960376739502
54.725467681884766 -63.15830612182617 13.888004302978516
57.206783294677734 -63.39961242675781 14.191222190856934
59.338260650634766 -63.16035079956055 14.40190601348877
6.540985107421875 -2.1227290630340576 1.1428240537643433
6.600240230560303 -1.996170163154602 1.1459299325942993
6.628232955932617 -1.8600025177001953 1.1440633535385132
7.027470588684082 -1.8204084634780884 1.2064095735549927
7.182267189025879 -1.7071497440338135 1.2268403768539429
25.40291404724121 -5.500732421875 4.319431304931641
25.36039924621582 -4.959817409515381 4.294370174407959
24.346101760864258 -4.255019664764404 4.1072916984558105
24.12651252746582 -3.718282461166382 4.056808948516846
24.07014274597168 -3.215484619140625 4.035638809204102
24.026582717895508 -2.719083309173584 4.018353462219238
24.09149169921875 -2.2367546558380127 4.020871162414551
24.209903717041016 -1.7575007677078247 4.0339179039001465
7.619801044464111 -0.39930784702301025 1.2680364847183228
7.630062580108643 -0.24611297249794006 1.2686635255813599
24.828392028808594 -0.3012678325176239 4.126418590545654
25.315595626831055 0.20197951793670654 4.20721435546875
29.153953552246094 0.8191335797309875 4.846871376037598
29.556180953979492 1.425744652748108 4.917514801025391
83.79399108886719 49.19481658935547 16.147846221923828
75.26873779296875 46.249778747558594 14.681244850158691
72.9342269897461 46.861541748046875 14.406853675842285
73.30516815185547 49.21030807495117 14.672667503356934
69.97198486328125 49.0423583984375 14.200075149536133
26.186660766601562 19.15054702758789 5.391388416290283
25.75568199157715 19.642364501953125 5.38291072845459
62.53623962402344 49.71323013305664 13.276309967041016
60.2642707824707 49.91743087768555 13.004497528076172
57.5964469909668 49.694114685058594 12.641946792602539
55.368648529052734 49.7490234375 12.370097160339355
53.368629455566406 49.92780685424805 12.145174026489258
51.41123580932617 50.07289505004883 11.926511764526367
49.45868682861328 50.148460388183594 11.705192565917969
47.576480865478516 50.221160888671875 11.496475219726562
45.710968017578125 50.23809051513672 11.287590980529785
43.90044403076172 50.24189758300781 11.087808609008789
42.750919342041016 50.959320068359375 11.054125785827637
42.88776779174805 53.26207733154297 11.36422061920166
42.30543899536133 54.75767135620117 11.499435424804688
42.220951080322266 56.98099899291992 11.785624504089355
42.37039566040039 59.65433120727539 12.159821510314941
42.466270446777344 62.41086196899414 12.545063018798828
42.052284240722656 64.55669403076172 12.803767204284668
40.49794387817383 64.99192810058594 12.725967407226562
39.28880310058594 65.97129821777344 12.760418891906738
39.83735275268555 70.05982208251953 13.393539428710938
4.401820659637451 9.951147079467773 1.8083018064498901
4.121852874755859 9.848970413208008 1.7743102312088013
3.855426073074341 9.758943557739258 1.7437688112258911
3.653162956237793 9.820435523986816 1.7412749528884888
3.450000524520874 9.87779712677002 1.7387889623641968
3.248868465423584 9.939696311950684 1.7378300428390503
3.0783143043518066 10.101436614990234 1.754928469657898
2.904136896133423 10.265874862670898 1.7729889154434204
2.726104736328125 10.433205604553223 1.792056918144226
2.5439846515655518 10.603626251220703 1.8121720552444458
2.3509609699249268 10.747428894042969 1.8282970190048218
2.1596975326538086 10.920668601989746 1.8500028848648071
1.9681967496871948 11.12324047088623 1.8772343397140503
1.7621004581451416 11.275717735290527 1.8966020345687866
1.568005919456482 11.552103996276855 1.9373942613601685
1.3698077201843262 11.879923820495605 1.9873498678207397
2.7051358222961426 28.484107971191406 4.754940032958984
3.1261909008026123 41.84241485595703 6.972975254058838
2.293583631515503 42.07080841064453 7.0019330978393555
1.4509209394454956 42.221004486083984 7.020651817321777
0.43612244725227356 30.62392234802246 5.089760780334473
-0.1797843873500824 30.620826721191406 5.0888190269470215
-0.3072918653488159 11.824275970458984 1.9656847715377808
-0.5233156085014343 11.345223426818848 1.887414574623108
-0.7405258417129517 11.169018745422363 1.860202670097351
-0.9686427116394043 11.194045066833496 1.8672374486923218
-1.195677638053894 11.192145347595215 1.8705540895462036
-1.423512578010559 11.189419746398926 1.8745042085647583
-1.6522761583328247 11.185858726501465 1.8790959119796753
-1.8821243047714233 11.181455612182617 1.8843351602554321
-2.1131913661956787 11.176203727722168 1.890229344367981
-2.3456389904022217 11.170084953308105 1.8967913389205933
-2.579594373703003 11.163092613220215 1.9040299654006958
-2.8078501224517822 11.125922203063965 1.9069372415542603
-3.1267452239990234 11.416728019714355 1.967161774635315
-3.449313163757324 11.668192863464355 2.0220346450805664
-3.7225351333618164 11.72011661529541 2.0435962677001953
-4.000476837158203 11.769392967224121 2.065800666809082
-4.258000373840332 11.746280670166016 2.076356887817383
-4.413809299468994 11.451886177062988 2.039597511291504
-4.564183235168457 11.167445182800293 2.0048837661743164
-4.709511756896973 10.89223861694336 1.9720841646194458
-4.850138187408447 10.625629425048828 1.941083312034607
-4.986785888671875 10.367813110351562 1.9119230508804321
-5.20225191116333 10.28119945526123 1.914859652519226
-5.419449329376221 10.196139335632324 1.9189306497573853
-5.6375885009765625 10.110547065734863 1.9237736463546753
-5.8568501472473145 10.0243501663208 1.9293981790542603
-6.0774006843566895 9.937482833862305 1.9358147382736206
-6.299430847167969 9.849867820739746 1.9430376291275024
-6.52312707901001 9.761430740356445 1.9510802030563354
-6.748683452606201 9.67209243774414 1.9599584341049194
-6.976294994354248 9.581771850585938 1.9696916341781616
-7.352520942687988 9.683098793029785 2.020514965057373
-11.652077674865723 14.721193313598633 3.1200571060180664
-12.141227722167969 14.720879554748535 3.171109199523926
-12.638803482055664 14.71119213104248 3.2231321334838867
-13.153203964233398 14.701178550720215 3.2782397270202637
-13.68570327758789 14.690810203552246 3.336636543273926
-14.237846374511719 14.68014144897461 3.3985719680786133
-14.812295913696289 14.670267105102539 3.464559555053711
-15.409760475158691 14.65999698638916 3.5346169471740723
-16.032140731811523 14.649298667907715 3.6090598106384277
-16.681554794311523 14.638136863708496 3.688225746154785
-17.372875213623047 14.63696575164795 3.775214195251465
-18.12834930419922 14.660396575927734 3.8745198249816895
-18.873613357543945 14.645255088806152 3.9700427055358887
-19.524457931518555 14.530776977539062 4.044651508331299
-19.833316802978516 14.14987850189209 4.048853397369385
-20.05937957763672 13.710942268371582 4.037887096405029
-20.304506301879883 13.287384986877441 4.032614231109619
-21.254289627075195 13.30628776550293 4.1672563552856445
-24.529420852661133 14.678467750549316 4.750545024871826
-25.661327362060547 14.663169860839844 4.911647319793701
-26.87054443359375 14.645302772521973 5.085677623748779
-28.153635025024414 14.618096351623535 5.271811485290527
-29.64899444580078 14.645224571228027 5.495547294616699
-31.181230545043945 14.629518508911133 5.723852634429932
-32.97712707519531 14.67037582397461 5.998140335083008
-35.083553314208984 14.76962947845459 6.325959205627441
-64.62135314941406 25.687191009521484 11.556451797485352
-68.78363037109375 25.75237464904785 12.205711364746094
-73.12276458740234 25.712453842163086 12.881311416625977
-16.784196853637695 5.153497219085693 2.917807102203369
-16.829547882080078 4.799258232116699 2.9083237648010254
-5.6942644119262695 0.32246488332748413 0.9478204250335693
-5.461818695068359 0.1992245465517044 0.9082781076431274
-5.412328720092773 0.08848433941602707 0.8995702266693115
-5.432722568511963 -0.020448455587029457 0.9028447866439819
-5.4533562660217285 -0.13022354245185852 0.9065258502960205
-5.463942527770996 -0.24049773812294006 0.9089062213897705
-5.459076881408691 -0.35039642453193665 0.9090850353240967
-5.4542317390441895 -0.46038496494293213 0.9096361398696899
-5.572507858276367 -0.5834486484527588 0.9311314821243286
-5.853291988372803 -0.7321211099624634 0.9803105592727661
-9.873478889465332 -1.8453309535980225 1.6692370176315308
-9.769023895263672 -2.029940366744995 1.6581474542617798
-9.698774337768555 -2.2197046279907227 1.6534672975540161
-9.594330787658691 -2.399827003479004 1.643558382987976
-9.574454307556152 -2.6005265712738037 1.6487797498703003
-9.698516845703125 -2.844839334487915 1.679658055305481
-9.851669311523438 -3.1062443256378174 1.7166551351547241
-58.04936218261719 -43.88512420654297 12.093485832214355
-56.802799224853516 -44.76606369018555 12.018952369689941
-52.546119689941406 -43.15235900878906 11.299646377563477
-51.04929733276367 -43.67127227783203 11.16440200805664
-6.564913749694824 -5.848788738250732 1.461168646812439
-6.241784572601318 -5.790228843688965 1.4148863554000854
-5.884206295013428 -5.682907581329346 1.3594659566879272
-5.552787780761719 -5.582969665527344 1.308575987815857
-5.244566440582275 -5.489577293395996 1.261705756187439
-4.956984519958496 -5.402004241943359 1.218415379524231
-4.740273952484131 -5.379089832305908 1.191501498222351
-4.561366558074951 -5.390861511230469 1.1735490560531616
-4.387484073638916 -5.402024269104004 1.1565343141555786
-4.230959892272949 -5.42886209487915 1.1438268423080444
-4.070220470428467 -5.445005893707275 1.1297515630722046
-3.911870002746582 -5.458734512329102 1.1160491704940796
-3.757143020629883 -5.472001075744629 1.103087067604065
-3.5966880321502686 -5.470920085906982 1.0880651473999023
-3.478090286254883 -5.529657363891602 1.085614562034607
-3.362766742706299 -5.592794895172119 1.0845110416412354
-3.2532856464385986 -5.665687561035156 1.0857372283935547
-3.1368966102600098 -5.726686954498291 1.085115909576416
-3.0200581550598145 -5.786617279052734 1.0847423076629639
-2.901313304901123 -5.842621326446533 1.0840814113616943
-2.7821061611175537 -5.897411346435547 1.083644986152649
-2.851409435272217 -6.373409748077393 1.1603368520736694
-4.237850666046143 -10.007505416870117 1.8060728311538696
-4.1359944343566895 -10.34136962890625 1.8509379625320435
-3.978428840637207 -10.558442115783691 1.875087857246399
-3.74931263923645 -10.591161727905273 1.867127537727356
-3.521611213684082 -10.622316360473633 1.8597570657730103
-3.304116725921631 -10.680769920349121 1.8579789400100708
-3.090308666229248 -10.750824928283691 1.8589757680892944
-2.899113655090332 -10.907210350036621 1.875555396080017
-2.7040398120880127 -11.064998626708984 1.892952799797058
-2.504891872406006 -11.224295616149902 1.9111987352371216
-2.2765159606933594 -11.261820793151855 1.9094048738479614
-2.045701026916504 -11.28391170501709 1.9057890176773071
-1.8155922889709473 -11.30546760559082 1.9028757810592651
-1.5860275030136108 -11.326504707336426 1.9006632566452026
-1.3568416833877563 -11.347039222717285 1.8991459608078003
-1.138086199760437 -11.469841003417969 1.915479063987732
-0.9176809191703796 -11.623135566711426 1.9376055002212524
-0.68868488073349 -11.723124504089355 1.951569676399231
-0.45624861121177673 -11.824586868286133 1.9665354490280151
-0.22014114260673523 -11.927621841430664 1.9825340509414673
0.020674586296081543 -12.480120658874512 2.0740160942077637
0.33319076895713806 -15.30416202545166 2.5439305305480957
0.6513503789901733 -15.543782234191895 2.5854148864746094
0.9799935817718506 -15.788424491882324 2.628854274749756
1.3157662153244019 -15.989996910095215 2.6662826538085938
1.6599514484405518 -16.18348503112793 2.703568458557129
2.0471367835998535 -16.651622772216797 2.788088321685791
2.4405007362365723 -17.0179500579834 2.8570666313171387
2.8871517181396484 -17.605194091796875 2.9648051261901855
35.041542053222656 -92.07171630859375 16.371665954589844
52.63802719116211 -64.37281799316406 13.819023132324219
53.70560073852539 -63.04734420776367 13.763569831848145
55.9992790222168 -63.12312698364258 14.023168563842773
58.397796630859375 -63.21863555908203 14.302462577819824
42.1322135925293 55.49396896362305 9.772275924682617
37.624935150146484 51.68330764770508 8.96615982055664
42.464599609375 60.86719512939453 10.4091157913208
42.888553619384766 64.1880874633789 10.827320098876953
41.53977584838867 64.96056365966797 10.814491271972656
39.844303131103516 65.1601791381836 10.712139129638672
39.653812408447266 67.87905883789062 11.025762557983398
44.06370162963867 79.03548431396484 12.69139289855957
44.26018142700195 83.28282928466797 13.227798461914062
44.27263641357422 87.50880432128906 13.75476360321045
4.415152549743652 10.213096618652344 1.5605462789535522
4.1271185874938965 10.099761009216309 1.5302342176437378
3.851045608520508 9.9935302734375 1.5020982027053833
3.6088953018188477 9.957479476928711 1.485469937324524
3.4305243492126465 10.094565391540527 1.4953233003616333
3.253335475921631 10.244979858398438 1.5076066255569458
3.0728821754455566 10.397066116333008 1.5205847024917603
2.893568515777588 10.567781448364258 1.536727786064148
2.710484027862549 10.742812156677246 1.5539385080337524
2.5230486392974854 10.921330451965332 1.5721019506454468
2.321800470352173 11.05984115600586 1.584997534751892
2.122962474822998 11.23151683807373 1.6031571626663208
1.9103285074234009 11.35313606262207 1.6147056818008423
1.7040276527404785 11.54093074798584 1.6362076997756958
1.517680048942566 11.935296058654785 1.6874498128890991
1.3191479444503784 12.354803085327148 1.7426573038101196
2.4689230918884277 28.55171775817871 4.019433498382568
1.9103811979293823 28.839168548583984 4.0536675453186035
1.3285659551620483 28.839740753173828 4.049172878265381
0.7477977871894836 28.84035873413086 4.046328067779541
0.16759049892425537 28.83681297302246 4.044540882110596
-0.1736285388469696 12.141568183898926 1.7030755281448364
-0.4153100550174713 12.064352989196777 1.6930736303329468
-0.654244065284729 11.987645149230957 1.6838151216506958
-0.8711912631988525 11.651212692260742 1.6386889219284058
-1.0875385999679565 11.444220542907715 1.6123265027999878
-1.3242403268814087 11.47877311706543 1.6206194162368774
-1.5634135007858276 11.513178825378418 1.6295872926712036
-1.7994900941848755 11.510494232177734 1.6340001821517944
-2.036728620529175 11.50658130645752 1.6389280557632446
-2.269059658050537 11.47011661529541 1.6399041414260864
-2.501530408859253 11.432507514953613 1.6413885354995728
-2.7343835830688477 11.39426326751709 1.64346182346344
-3.010019063949585 11.51700496673584 1.6695598363876343
-3.3241488933563232 11.747926712036133 1.712382197380066
-3.6041362285614014 11.824399948120117 1.733744502067566
-3.890756130218506 11.901124954223633 1.7561143636703491
-4.178913116455078 11.962495803833008 1.7772136926651
-4.351451873779297 11.695466041564941 1.7501908540725708
-4.505410671234131 11.402230262756348 1.7195225954055786
-4.669638156890869 11.156031608581543 1.6962169408798218
-4.865757942199707 10.998196601867676 1.6867583990097046
-5.059360980987549 10.841156959533691 1.6779404878616333
-5.250597953796387 10.684806823730469 1.6697508096694946
-5.426891803741455 10.50443172454834 1.658286690711975
-5.58965539932251 10.305814743041992 1.6443480253219604
-5.795722484588623 10.191228866577148 1.6443315744400024
-6.001590728759766 10.076132774353027 1.6449066400527954
-6.207400798797607 9.960453033447266 1.6460710763931274
-6.426116943359375 9.863791465759277 1.651124119758606
-6.651882171630859 9.774744987487793 1.658279299736023
-6.890522003173828 9.700115203857422 1.668793797492981
-7.311424732208252 9.8662109375 1.7223204374313354
-11.376076698303223 14.722715377807617 2.609525680541992
-11.859588623046875 14.726577758789062 2.651954174041748
-12.347966194152832 14.717073440551758 2.694422721862793
-12.852470397949219 14.707255363464355 2.7394018173217773
-13.374287605285645 14.697099685668945 2.787053108215332
-13.914819717407227 14.686577796936035 2.837559223175049
-14.475838661193848 14.67598819732666 2.8911828994750977
-15.059718132019043 14.665950775146484 2.948284149169922
-15.667362213134766 14.65550422668457 3.008927345275879
-16.29674530029297 14.64095687866211 3.0726189613342285
-16.9732723236084 14.642752647399902 3.1440067291259766
-17.706039428710938 14.664299011230469 3.2244510650634766
-18.42828941345215 14.647791862487793 3.3016581535339355
-19.210115432739258 14.648637771606445 3.3882570266723633
-20.020261764526367 14.63918685913086 3.478511333465576
-20.944562911987305 14.67789363861084 3.5870847702026367
-21.36395263671875 14.33995246887207 3.6087822914123535
-21.44863510131836 13.779333114624023 3.575547695159912
-21.637529373168945 13.29367733001709 3.5617403984069824
-24.987409591674805 14.667930603027344 4.06377649307251
-26.148536682128906 14.650588989257812 4.203839302062988
-27.34258270263672 14.60501766204834 4.347696304321289
-28.768735885620117 14.63095760345459 4.52676248550415
-30.318099975585938 14.659133911132812 4.723200798034668
-31.887248992919922 14.634126663208008 4.920799732208252
-33.7530403137207 14.676026344299316 5.162128925323486
-36.012596130371094 14.804649353027344 5.461053371429443
-40.833045959472656 15.834064483642578 6.142500400543213
-43.58201599121094 15.899433135986328 6.506601333618164
-75.10857391357422 25.701528549194336 11.133949279785156
-16.86836051940918 5.0241570472717285 2.4685611724853516
-5.573009967803955 0.26850172877311707 0.7825427055358887
-5.369640827178955 0.15055160224437714 0.7534093856811523
-5.389683723449707 0.042682189494371414 0.7559478282928467
-5.409939289093018 -0.0659637451171875 0.7588213682174683
-5.430427074432373 -0.1754855364561081 0.7620360851287842
-5.451165676116943 -0.2859880030155182 0.7655986547470093
-5.447373390197754 -0.39577391743659973 0.7660290002822876
-5.442537784576416 -0.5056340098381042 0.7666246891021729
-5.658702850341797 -0.6407350301742554 0.7987260818481445
-5.949033737182617 -0.7950776219367981 0.8417937755584717
-11.233989715576172 -1.9640756845474243 1.599509835243225
-10.195615768432617 -1.9946198463439941 1.457081913948059
-10.03814697265625 -2.1742801666259766 1.4405370950698853
-9.88375473022461 -2.3498806953430176 1.4248749017715454
-9.7322359085083 -2.521667242050171 1.4100579023361206
-9.80174446105957 -2.751171112060547 1.427857518196106
-9.899065971374512 -2.9945068359375 1.4505163431167603
-6.7174859046936035 -6.0870537757873535 1.2714215517044067
-6.35338830947876 -5.994166851043701 1.225079894065857
-5.992192268371582 -5.8856120109558105 1.178021788597107
-5.657150745391846 -5.784604549407959 1.1347997188568115
-5.345310688018799 -5.6902899742126465 1.0949840545654297
-5.054136276245117 -5.60193395614624 1.0582060813903809
-4.775603771209717 -5.512155055999756 1.022894263267517
-4.5765299797058105 -5.502169609069824 1.003756046295166
-4.400015830993652 -5.511748313903809 0.9891576766967773
-4.207182884216309 -5.493222713470459 0.9704504013061523
-4.044417858123779 -5.506669044494629 0.9582604169845581
-3.8855345249176025 -5.51966667175293 0.9467302560806274
-3.7302908897399902 -5.532238483428955 0.9358282089233398
-3.5784459114074707 -5.544408321380615 0.9255242347717285
-3.4383745193481445 -5.570140361785889 0.9180877208709717
-3.324695348739624 -5.636512756347656 0.917820930480957
-3.2093257904052734 -5.699839115142822 0.917435884475708
-3.090759038925171 -5.75709867477417 0.9164599180221558
-2.971261978149414 -5.812026023864746 0.9155046939849854
-2.8519628047943115 -5.866859436035156 0.9149211645126343
-2.7327611446380615 -5.921644687652588 0.9147069454193115
-2.7693755626678467 -6.332696914672852 0.9694005250930786
-4.519094944000244 -10.927234649658203 1.6584771871566772
-4.3947038650512695 -11.26264762878418 1.6956254243850708
-4.264090538024902 -11.612261772155762 1.734998106956482
-3.868539333343506 -11.227901458740234 1.6656066179275513
-3.595917224884033 -11.16053581237793 1.6445518732070923
-3.369267702102661 -11.225629806518555 1.6438244581222534
-3.1617255210876465 -11.358967781066895 1.6537028551101685
-2.923069715499878 -11.38293170928955 1.6482988595962524
-2.685786008834839 -11.406347274780273 1.6435338258743286
-2.449683666229248 -11.429239273071289 1.6394010782241821
-2.2148449420928955 -11.452943801879883 1.6360808610916138
-1.980817437171936 -11.4762544631958 1.6333891153335571
-1.7473971843719482 -11.499054908752441 1.631301760673523
-1.514415979385376 -11.521368980407715 1.629815697669983
-1.2807098627090454 -11.534185409545898 1.627656102180481
-1.0527870655059814 -11.60485553741455 1.6343096494674683
-0.8228952884674072 -11.676039695739746 1.6416703462600708
-0.5922732353210449 -11.776813507080078 1.6538304090499878
-0.3581158220767975 -11.879104614257812 1.6668461561203003
-0.12151779234409332 -12.119207382202148 1.6998504400253296
0.16253480315208435 -16.116926193237305 2.260575294494629
0.4937722980976105 -16.347009658813477 2.2937750816345215
0.8505239486694336 -16.891984939575195 2.372166633605957
1.197131872177124 -16.971927642822266 2.386291980743408
1.547943353652954 -17.051801681518555 2.401413917541504
1.908016562461853 -17.174457550048828 2.4236021041870117
2.310122489929199 -17.56694221496582 2.4850430488586426
2.691418170928955 -17.70435905456543 2.511631965637207
9.191790580749512 -26.67280387878418 3.9568676948547363
9.92065715789795 -27.01167869567871 4.035924911499023
10.16038990020752 -26.034257888793945 3.919626235961914
10.453778266906738 -25.273221969604492 3.8359274864196777
11.011032104492188 -25.17472267150879 3.8538150787353516
34.25614929199219 -74.21832275390625 11.464701652526855
34.25954055786133 -70.46581268310547 10.989261627197266
32.856903076171875 -64.26142883300781 10.122705459594727
32.81330490112305 -61.11201858520508 9.728599548339844
33.795780181884766 -60.01386642456055 9.660033226013184
35.37699890136719 -59.96828079223633 9.765256881713867
36.9936637878418 -59.92147445678711 9.876810073852539
38.66007614135742 -59.89176559448242 9.998066902160645
40.3733024597168 -59.86825942993164 10.127657890319824
43.11713790893555 -61.24310302734375 10.504815101623535
44.981109619140625 -61.23644256591797 10.656704902648926
46.89205551147461 -61.218421936035156 10.815523147583008
48.86161804199219 -61.19978332519531 10.983649253845215
50.89407730102539 -61.18048095703125 11.16164493560791
52.688236236572266 -60.80717086791992 11.284605979919434
53.715850830078125 -59.53078842163086 11.245964050292969
55.967159271240234 -59.57211685180664 11.464118957519531
58.311981201171875 -59.61869812011719 11.696423530578613
24.860876083374023 -18.340036392211914 4.3329572677612305
25.54421615600586 -18.062307357788086 4.387845516204834
26.164793014526367 -17.72278594970703 4.432316780090332
64.10889434814453 -32.944732666015625 10.109280586242676
71.45130157470703 -33.156673431396484 11.047739028930664
24.943029403686523 -10.970596313476562 3.821777820587158
24.94796371459961 -10.379148483276367 3.789781093597412
24.95472526550293 -9.798027038574219 3.7601094245910645
25.261917114257812 -9.336780548095703 3.777334690093994
25.623537063598633 -8.888952255249023 3.803903102874756
6.506293296813965 -2.111470937728882 0.9593825340270996
6.595865249633789 -1.9948465824127197 0.9664782285690308
6.626743793487549 -1.8595844507217407 0.9653270244598389
6.864480495452881 -1.7781870365142822 0.9945472478866577
7.094017505645752 -1.6861732006072998 1.0226824283599854
24.998889923095703 -5.413247585296631 3.5874500274658203
24.801685333251953 -4.850546836853027 3.544431209564209
24.515172958374023 -4.284567356109619 3.490464210510254
24.35809898376465 -3.753974437713623 3.4566502571105957
24.228713989257812 -3.236668109893799 3.4283576011657715
24.19826316833496 -2.738511800765991 3.4155635833740234
24.23838233947754 -2.2503910064697266 3.414146900177002
24.2174129486084 -1.7580454349517822 3.4055233001708984
24.196760177612305 -1.2680058479309082 3.398343563079834
7.582155704498291 -0.24456770718097687 1.063979148864746
23.776912689208984 -0.2885102927684784 3.335048198699951
24.559471130371094 0.1959467977285385 3.444669246673584
26.868091583251953 0.7549076676368713 3.7698397636413574
30.04327964782715 1.449240803718567 4.218583583831787
30.67060661315918 2.0984420776367188 4.311726093292236
31.2097225189209 4.677241802215576 4.4261651039123535
26.50216293334961 4.518438816070557 3.7706665992736816
25.079172134399414 4.79671573638916 3.5812082290649414
24.9705867767334 5.2985992431640625 3.580197334289551
24.91114616394043 5.811850547790527 3.587709903717041
24.347183227539062 6.199094772338867 3.5237326622009277
24.34916877746582 6.723790168762207 3.542877674102783
24.442760467529297 7.2817301750183105 3.5770821571350098
86.27978515625 48.34780502319336 13.871454238891602
82.7184066772461 48.56333541870117 13.453202247619629
75.4119644165039 46.337806701660156 12.41397762298584
72.53089141845703 46.60237503051758 12.091560363769531
72.56140899658203 48.71100616455078 12.257509231567383
70.1272201538086 49.15116500854492 12.010887145996094
67.35094451904297 49.254364013671875 11.702699661254883
64.8016128540039 49.420413970947266 11.43014907836914
62.288909912109375 49.51662063598633 11.160364151000977
59.871463775634766 49.592063903808594 10.903741836547852
57.59657287597656 49.694236755371094 10.669325828552246
55.47705078125 49.84641647338867 10.460308074951172
53.6701774597168 50.209896087646484 10.30795669555664
51.48526382446289 50.1450080871582 10.079997062683105
49.538330078125 50.229217529296875 9.894623756408691
47.58650588989258 50.23176193237305 9.704614639282227
45.707847595214844 50.23466110229492 9.525628089904785
43.896942138671875 50.23789978027344 9.356925964355469
42.78351974487305 50.998191833496094 9.336359024047852
42.64634704589844 52.96226501464844 9.536962509155273
42.11616134643555 54.5126838684082 9.661648750305176
42.29969787597656 57.08728790283203 9.965147018432617
42.73678207397461 60.17018508911133 10.351151466369629
42.176822662353516 61.9854850769043 10.515373229980469
42.296470642089844 64.93156433105469 10.868619918823242
40.44179916381836 64.90181732177734 10.725321769714355
39.59086990356445 66.4784927368164 10.852073669433594
39.767303466796875 69.93666076660156 11.283742904663086
44.22826385498047 81.5565185546875 13.012353897094727
44.300148010253906 85.7609634399414 13.538283348083496
4.2458624839782715 10.145286560058594 1.5424994230270386
3.9655327796936035 10.037651062011719 1.5137017965316772
3.6964635848999023 9.936835289001465 1.4869853258132935
3.5032434463500977 10.030234336853027 1.490116000175476
3.3279833793640137 10.181743621826172 1.5023759603500366
3.148916006088257 10.333118438720703 1.5150598287582397
2.9690699577331543 10.495407104492188 1.5297893285751343
2.7877283096313477 10.669045448303223 1.5466119050979614
2.6021528244018555 10.846071243286133 1.5643707513809204
2.4071717262268066 11.004395484924316 1.5799046754837036
2.204284191131592 11.1461181640625 1.5935624837875366
1.9998213052749634 11.301993370056152 1.6097716093063354
1.7853472232818604 11.424453735351562 1.6217716932296753
1.5971873998641968 11.767109870910645 1.6655157804489136
1.4039181470870972 12.175755500793457 1.7190111875534058
1.1849905252456665 12.47753620147705 1.757896065711975
2.1546599864959717 28.838945388793945 4.056046009063721
1.5722472667694092 28.839494705200195 4.0508551597595215
0.9910924434661865 28.840091705322266 4.047320365905762
0.41069135069847107 28.838409423828125 4.045105457305908
-0.07228271663188934 12.311141014099121 1.7267144918441772
-0.3143685758113861 12.096647262573242 1.6971734762191772
-0.5544302463531494 12.019733428955078 1.6876062154769897
-0.791862964630127 11.943294525146484 1.678770661354065
-0.9890360832214355 11.429692268371582 1.6090484857559204
-1.224751591682434 11.464312553405762 1.6170622110366821
-1.4628665447235107 11.498777389526367 1.6257456541061401
-1.7004367113113403 11.511908531188965 1.6321080923080444
-1.937144160270691 11.50831413269043 1.6367918252944946
-2.1717090606689453 11.485696792602539 1.6394554376602173
-2.4040703773498535 11.448344230651855 1.6406937837600708
-2.636737108230591 11.410370826721191 1.642520785331726
-2.869887351989746 11.371745109558105 1.6449376344680786
-3.2072269916534424 11.710590362548828 1.7029393911361694
-3.486130714416504 11.79273509979248 1.724732518196106
-3.769747734069824 11.868762969970703 1.746588110923767
-4.058648109436035 11.940534591674805 1.7688060998916626
-4.285254001617432 11.821465492248535 1.76357901096344
-4.441558837890625 11.52387809753418 1.7321611642837524
-4.592385768890381 11.23644733428955 1.7024980783462524
-4.783880233764648 11.064241409301758 1.6906439065933228
-4.978518009185791 10.906882286071777 1.681559443473816
-5.1707353591918945 10.750250816345215 1.6731077432632446
-5.360657691955566 10.59426212310791 1.6652752161026
-5.5166707038879395 10.379047393798828 1.6485539674758911
-5.709386825561523 10.239313125610352 1.6442662477493286
-5.915329456329346 10.124434471130371 1.644593358039856
-6.121144771575928 10.009011268615723 1.6455107927322388
-6.332042217254639 9.900856971740723 1.6483360528945923
-6.557032108306885 9.812172889709473 1.655194640159607
-6.783924102783203 9.722599983215332 1.6627649068832397
-7.131823539733887 9.795389175415039 1.699402928352356
-7.568402290344238 9.967412948608398 1.755303978919983
-11.655373573303223 14.725357055664062 2.6339502334594727
-12.141404151916504 14.72109317779541 2.6763291358947754
-12.638989448547363 14.711410522460938 2.7202353477478027
-13.153399467468262 14.701398849487305 2.7667465209960938
-13.685908317565918 14.691033363342285 2.8160314559936523
-14.237985610961914 14.680289268493652 2.868288516998291
-14.812233924865723 14.670205116271973 2.9239373207092285
-15.409690856933594 14.659932136535645 2.983063220977783
-16.032068252563477 14.6492338180542 3.0458898544311523
-16.676071166992188 14.633323669433594 3.1116929054260254
-17.395633697509766 14.656142234802246 3.190305709838867
-18.121423721313477 14.654803276062012 3.2686944007873535
-18.873891830444336 14.64547061920166 3.3506078720092773
-19.688871383666992 14.653133392333984 3.4422693252563477
-20.494108200073242 14.621320724487305 3.5309195518493652
-21.33177947998047 14.580650329589844 3.6239800453186035
-21.407564163208008 14.00922679901123 3.588254928588867
-21.573774337768555 13.506292343139648 3.569859027862549
-22.258329391479492 13.31944465637207 3.6380715370178223
-25.65229034423828 14.657999038696289 4.143773555755615
-26.85690689086914 14.637869834899902 4.289935111999512
-28.15697479248047 14.619831085205078 4.4497294425964355
-29.65265655517578 14.647031784057617 4.638600826263428
-31.156076431274414 14.617714881896973 4.826807022094727
-32.949241638183594 14.657973289489746 5.057913303375244
-35.19247817993164 14.815484046936035 5.355434417724609
-39.36201477050781 15.646520614624023 5.940841197967529
-41.99357986450195 15.72226619720459 6.2890167236328125
-73.14263153076172 25.719449996948242 10.874268531799316
-16.86457061767578 5.1781744956970215 2.4743051528930664
-5.67207145690918 0.3212081789970398 0.7968041896820068
-5.441417217254639 0.19848036766052246 0.7636877298355103
-5.381259441375732 0.08797622472047806 0.7548431158065796
-5.40142297744751 -0.02033035270869732 0.7575756311416626
-5.421810150146484 -0.1294700652360916 0.7606463432312012
-5.442442417144775 -0.23955123126506805 0.7640624046325684
-5.449404716491699 -0.3497755229473114 0.7658727169036865
-5.444562911987305 -0.45956891775131226 0.7663359642028809
-5.545670032501221 -0.5806391835212708 0.7820525169372559
-5.823619842529297 -0.7284098863601685 0.8231499195098877
-10.505668640136719 -1.9634854793548584 1.4989732503890991
-10.103754997253418 -2.0994956493377686 1.447360873222351
-9.948098182678223 -2.276765823364258 1.4313336610794067
-9.79539966583252 -2.450119972229004 1.41616690158844
-9.762619018554688 -2.6516337394714355 1.41885244846344
-9.85795783996582 -2.8916075229644775 1.440869688987732
-51.71842956542969 -44.24369430541992 9.545809745788574
-6.831026554107666 -6.085872173309326 1.2831555604934692
-6.513339519500732 -6.0421366691589355 1.2460588216781616
-6.140186309814453 -5.930130481719971 1.1972471475601196
-5.794580936431885 -5.826074600219727 1.1524766683578491
-5.473354816436768 -5.729053020477295 1.1112816333770752
-5.173797130584717 -5.638281345367432 1.0732702016830444
-4.890809535980225 -5.54991340637207 1.0375139713287354
-4.652015209197998 -5.497997760772705 1.0101128816604614
-4.473393440246582 -5.507796287536621 0.995180606842041
-4.299713611602783 -5.517080783843994 0.9810326099395752
-4.1121439933776855 -5.5010905265808105 0.9632866382598877
-3.951669216156006 -5.514272212982178 0.9514843225479126
-3.7949204444885254 -5.52701997756958 0.9403215646743774
-3.64167857170105 -5.539355754852295 0.9297710657119751
-3.4878172874450684 -5.545123100280762 0.918778657913208
-3.3706483840942383 -5.605903625488281 0.9174298048019409
-3.2584264278411865 -5.6746439933776855 0.9177672863006592
-3.140922784805298 -5.734039783477783 0.9169707298278809
-3.021312713623047 -5.789021015167236 0.9158599376678467
-2.9019432067871094 -5.843887805938721 0.9151208400726318
-2.782709836959839 -5.898688793182373 0.9147515296936035
-2.8133554458618164 -6.288349628448486 0.9662090539932251
-2.848369836807251 -6.726308822631836 1.024487853050232
-4.447551250457764 -11.120356559753418 1.6797882318496704
-4.3196282386779785 -11.463953971862793 1.7182177305221558
-4.031185626983643 -11.38740062713623 1.6942485570907593
-3.695948839187622 -11.148177146911621 1.6472631692886353
-3.460092067718506 -11.18496036529541 1.6420818567276
-3.254971742630005 -11.323667526245117 1.6524993181228638
-3.02290940284729 -11.372957229614258 1.6504851579666138
-2.7850725650787354 -11.396599769592285 1.6454545259475708
-2.54850172996521 -11.419708251953125 1.6410576105117798
-2.3131446838378906 -11.44301700592041 1.6373895406723022
-2.0788116455078125 -11.466546058654785 1.634442687034607
-1.8451565504074097 -11.4895601272583 1.6321030855178833
-1.6120171546936035 -11.512076377868652 1.6303654909133911
-1.376166582107544 -11.508659362792969 1.6256333589553833
-1.14854097366333 -11.575212478637695 1.631440281867981
-0.9194884300231934 -11.646014213562012 1.63848078250885
-0.6893437504768372 -11.734400749206543 1.6486314535140991
-0.4566900432109833 -11.836047172546387 1.661286473274231
-0.22035643458366394 -11.939273834228516 1.6748143434524536
0.02090316265821457 -12.617485046386719 1.7696527242660522
0.3537330627441406 -16.24785041809082 2.2793631553649902
0.6912649273872375 -16.49624252319336 2.3156919479370117
1.051375389099121 -16.938434600830078 2.380251884460449
1.4003853797912598 -17.01833152770996 2.3949527740478516
1.7537752389907837 -17.09819221496582 2.4106674194335938
2.1391680240631104 -17.40021514892578 2.4588193893432617
2.5333993434906006 -17.665740966796875 2.503035068511963
8.882311820983887 -26.497753143310547 3.9196524620056152
9.631937026977539 -26.924606323242188 4.010643482208252
10.076287269592285 -26.475481033325195 3.9731273651123047
10.266073226928711 -25.424013137817383 3.8455452919006348
10.744972229003906 -25.14153480529785 3.8347325325012207
12.401437759399414 -27.47484016418457 4.227815628051758
34.26896286010742 -72.02269744873047 11.186616897583008
34.24702453613281 -68.39643859863281 10.728203773498535
32.831153869628906 -62.40163040161133 9.889486312866211
33.13031005859375 -60.00947570800781 9.614034652709961
34.7101936340332 -59.98752212524414 9.72040843963623
36.311668395996094 -59.94124221801758 9.829269409179688
37.95492172241211 -59.90150833129883 9.945929527282715
39.649906158447266 -59.87815856933594 10.07243824005127
41.38936233520508 -59.854427337646484 10.206421852111816
44.19671630859375 -61.24381637573242 10.592785835266113
46.08429718017578 -61.22604751586914 10.747864723205566
48.02882385253906 -61.20767593383789 10.91202163696289
50.03432846069336 -61.188655853271484 11.085803985595703
52.105533599853516 -61.1689453125 11.269831657409668
53.08304214477539 -59.83592987060547 11.218681335449219
55.016624450683594 -59.558349609375 11.37182903289795
57.29741668701172 -59.57769775390625 11.593225479125977
59.86008834838867 -59.78791427612305 11.866069793701172
24.630891799926758 -18.492958068847656 4.319886684417725
25.23906898498535 -18.167572021484375 4.361580848693848
25.906421661376953 -17.868167877197266 4.413907527923584
65.13053894042969 -32.51361083984375 10.209784507751465
70.28253173828125 -33.337059020996094 10.910079956054688
25.0789852142334 -11.283595085144043 3.857043743133545
24.945667266845703 -10.625703811645508 3.8029017448425293
37.88379669189453 49.89821243286133 7.173790454864502
26.46303367614746 36.350826263427734 5.148538589477539
36.012325286865234 51.61874008178711 7.2069478034973145
35.4880485534668 53.11231994628906 7.314342021942139
41.7464714050293 65.28380584716797 8.873096466064453
40.31907653808594 65.9366226196289 8.84981918334961
39.865875244140625 68.24208068847656 9.049788475036621
40.18760681152344 72.08306121826172 9.450045585632324
40.248538970947266 75.73426055908203 9.820596694946289
38.3802375793457 75.8619613647461 9.735082626342773
36.60629653930664 76.11811065673828 9.67151165008545
34.66339874267578 75.95204162597656 9.559887886047363
33.58377456665039 77.68574523925781 9.691116333007812
33.90317916870117 82.96682739257812 10.262776374816895
4.126706123352051 10.708871841430664 1.3141266107559204
3.9104042053222656 10.789388656616211 1.3140891790390015
3.6937384605407715 10.869088172912598 1.3144811391830444
3.47658634185791 10.948017120361328 1.3153032064437866
3.258824586868286 11.026214599609375 1.31655752658844
3.0403168201446533 11.103730201721191 1.3182445764541626
2.8209424018859863 11.180603981018066 1.3203660249710083
2.5993189811706543 11.251465797424316 1.3222943544387817
2.3834896087646484 11.353694915771484 1.3284050226211548
2.1641321182250977 11.449320793151855 1.3342307806015015
1.9426978826522827 11.54550552368164 1.3406144380569458
1.7321887016296387 11.731656074523926 1.3579095602035522
1.5442430973052979 12.144190788269043 1.4017802476882935
1.343624472618103 12.58406925201416 1.4491411447525024
1.577566146850586 18.243667602539062 2.0968050956726074
1.214274287223816 18.33073616027832 2.103579044342041
0.2471671998500824 5.365352153778076 0.6150164604187012
0.13857558369636536 5.344445705413818 0.6121770143508911
0.03094054013490677 5.323874473571777 0.6096258163452148
-0.07584396749734879 5.303616046905518 0.6073583364486694
-0.18432143330574036 5.354336261749268 0.613466739654541
-0.663637101650238 12.159729957580566 1.3944340944290161
-0.9029161930084229 12.075480461120605 1.3865753412246704
-1.136914610862732 11.963762283325195 1.3760942220687866
-1.3662075996398926 11.842543601989746 1.3650366067886353
-1.6050084829330444 11.819488525390625 1.3658238649368286
-1.8416491746902466 11.780166625976562 1.3652843236923218
-2.078129529953003 11.740476608276367 1.3652526140213013
-2.3146133422851562 11.700395584106445 1.3657292127609253
-2.551281213760376 11.65988826751709 1.3667150735855103
-2.788297653198242 11.618927955627441 1.3682104349136353
-3.0817744731903076 11.791560173034668 1.3955565690994263
-3.352616786956787 11.848546028137207 1.4099961519241333
-3.634462356567383 11.923895835876465 1.427374243736267
-3.9234232902526855 12.001054763793945 1.4457646608352661
-4.21777868270874 12.073745727539062 1.4644464254379272
-4.436258792877197 11.923406600952148 1.4567400217056274
-4.643446445465088 11.751566886901855 1.4468632936477661
-4.847618579864502 11.581238746643066 1.4376074075698853
-5.048956871032715 11.412287712097168 1.4289518594741821
-5.247633934020996 11.244585990905762 1.4208825826644897
-5.443821430206299 11.078006744384766 1.4133836030960083
-5.637675762176514 10.912431716918945 1.4064427614212036
-5.81164026260376 10.71509838104248 1.3957921266555786
-5.961508750915527 10.482746124267578 1.3808666467666626
-6.089717864990234 10.224090576171875 1.3626538515090942
-6.260428428649902 10.045537948608398 1.3553649187088013
-6.467168807983398 9.926807403564453 1.356622338294983
-6.674391746520996 9.807820320129395 1.3584331274032593
-7.077477931976318 9.963301658630371 1.3994024991989136
-7.524495601654053 10.153733253479004 1.4471148252487183
-11.378003120422363 14.725211143493652 2.1308298110961914
-11.859762191772461 14.726786613464355 2.1651382446289062
-12.348145484924316 14.717287063598633 2.1998119354248047
-12.852652549743652 14.70747184753418 2.23653507232666
-13.37448501586914 14.697319030761719 2.2754392623901367
-13.915033340454102 14.686802864074707 2.3166751861572266
-14.47578239440918 14.67592716217041 2.3604092597961426
-15.059657096862793 14.665886878967285 2.407026767730713
-15.664987564086914 14.653282165527344 2.456174373626709
-16.294422149658203 14.638869285583496 2.5081896781921387
-16.99506187438965 14.66154956817627 2.5701255798339844
-17.697471618652344 14.657204627990723 2.6312308311462402
-18.445444107055664 14.661426544189453 2.6980481147766113
-19.237382888793945 14.66943359375 2.7701663970947266
-20.067888259887695 14.6740083694458 2.8466763496398926
-20.901823043823242 14.647933959960938 2.922590732574463
-21.908187866210938 14.705254554748535 3.021336078643799
-22.342710494995117 14.353717803955078 3.040830612182617
-22.60033416748047 13.885208129882812 3.0372672080993652
-22.680011749267578 13.31346321105957 3.0113792419433594
-26.139249801635742 14.645387649536133 3.430877685546875
-27.34572982788086 14.606698989868164 3.5499534606933594
-28.77218246459961 14.632710456848145 3.6961731910705566
-30.321889877319336 14.660968780517578 3.8565926551818848
-31.861223220825195 14.622183799743652 4.014159679412842
-33.88282012939453 14.732454299926758 4.23067569732666
-36.030662536621094 14.812073707580566 4.460747241973877
-38.1821174621582 14.806093215942383 4.689287185668945
-41.343631744384766 15.082830429077148 5.039288520812988
-43.75602722167969 14.972946166992188 5.2955474853515625
-47.43323516845703 15.172712326049805 5.702491283416748
-53.63039779663086 15.973546981811523 6.407602310180664
-40.14336013793945 5.190574645996094 4.6349196434021
-5.7925615310668945 0.395973801612854 0.6648309230804443
-5.551909446716309 0.26748520135879517 0.6364648342132568
-5.339266300201416 0.1496998518705368 0.611619234085083
-5.359093189239502 0.042440030723810196 0.6136682033538818
-5.379117965698242 -0.06558792293071747 0.6159875392913818
-5.399357795715332 -0.1744818091392517 0.6185815334320068
-5.419833660125732 -0.2843441665172577 0.6214568614959717
-5.437805652618408 -0.39507856965065 0.624302864074707
-5.432971000671387 -0.5047453045845032 0.6247869729995728
-5.631199359893799 -0.6376206874847412 0.6489263772964478
-5.918567657470703 -0.7910056710243225 0.6837371587753296
-10.482914924621582 -2.05082631111145 1.2231107950210571
-10.228090286254883 -2.2154219150543213 1.1983360052108765
-10.068703651428223 -2.393852949142456 1.1850639581680298
-9.93396282196045 -2.5739359855651855 1.175061583518982
-10.028125762939453 -2.8147125244140625 1.19265615940094
-6.601346015930176 -6.228107929229736 1.0392143726348877
-6.216733932495117 -6.106161594390869 0.9978002309799194
-5.861083984375 -5.993131160736084 0.9598711729049683
-5.531004428863525 -5.887969017028809 0.925023078918457
-5.1363396644592285 -5.693048000335693 0.8779913187026978
-4.807953357696533 -5.549496173858643 0.8407683372497559
-4.571087837219238 -5.495627403259277 0.8185118436813354
-4.4258646965026855 -5.544130802154541 0.8123120069503784
-4.232725620269775 -5.526573181152344 0.797105073928833
-4.073520660400391 -5.546296119689941 0.7879729270935059
-3.9178600311279297 -5.565587043762207 0.7793591022491455
-3.7655112743377686 -5.584473609924316 0.7712420225143433
-3.613959550857544 -5.599431037902832 0.7631151676177979
-3.4634451866149902 -5.610753536224365 0.7550109624862671
-3.331216335296631 -5.647566795349121 0.7507964372634888
-3.211252212524414 -5.703258991241455 0.7494616508483887
-3.091425895690918 -5.758340358734131 0.7483769655227661
-2.9719014167785645 -5.813278675079346 0.7475975751876831
-2.85257625579834 -5.868123531341553 0.7471202611923218
-2.733348846435547 -5.922919750213623 0.7469457387924194
-2.733039617538452 -6.249605655670166 0.7810540199279785
-4.942471027374268 -13.459672927856445 1.6418377161026
-4.44838809967041 -12.910825729370117 1.5636571645736694
-4.185472011566162 -12.990312576293945 1.5627714395523071
-3.8250365257263184 -12.744146347045898 1.523593783378601
-3.2726457118988037 -11.757461547851562 1.3974803686141968
-3.0050926208496094 -11.702349662780762 1.383466124534607
-2.754610061645508 -11.698638916015625 1.3761979341506958
-2.508236885070801 -11.702420234680176 1.3704301118850708
-2.2637505531311035 -11.705836296081543 1.3652220964431763
-2.020970344543457 -11.708892822265625 1.3605633974075317
-1.779694676399231 -11.711593627929688 1.3564435243606567
-1.5121963024139404 -11.504473686218262 1.3286627531051636
-1.293535590171814 -11.649699211120605 1.3421574831008911
-1.0626381635665894 -11.713441848754883 1.346767544746399
-0.8302482962608337 -11.780384063720703 1.352270483970642
-0.5958480834960938 -11.84791088104248 1.358371615409851
-0.3592335283756256 -11.916082382202148 1.365082859992981
-0.1207139641046524 -12.038928985595703 1.378599762916565
0.18547117710113525 -18.391117095947266 2.10599946975708
0.5420968532562256 -17.946815490722656 2.055954933166504
0.8847402334213257 -17.57147979736328 2.0145883560180664
1.2407317161560059 -17.590070724487305 2.0191726684570312
1.598326325416565 -17.606821060180664 2.0243759155273438
1.9590147733688354 -17.633508682250977 2.031564712524414
2.3348629474639893 -17.755096435546875 2.0505685806274414
2.708163261413574 -17.81450653076172 2.0633039474487305
8.500160217285156 -28.314504623413086 3.3851261138916016
8.588886260986328 -26.65163230895996 3.2063279151916504
8.941021919250488 -25.94512176513672 3.1423325538635254
9.373980522155762 -25.523195266723633 3.113436222076416
9.513749122619629 -24.377355575561523 2.9963979721069336
10.302672386169434 -24.907909393310547 3.086459159851074
10.843521118164062 -24.791732788085938 3.098464012145996
11.383977890014648 -24.66417121887207 3.11051082611084
11.981382369995117 -24.64359474182129 3.137673854827881
32.85326385498047 -64.25431823730469 8.263459205627441
32.809810638427734 -61.1054801940918 7.9417643547058105
33.53993606567383 -59.55952072143555 7.826937198638916
35.0842170715332 -59.47195816040039 7.906567096710205
36.709197998046875 -59.46071243286133 8.001618385314941
38.39931869506836 -59.48782730102539 8.107563972473145
40.14202117919922 -59.52530288696289 8.221051216125488
41.90220642089844 -59.51746368408203 8.334687232971191
43.69737243652344 -59.488792419433594 8.452044486999512
45.584259033203125 -59.51106643676758 8.583742141723633
47.6001091003418 -59.61968994140625 8.735747337341309
49.580936431884766 -59.60192108154297 8.877470016479492
51.758087158203125 -59.73367691040039 9.05032730102539
53.67747497558594 -59.48826599121094 9.174871444702148
55.92326354980469 -59.525394439697266 9.352185249328613
58.257320404052734 -59.56280517578125 9.540236473083496
60.74159622192383 -59.65418243408203 9.748595237731934
63.26473617553711 -59.68070602416992 9.958868980407715
30.240877151489258 -27.399518966674805 4.67269229888916
30.633167266845703 -26.6530704498291 4.649529933929443
30.98872184753418 -25.886093139648438 4.623533725738525
24.06782341003418 -19.296478271484375 3.5323100090026855
24.352521896362305 -18.732805252075195 3.5180797576904297
24.88923454284668 -18.360958099365234 3.5415468215942383
25.146263122558594 -17.780914306640625 3.5265159606933594
25.40144920349121 -17.205726623535156 3.513059139251709
25.77278709411621 -16.71117401123047 3.5172157287597656
30.04048728942871 -18.63115882873535 4.047669887542725
30.480369567871094 -18.065519332885742 4.057158470153809
31.090024948120117 -17.591794967651367 4.090382099151611
24.873849868774414 -12.156377792358398 3.1701536178588867
24.43182373046875 -11.337482452392578 3.0841293334960938
24.46432113647461 -10.76004695892334 3.0602917671203613
24.72845458984375 -10.287829399108887 3.0668277740478516
24.993545532226562 -9.81326961517334 3.0746030807495117
24.810163497924805 -9.16981029510498 3.0287418365478516
25.051177978515625 -8.69039535522461 3.0362114906311035
6.484640598297119 -2.1044440269470215 0.7806522846221924
6.577120304107666 -1.9891777038574219 0.7868096828460693
6.638500213623047 -1.8628830909729004 0.7895101308822632
6.844148635864258 -1.77292001247406 0.8095629215240479
7.066747188568115 -1.6796919107437134 0.8317288160324097
7.242733001708984 -1.5683375597000122 0.8485568761825562
25.52556037902832 -4.992117404937744 2.978201389312744
25.054140090942383 -4.3787641525268555 2.912334442138672
24.930267333984375 -3.842153310775757 2.8883676528930664
24.632373809814453 -3.290592670440674 2.8456106185913086
24.2362060546875 -2.742805004119873 2.7929062843322754
23.854053497314453 -2.214709520339966 2.7431788444519043
23.83431625366211 -1.7302354574203491 2.7363529205322266
23.958297729492188 -1.2555103302001953 2.7471323013305664
7.491983413696289 -0.24165908992290497 0.8583228588104248
24.1916446685791 -0.2935423254966736 2.7702927589416504
24.23580551147461 0.19336441159248352 2.7752323150634766
25.094465255737305 0.7050746083259583 2.874600887298584
25.42039680480957 1.226240634918213 2.9141721725463867
25.755783081054688 1.7621760368347168 2.956085681915283
36.57912826538086 3.242924451828003 4.204956531524658
36.58588790893555 3.9865148067474365 4.2140984535217285
32.24580001831055 4.171351432800293 3.723102569580078
31.49382209777832 4.719818115234375 3.646503448486328
26.032957077026367 4.438441276550293 3.0239439010620117
25.143312454223633 4.808981895446777 2.931246280670166
24.62232780456543 5.2246994972229 2.8821778297424316
24.49543571472168 5.714863300323486 2.880197525024414
24.39344596862793 6.210872650146484 2.8823142051696777
24.318099975585938 6.715210437774658 2.8887839317321777
24.48240089416504 7.293540954589844 2.925137996673584
24.729768753051758 7.91205358505249 2.9731054306030273
24.985109329223633 8.551337242126465 3.0238699913024902
31.621530532836914 13.001680374145508 3.914973735809326
31.278078079223633 13.60209846496582 3.9055352210998535
30.842796325683594 14.157000541687012 3.8859524726867676
30.380739212036133 14.691645622253418 3.864187717437744
27.307828903198242 13.890007019042969 3.5081653594970703
26.32274627685547 14.062288284301758 3.4172587394714355
25.84247398376465 14.481106758117676 3.3920369148254395
25.426218032836914 14.927542686462402 3.3761277198791504
25.356075286865234 15.58034896850586 3.4077367782592773
25.397884368896484 16.31859588623047 3.456768035888672
30.96628761291504 20.78789520263672 4.2707014083862305
30.629884719848633 21.468036651611328 4.282991886138916
30.046117782592773 21.973005294799805 4.262301445007324
29.591489791870117 22.567712783813477 4.261343002319336
29.478818893432617 23.43421173095703 4.312126636505127
30.12220573425293 24.950483322143555 4.478741645812988
26.88140296936035 23.193233489990234 4.065423965454102
25.68922233581543 23.08190155029297 3.9545373916625977
26.177961349487305 24.490192413330078 4.104773044586182
51.516178131103516 50.17510986328125 8.234454154968262
49.32878875732422 50.01673126220703 8.04399585723877
47.423988342285156 50.060203552246094 7.895980358123779
45.62345886230469 50.14191436767578 7.762552738189697
43.86336898803711 50.19947052001953 7.633335590362549
27.330171585083008 32.57771301269531 4.869191646575928
26.404386520385742 32.79145812988281 4.8207855224609375
40.84074783325195 52.86185836791992 7.649088382720947
36.96915817260742 49.89323806762695 7.1104912757873535
25.965965270996094 36.558128356933594 5.134580135345459
35.4853630065918 52.15131759643555 7.222928524017334
42.087493896484375 64.61075592041016 8.829523086547852
40.929683685302734 65.68479919433594 8.862008094787598
40.21779251098633 67.53118133544922 9.000146865844727
40.063209533691406 70.4570541381836 9.2808198928833
41.05972671508789 75.71377563476562 9.862467765808105
39.15180587768555 75.79424285888672 9.768392562866211
37.31998062133789 75.9564208984375 9.69058895111084
35.455467224121094 75.98539733886719 9.601358413696289
33.876922607421875 76.58515930175781 9.589103698730469
33.89112091064453 80.98123168945312 10.052144050598145
4.2172770500183105 10.674874305725098 1.3142694234848022
4.001094341278076 10.755745887756348 1.3140519857406616
3.7845966815948486 10.835783004760742 1.3142644166946411
3.56766414642334 10.915027618408203 1.3149060010910034
3.3501696586608887 10.99352741241455 1.3159795999526978
3.131993532180786 11.071324348449707 1.3174840211868286
2.912994384765625 11.148463249206543 1.319423794746399
2.6930575370788574 11.224979400634766 1.321801781654358
2.4748454093933105 11.313765525817871 1.3261266946792603
2.2563085556030273 11.409180641174316 1.3317216634750366
2.0357666015625 11.505122184753418 1.3378697633743286
1.8130382299423218 11.601664543151855 1.344584345817566
1.6244738101959229 11.968140602111816 1.3829911947250366
1.4293385744094849 12.396188735961914 1.4288426637649536
1.2156606912612915 12.800474166870117 1.4723259210586548
1.3668127059936523 18.294069290161133 2.1006197929382324
1.0021334886550903 18.381986618041992 2.107973098754883
0.1839616298675537 5.353165149688721 0.6133311986923218
0.07594039291143417 5.332456588745117 0.6106603145599365
-0.031189121305942535 5.312069416046143 0.6082744598388672
-0.13843856751918793 5.326968669891357 0.6101763248443604
-0.5623978972434998 12.19244384765625 1.3975921869277954
-0.8032176494598389 12.114534378051758 1.3902331590652466
-1.0392847061157227 12.010404586791992 1.380402684211731
-1.2712470293045044 11.899511337280273 1.3703185319900513
-1.5056910514831543 11.835390090942383 1.3661466836929321
-1.742503046989441 11.7966890335083 1.365449070930481
-1.9790315628051758 11.757156372070312 1.3652044534683228
-2.2154929637908936 11.717243194580078 1.365468144416809
-2.452069044113159 11.67691707611084 1.3662396669387817
-2.688912868499756 11.636151313781738 1.3675206899642944
-2.951740026473999 11.696081161499023 1.3812638521194458
-3.2426586151123047 11.839963912963867 1.405673861503601
-3.5155060291290283 11.892105102539062 1.4199713468551636
-3.801422595977783 11.968489646911621 1.437930941581726
-4.094752788543701 12.046754837036133 1.4569348096847534
-4.346901893615723 11.991533279418945 1.4605351686477661
-4.556994915008545 11.82339096069336 1.450926423072815
-4.762404918670654 11.652448654174805 1.441412329673767
-4.964912414550781 11.482933044433594 1.4325066804885864
-5.164680004119873 11.314725875854492 1.4241937398910522
-5.361897945404053 11.147686958312988 1.4164575338363647
-5.55670690536499 10.981708526611328 1.409283995628357
-5.746110439300537 10.810714721679688 1.401889681816101
-5.901422500610352 10.583707809448242 1.3875633478164673
-6.036450386047363 10.331741333007812 1.370172142982483
-6.173882961273193 10.095246315002441 1.355002999305725
-6.3804779052734375 9.976591110229492 1.3560277223587036
-6.587474346160889 9.857726097106934 1.357606053352356
-6.898652076721191 9.8870267868042 1.380473017692566
-7.333520412445068 10.072416305541992 1.42666494846344
-11.17594051361084 14.718454360961914 2.116145133972168
-11.658650398254395 14.729494094848633 2.151012420654297
-12.14157485961914 14.72130298614502 2.185039520263672
-12.639174461364746 14.711624145507812 2.22088623046875
-13.153594017028809 14.701616287231445 2.258859157562256
-13.686114311218262 14.691256523132324 2.299098014831543
-14.23820686340332 14.680513381958008 2.341763973236084
-14.812170028686523 14.670144081115723 2.387150287628174
-15.409619331359863 14.659870147705078 2.435422420501709
-16.020601272583008 14.638754844665527 2.4849448204040527
-16.69725799560547 14.651912689208984 2.543674945831299
-17.40492057800293 14.66396427154541 2.606018543243408
-18.1256103515625 14.658183097839355 2.6692423820495605
-18.90038299560547 14.666030883789062 2.7393431663513184
-19.717266082763672 14.67426872253418 2.814389705657959
-20.549240112304688 14.660649299621582 2.8904662132263184
-21.50371551513672 14.69816780090332 2.9825358390808105
-22.300336837768555 14.593467712402344 3.05169677734375
-22.56597137451172 14.127455711364746 3.0485429763793945
-22.647008895874023 13.552027702331543 3.0220561027526855
-23.334609985351562 13.333658218383789 3.077406406402588
-26.79348373413086 14.603303909301758 3.494114875793457
-28.160289764404297 14.621553421020508 3.6332783699035645
-29.65630531311035 14.648832321166992 3.7875094413757324
-31.205007553100586 14.640674591064453 3.9469141960144043
-32.92161178588867 14.64567756652832 4.125916957855225
-35.20978927612305 14.822771072387695 4.374433517456055
-38.011749267578125 15.109786987304688 4.683837413787842
-38.89963912963867 14.563901901245117 4.756186008453369
-42.99528884887695 15.118610382080078 5.218721866607666
-46.96305847167969 15.459869384765625 5.661434173583984
-52.325016021728516 16.066120147705078 6.267597675323486
-57.87009048461914 16.502735137939453 6.890643119812012
-40.04401397705078 5.521288871765137 4.628659248352051
-5.650206089019775 0.3199700713157654 0.6480193138122559
-5.421308994293213 0.19774703681468964 0.6211845874786377
-5.350761413574219 0.08747772127389908 0.6127769947052002
-5.370700359344482 -0.020214689895510674 0.6149822473526001
-5.390847682952881 -0.1287309229373932 0.6174608469009399
-5.4112229347229 -0.23817703127861023 0.6202178001403809
-5.431844234466553 -0.34864822030067444 0.6232591867446899
-5.434996128082275 -0.45876142382621765 0.6245532035827637
-5.519277095794678 -0.5778751969337463 0.6354448795318604
-5.794454097747803 -0.7247614860534668 0.6686699390411377
-10.775965690612793 -2.014003038406372 1.2552789449691772
-10.294642448425293 -2.1391611099243164 1.2039788961410522
-10.135110855102539 -2.319566488265991 1.1905370950698853
-9.977555274963379 -2.49568247795105 1.1776880025863647
-9.988374710083008 -2.712952136993408 1.1851664781570435
-10.08395004272461 -2.957897186279297 1.2033220529556274
-51.776981353759766 -44.293792724609375 7.802215099334717
-6.772065162658691 -6.2821478843688965 1.0577178001403809
-6.374172210693359 -6.156113624572754 1.0147063732147217
-6.006839275360107 -6.039487361907959 0.9753698110580444
-5.666428089141846 -5.931146144866943 0.9392772912979126
-5.306089878082275 -5.78245210647583 0.8986443281173706
-4.924282550811768 -5.587896823883057 0.8528441190719604
-4.652041912078857 -5.498030185699463 0.8246800899505615
-4.486453533172607 -5.5238776206970215 0.8148577213287354
-4.342531681060791 -5.572022438049316 0.8089104890823364
-4.139797687530518 -5.538084506988525 0.7917351722717285
-3.9826841354370117 -5.557552814483643 0.7829083204269409
-3.8289661407470703 -5.576606750488281 0.7745848894119263
-3.6779863834381104 -5.594583034515381 0.766650915145874
-3.526139259338379 -5.606049537658691 0.758350133895874
-3.379321813583374 -5.620328903198242 0.7509355545043945
-3.261575222015381 -5.680126667022705 0.7500078678131104
-3.141601324081421 -5.735276222229004 0.7487938404083252
-3.0219638347625732 -5.790268421173096 0.7478874921798706
-2.9025678634643555 -5.845146179199219 0.7472826242446899
-2.7833075523376465 -5.899959087371826 0.7469823360443115
-2.6641013622283936 -5.954744815826416 0.7469829320907593
-2.8442695140838623 -6.716622829437256 0.8352092504501343
-5.170060157775879 -13.72094440460205 1.6789642572402954
-4.63100528717041 -13.081783294677734 1.5890337228775024
-4.326973915100098 -13.051515579223633 1.5744706392288208
-3.9739201068878174 -12.845952987670898 1.5397142171859741
-3.366945743560791 -11.713211059570312 1.3955436944961548
-3.1205828189849854 -11.740431785583496 1.391027808189392
-2.8584694862365723 -11.696943283081055 1.3787835836410522
-2.6112494468688965 -11.700881004333496 1.3727794885635376
-2.3659887313842773 -11.704447746276855 1.3673382997512817
-2.122523307800293 -11.70765495300293 1.3624497652053833
-1.8806413412094116 -11.710503578186035 1.3581053018569946
-1.6197830438613892 -11.567541122436523 1.3374754190444946
-1.3737033605575562 -11.488059997558594 1.324823021888733
-1.1594899892807007 -11.685544967651367 1.3446356058120728
-0.9278755187988281 -11.752260208129883 1.349892497062683
-0.6943486332893372 -11.819533348083496 1.3557409048080444
-0.4586738348007202 -11.887433052062988 1.362195372581482
-0.2206660509109497 -11.956008911132812 1.3692680597305298
0.02117873728275299 -12.784236907958984 1.4638737440109253
0.3947315812110901 -18.130998611450195 2.076599597930908
0.7415444254875183 -17.6961727142334 2.0280957221984863
1.0913522243499756 -17.582502365112305 2.017177104949951
1.4482531547546387 -17.60002326965332 2.0221195220947266
1.8068554401397705 -17.61570167541504 2.027686595916748
2.176502227783203 -17.703901290893555 2.042463779449463
2.5554118156433105 -17.819231033325195 2.061284065246582
8.495630264282227 -27.143815994262695 3.256809711456299
8.795162200927734 -26.23777198791504 3.1686840057373047
9.17928695678711 -25.6592960357666 3.1204910278320312
9.28225326538086 -24.389135360717773 2.988124370574951
10.109297752380371 -25.035751342773438 3.0916333198547363
10.59870433807373 -24.799293518066406 3.0881314277648926
11.158553123474121 -24.721277236938477 3.105741024017334
11.732712745666504 -24.65850067138672 3.126868724822998
12.665026664733887 -25.293949127197266 3.2390971183776855
32.82760238647461 -62.394901275634766 8.073101043701172
33.095191955566406 -59.94586181640625 7.840774059295654
34.364627838134766 -59.39030075073242 7.856926441192627
36.02592849731445 -59.46955490112305 7.961660861968994
37.67570114135742 -59.46085739135742 8.060318946838379
39.4165153503418 -59.52571487426758 8.174934387207031
41.1587028503418 -59.52086639404297 8.286286354064941
42.9471549987793 -59.51231384277344 8.403656005859375
44.78383255004883 -59.49827194213867 8.52715015411377
46.71187210083008 -59.52933883666992 8.664507865905762
48.742984771728516 -59.60944366455078 8.817081451416016
50.88511657714844 -59.73625183105469 8.985410690307617
52.989173889160156 -59.730106353759766 9.14295482635498
25.47739601135254 -27.580604553222656 4.299371242523193
57.268550872802734 -59.54767990112305 9.460165023803711
59.59062957763672 -59.51879119873047 9.644058227539062
62.17976760864258 -59.65568542480469 9.866884231567383
30.41942024230957 -28.03175926208496 4.73661994934082
30.48093605041504 -26.975370407104492 4.660770893096924
30.773784637451172 -26.150070190429688 4.624188423156738
24.174617767333984 -19.71913719177246 3.5722498893737793
24.187915802001953 -18.932796478271484 3.517228603363037
24.648025512695312 -18.50582504272461 3.5292935371398926
25.07575035095215 -18.050016403198242 3.537839412689209
25.24616813659668 -17.412776947021484 3.511758804321289
25.617000579833984 -16.918548583984375 3.5152926445007324
25.99227523803711 -16.425397872924805 3.5207419395446777
30.361059188842773 -18.34234046936035 4.06171178817749
30.656068801879883 -17.689002990722656 4.052760124206543
64.16987609863281 -32.034053802490234 8.212525367736816
24.614158630371094 -11.675214767456055 3.119457721710205
24.356765747070312 -10.958654403686523 3.0582828521728516
24.617660522460938 -10.48598861694336 3.0639395713806152
24.315120697021484 32.02639389038086 3.5750341415405273
25.631481170654297 35.20857238769531 3.871922016143799
35.71354293823242 51.19047164916992 5.54934549331665
35.12560272216797 52.569847106933594 5.621150970458984
36.73356246948242 57.44452667236328 6.062159538269043
39.7642936706543 65.02934265136719 6.776810169219971
39.425968170166016 67.48904418945312 6.949090480804443
27.496665954589844 49.31978988647461 5.020308971405029
2.7951178550720215 5.25947904586792 0.5295379161834717
2.68441104888916 5.305976867675781 0.5286767482757568
36.13432693481445 75.13672637939453 7.412539958953857
34.32953643798828 75.22048950195312 7.351198673248291
32.71993637084961 75.68754577636719 7.331042766571045
32.098880767822266 78.55136108398438 7.5443596839904785
32.035858154296875 83.13359832763672 7.920969486236572
4.0859246253967285 11.273673057556152 1.0661101341247559
3.859586238861084 11.357101440429688 1.0664422512054443
3.632786989212036 11.439895629882812 1.0671392679214478
3.4053869247436523 11.522101402282715 1.0682011842727661
3.177233934402466 11.60377311706543 1.0696319341659546
2.948193311691284 11.684951782226562 1.0714330673217773
2.7000951766967773 11.687688827514648 1.0664880275726318
2.4368510246276855 11.60788345336914 1.054520845413208
2.1981730461120605 11.629408836364746 1.0522459745407104
1.9734050035476685 11.727988243103027 1.0573601722717285
0.7955730557441711 5.388210296630859 0.4842449426651001
0.6823629140853882 5.366217613220215 0.48093748092651367
0.5706573128700256 5.344633102416992 0.4778783321380615
0.46032682061195374 5.323429584503174 0.47505736351013184
0.351256400346756 5.302582740783691 0.47247183322906494
0.24333009123802185 5.282069683074951 0.4701122045516968
0.13643494248390198 5.261865615844727 0.46797478199005127
0.0304647758603096 5.241949558258057 0.4660552740097046
-0.07468093931674957 5.222301006317139 0.4643474817276001
-0.1795426905155182 5.2155656814575195 0.4639763832092285
-0.28809434175491333 5.278719902038574 0.47001397609710693
-0.3995664715766907 5.343764305114746 0.47642576694488525
-1.1450644731521606 12.049555778503418 1.0761181116104126
-1.3646186590194702 11.828784942626953 1.0586388111114502
-1.607750415802002 11.83967399597168 1.062292456626892
-1.8526817560195923 11.850747108459473 1.0664141178131104
-2.099639415740967 11.862013816833496 1.0710119009017944
-2.348855972290039 11.873489379882812 1.0760961771011353
-2.5980050563812256 11.87342357635498 1.0806071758270264
-2.8474180698394775 11.86528205871582 1.0848596096038818
-3.1056318283081055 11.882840156555176 1.091955542564392
-3.3687236309051514 11.905460357666016 1.1000378131866455
-3.652139663696289 11.98188304901123 1.1136614084243774
-3.9392380714416504 12.049431800842285 1.1270763874053955
-4.228827476501465 12.105374336242676 1.1400353908538818
-4.534617900848389 12.187764167785645 1.156150460243225
-4.785943031311035 12.112199783325195 1.1578794717788696
-5.003039836883545 11.95255184173584 1.1520048379898071
-5.2178215980529785 11.793977737426758 1.146605134010315
-5.430464744567871 11.636357307434082 1.141668677330017
-5.638493061065674 11.474160194396973 1.136654019355774
-5.838257789611816 11.300678253173828 1.130872130393982
-6.035770416259766 11.128338813781738 1.1255462169647217
-6.19705867767334 10.896940231323242 1.114524483680725
-6.327037811279297 10.622528076171875 1.0992522239685059
-6.453202724456787 10.354870796203613 1.084766149520874
-6.598284721374512 10.12806224822998 1.074692964553833
-6.951286315917969 10.214710235595703 1.0985009670257568
-7.47678279876709 10.52542495727539 1.1478569507598877
-10.90219497680664 14.711679458618164 1.627975344657898
-11.379924774169922 14.727693557739258 1.6547430753707886
-11.859928131103516 14.726994514465332 1.6811267137527466
-12.348321914672852 14.717496871948242 1.708048701286316
-12.852848052978516 14.707685470581055 1.7365635633468628
-13.374690055847168 14.697537422180176 1.7667704820632935
-13.915245056152344 14.687023162841797 1.7987889051437378
-14.475969314575195 14.676118850708008 1.8327428102493286
-15.05894947052002 14.665202140808105 1.8688279390335083
-15.651554107666016 14.640722274780273 1.9054399728775024
-16.314739227294922 14.657126426696777 1.9498900175094604
-17.0004940032959 14.666234016418457 1.996188759803772
-17.71709442138672 14.673457145690918 2.045262336730957
-18.470840454101562 14.681612014770508 2.09775972366333
-19.264577865600586 14.690168380737305 2.153911590576172
-20.102296829223633 14.699169158935547 2.2140703201293945
-20.965248107910156 14.692388534545898 2.2761082649230957
-21.8938045501709 14.695601463317871 2.3443503379821777
-22.875471115112305 14.6959810256958 2.4173245429992676
-23.67904281616211 14.547945976257324 2.4708194732666016
-23.752866744995117 13.943238258361816 2.4487619400024414
-23.823841094970703 13.348094940185547 2.4279093742370605
-27.348854064941406 14.608369827270508 2.7566471099853516
-28.775615692138672 14.634453773498535 2.870206832885742
-30.325666427612305 14.66279125213623 2.994791030883789
-31.835397720336914 14.610330581665039 3.114232063293457
-34.0444221496582 14.802721977233887 3.3005247116088867
-36.04863357543945 14.819462776184082 3.465235710144043
-38.006385803222656 14.737950325012207 3.624192237854004
-38.47159957885742 14.03506851196289 3.640904426574707
-39.426456451416016 13.491408348083496 3.704840660095215
-39.52314758300781 12.642477989196777 3.6892848014831543
-50.6566047668457 15.087818145751953 4.699256420135498
-53.025840759277344 14.639208793640137 4.890742778778076
-57.94221496582031 14.74913501739502 5.315752983093262
-40.21599197387695 5.1999664306640625 3.6052536964416504
-5.769874095916748 0.39442306756973267 0.5141808986663818
-5.531088829040527 0.26648208498954773 0.4923241138458252
-5.311713695526123 0.14892730116844177 0.47243523597717285
-5.32902193069458 0.042201995849609375 0.47380363941192627
-5.348820686340332 -0.06521865725517273 0.47558462619781494
-5.368819236755371 -0.17349502444267273 0.4775756597518921
-5.3890380859375 -0.2827284038066864 0.479783296585083
-5.409495830535889 -0.3930222988128662 0.482210636138916
-5.423492431640625 -0.503864586353302 0.48426389694213867
-5.604118824005127 -0.6345539689064026 0.5014312267303467
-5.888587474822998 -0.7869990468025208 0.5281920433044434
-10.848724365234375 -2.12239146232605 0.9828143119812012
-10.417356491088867 -2.2564172744750977 0.9476549625396729
-10.259572982788086 -2.439232587814331 0.9375749826431274
-10.165687561035156 -2.6339776515960693 0.9336485862731934
-16.71637725830078 -7.758364200592041 1.638473391532898
-24.909610748291016 -18.378252029418945 2.7521743774414062
-22.919178009033203 -17.632381439208984 2.570923328399658
-22.941028594970703 -18.39528465270996 2.6143503189086914
-22.964529037475586 -19.185466766357422 2.660466194152832
-6.867834091186523 -6.479528427124023 0.8394615650177002
-6.388415336608887 -6.274789333343506 0.796128511428833
-5.877962589263916 -6.010390281677246 0.7474297285079956
-5.426362037658691 -5.7765727043151855 0.704636812210083
-5.0881547927856445 -5.639639377593994 0.6753137111663818
-4.805194854736328 -5.546310901641846 0.6524327993392944
-4.54271936416626 -5.461519718170166 0.6315807104110718
-4.380721569061279 -5.487579822540283 0.6242797374725342
-4.230165004730225 -5.523232936859131 0.6185308694839478
-4.071086406707764 -5.54298210144043 0.6114488840103149
-3.915543556213379 -5.562297344207764 0.6047698259353638
-3.763310670852661 -5.581206321716309 0.5984746217727661
-3.614157199859619 -5.599738597869873 0.5925463438034058
-3.463320255279541 -5.6105523109436035 0.5861998796463013
-3.325465440750122 -5.637818336486816 0.5819432735443115
-3.210893392562866 -5.702621936798096 0.5818487405776978
-3.092088460922241 -5.759574890136719 0.5811949968338013
-2.9725377559661865 -5.814524173736572 0.5805895328521729
-2.853187084197998 -5.869379043579102 0.5802184343338013
-2.7339348793029785 -5.924186706542969 0.5800842046737671
-2.697845935821533 -6.169129371643066 0.5986340045928955
-30.53335952758789 -73.8301773071289 7.103219032287598
-30.610881805419922 -78.4489517211914 7.486837863922119
-5.245449542999268 -14.284770011901855 1.3529363870620728
-4.738704681396484 -13.753432273864746 1.2933233976364136
-4.343303203582764 -13.48017692565918 1.2591575384140015
-4.075785160064697 -13.579590797424316 1.2605308294296265
-3.3641514778137207 -12.08620834350586 1.1154003143310547
-3.1064982414245605 -12.097251892089844 1.1104284524917603
-2.8254311084747314 -11.999421119689941 1.096010684967041
-2.551337480545044 -11.903509140014648 1.0823442935943604
-2.3002736568450928 -11.894698143005371 1.0771185159683228
-2.0371298789978027 -11.80251693725586 1.0648442506790161
-1.7697076797485352 -11.645889282226562 1.0472893714904785
-1.5108604431152344 -11.494298934936523 1.0307165384292603
-1.2938196659088135 -11.652238845825195 1.042333960533142
-1.0626404285430908 -11.713459968566895 1.0456877946853638
-0.829986572265625 -11.776678085327148 1.0496282577514648
-0.5956613421440125 -11.844165802001953 1.0543620586395264
-0.35911819338798523 -11.912299156188965 1.0595701932907104
-0.12013503909111023 -11.981141090393066 1.065263032913208
0.8340343832969666 -82.70236206054688 7.353203296661377
1.3552443981170654 -44.86721420288086 3.9908342361450195
1.6618752479553223 -18.306842803955078 1.634301781654358
1.9766501188278198 -17.79225730895996 1.591591715812683
2.3560781478881836 -17.916446685791016 1.6066142320632935
2.7312276363372803 -17.96623992919922 1.6156779527664185
9.084370613098145 -35.3674201965332 3.246493339538574
7.692909240722656 -27.631561279296875 2.550076961517334
8.159420013427734 -27.179454803466797 2.522988796234131
8.261991500854492 -25.637269973754883 2.3947715759277344
8.542094230651855 -24.787513732910156 2.3309760093688965
9.054211616516113 -24.652536392211914 2.33493709564209
9.582448959350586 -24.553382873535156 2.343327045440674
10.116169929504395 -24.457014083862305 2.3530731201171875
10.658723831176758 -24.369232177734375 2.364776611328125
11.264167785644531 -24.404603958129883 2.389711856842041
12.722003936767578 -26.166913986206055 2.5868144035339355
32.84964370727539 -64.24723815917969 6.41538667678833
32.806339263916016 -61.09905242919922 6.165664196014404
33.46293640136719 -59.42280578613281 6.063207149505615
35.08614730834961 -59.4752311706543 6.139319896697998
36.691314697265625 -59.43175506591797 6.209758758544922
38.433284759521484 -59.54044723510742 6.300615310668945
40.109710693359375 -59.4774055480957 6.378028392791748
25.235822677612305 -35.84468078613281 3.8974294662475586
26.028099060058594 -35.43415832519531 3.9089245796203613
27.562923431396484 -35.9838981628418 4.029913425445557
28.26775360107422 -35.405704498291016 4.028023719787598
30.431350708007812 -36.58195114135742 4.230622291564941
30.665803909301758 -35.391212463378906 4.163407802581787
24.8649959564209 -27.55671501159668 3.2999305725097656
25.2098388671875 -26.833646774291992 3.273402214050293
25.535144805908203 -26.107364654541016 3.2468013763427734
26.066633224487305 -25.599979400634766 3.2482495307922363
27.0610294342041 -25.527990341186523 3.3075108528137207
29.195646286010742 -26.452491760253906 3.5026707649230957
29.783432006835938 -25.91375160217285 3.5099477767944336
30.647798538208008 -25.601301193237305 3.5504064559936523
24.48020362854004 -19.627103805541992 2.7896227836608887
24.75682258605957 -19.043806076049805 2.776932716369629
24.98588752746582 -18.432268142700195 2.760481357574463
25.0864315032959 -17.738605499267578 2.7316155433654785
25.31026840209961 -17.143970489501953 2.7178921699523926
25.674745559692383 -16.647605895996094 2.720522880554199
29.43043327331543 -18.2528018951416 3.0789542198181152
29.936382293701172 -17.743101119995117 3.093924045562744
30.74347496032715 -17.39571189880371 3.14054012298584
31.55001449584961 -17.023693084716797 3.1873044967651367
38.807037353515625 -19.942428588867188 3.879129409790039
25.565567016601562 -12.494439125061035 2.5298876762390137
24.94074058532715 -11.573644638061523 2.4445252418518066
24.77019691467285 -10.894580841064453 2.4058456420898438
24.89426612854004 -10.35680866241455 2.3971776962280273
25.030597686767578 -9.827816009521484 2.390784740447998
25.02018928527832 -9.247435569763184 2.371547222137451
25.02683448791504 -8.681949615478516 2.3551478385925293
6.609869956970215 -2.145084857940674 0.6178361177444458
6.608382701873779 -1.9986323118209839 0.6138150691986084
6.656178951263428 -1.8678443431854248 0.6146407127380371
6.755878925323486 -1.7500544786453247 0.6204711198806763
7.00395393371582 -1.6647660732269287 0.640049934387207
7.230323791503906 -1.565650463104248 0.6577258110046387
29.79112434387207 -5.826349258422852 2.698822498321533
28.77898406982422 -5.029761791229248 2.5974411964416504
27.0245418548584 -4.164915084838867 2.431042194366455
25.66704559326172 -3.4288127422332764 2.302255630493164
24.90853500366211 -2.81889271736145 2.2286829948425293
24.297670364379883 -2.2558951377868652 2.169527530670166
23.915903091430664 -1.7361578941345215 2.1318907737731934
24.105514526367188 -1.2632243633270264 2.1460928916931152
7.486572742462158 -0.24148452281951904 0.6659560203552246
7.652261257171631 -0.0928526297211647 0.6803908348083496
24.744672775268555 0.19742415845394135 2.2000479698181152
25.05103874206543 0.7038542032241821 2.228095531463623
25.47430419921875 1.228840708732605 2.267481803894043
28.476184844970703 1.9483027458190918 2.537654399871826
29.444429397583008 2.610398292541504 2.6280884742736816
31.75370979309082 3.459986448287964 2.8398423194885254
31.64388656616211 4.09348726272583 2.8368101119995117
31.257505416870117 4.6844024658203125 2.8100504875183105
26.169456481933594 4.461714267730713 2.3602256774902344
25.003738403320312 4.78228759765625 2.2633066177368164
24.650678634643555 5.230716228485107 2.2404184341430664
24.523622512817383 5.721439838409424 2.2388768196105957
24.459566116333008 6.227710247039795 2.2440123558044434
24.45503044128418 6.753022193908691 2.255600929260254
24.91552734375 7.422571182250977 2.31137752532959
25.217653274536133 8.068147659301758 2.3539843559265137
25.56291389465332 8.749096870422363 2.402153968811035
39.00857162475586 14.233570098876953 3.691803455352783
31.52836799621582 12.228092193603516 3.006539821624756
30.945823669433594 12.723856925964355 2.97479248046875
30.512948989868164 13.269359588623047 2.9582390785217285
30.052030563354492 13.794037818908691 2.9398574829101562
29.607040405273438 14.317498207092285 2.9239068031311035
27.369333267211914 13.92128849029541 2.7300186157226562
26.616687774658203 14.219318389892578 2.6829309463500977
25.986764907836914 14.561967849731445 2.6484227180480957
25.42298698425293 14.92564582824707 2.6210293769836426
25.263832092285156 15.523670196533203 2.6362833976745605
25.405593872070312 16.32354164123535 2.684792995452881
25.51067352294922 17.125503540039062 2.731748580932617
25.802627563476562 18.084693908691406 2.8013968467712402
26.3360652923584 19.25980567932129 2.900778293609619
29.65312385559082 22.614713668823242 3.315573215484619
29.145265579223633 23.169052124023438 3.3102259635925293
26.1372013092041 21.649677276611328 3.017427921295166
25.716489791870117 22.188146591186523 3.0197715759277344
25.32889747619629 22.758146286010742 3.0273971557617188
25.084915161132812 23.467615127563477 3.0540366172790527
25.035734176635742 24.384002685546875 3.107132911682129
30.223482131958008 30.644989013671875 3.826700210571289
29.5168514251709 31.157644271850586 3.8158092498779297
28.050241470336914 30.828275680541992 3.705624580383301
26.65182113647461 30.50169563293457 3.601203441619873
26.069917678833008 31.075469970703125 3.6063055992126465
25.30467414855957 31.425724029541016 3.5871615409851074
24.441192626953125 31.635257720947266 3.5542421340942383
24.28607177734375 32.77626419067383 3.626819133758545
35.981895446777344 50.659793853759766 5.524499416351318
35.44027328491211 52.08506774902344 5.6010565757751465
34.839786529541016 53.48442077636719 5.67503023147583
40.4248046875 64.87456512451172 6.795948505401611
39.349456787109375 66.07315063476562 6.837209224700928
27.610197067260742 48.556610107421875 4.966136932373047
39.56881332397461 72.96454620361328 7.379568576812744
2.7307581901550293 5.286491394042969 0.5290093421936035
36.894962310791016 75.09135437011719 7.438477993011475
35.083778381347656 75.18878936767578 7.376735210418701
33.369789123535156 75.43867492675781 7.333914279937744
32.18264389038086 76.89892578125 7.411449909210205
31.878332138061523 80.69120788574219 7.713583469390869
32.09408950805664 86.27540588378906 8.184035301208496
3.95449161529541 11.322218894958496 1.0662578344345093
3.727903366088867 11.405271530151367 1.0668028593063354
3.5007691383361816 11.48771858215332 1.0677123069763184
3.272953510284424 11.569605827331543 1.0689879655838013
3.0443012714385986 11.650988578796387 1.070632815361023
2.812185287475586 11.721524238586426 1.0716997385025024
2.5464632511138916 11.641172409057617 1.0594561100006104
2.291729688644409 11.58829402923584 1.0502361059188843
2.067875385284424 11.686589241027832 1.055161714553833
0.8434984683990479 5.397555351257324 0.48570549488067627
0.729618489742279 5.375383377075195 0.48229241371154785
0.6172985434532166 5.353631496429443 0.4791301488876343
0.5064061880111694 5.332271099090576 0.4762108325958252
0.3968244791030884 5.311278343200684 0.473527193069458
0.288429856300354 5.290627956390381 0.4710735082626343
0.1811140477657318 5.270296573638916 0.468843936920166
0.07477035373449326 5.25026273727417 0.4668334722518921
-0.030710607767105103 5.230504512786865 0.46503782272338867
-0.13542434573173523 5.211001873016357 0.46345090866088867
-0.24225935339927673 5.252031326293945 0.467440128326416
-0.3524784743785858 5.316265106201172 0.47369134426116943
-1.0492669343948364 12.125773429870605 1.0820977687835693
-1.2632089853286743 11.824275016784668 1.0572447776794434
-1.505651831626892 11.835089683532715 1.060704231262207
-1.7497985363006592 11.84608268737793 1.0646294355392456
-1.9958827495574951 11.857267379760742 1.0690264701843262
-2.2441201210021973 11.868654251098633 1.07390558719635
-2.494769811630249 11.880255699157715 1.0792772769927979
-2.738187074661255 11.849380493164062 1.081256628036499
-2.9978525638580322 11.87879467010498 1.0892236232757568
-3.255939483642578 11.88846206665039 1.0958929061889648
-3.5325145721435547 11.949634552001953 1.107857584953308
-3.8197972774505615 12.026347160339355 1.1218657493591309
-4.106657028198242 12.081778526306152 1.1345129013061523
-4.396834373474121 12.129278182983398 1.147046446800232
-4.6942315101623535 12.179452896118164 1.1604851484298706
-4.912350177764893 12.019319534301758 1.154408574104309
-5.128080368041992 11.860309600830078 1.1488109827041626
-5.34159517288208 11.70230770111084 1.1436822414398193
-5.553084373474121 11.54517936706543 1.1390111446380615
-5.754819869995117 11.373239517211914 1.1332390308380127
-5.9532551765441895 11.20043659210205 1.1277239322662354
-6.136973857879639 11.006149291992188 1.120363712310791
-6.273041725158691 10.736684799194336 1.1055546998977661
-6.4007768630981445 10.466252326965332 1.090743899345398
-6.533658027648926 10.216100692749023 1.0781524181365967
-6.744014739990234 10.0919771194458 1.0791503190994263
-7.250990390777588 10.391996383666992 1.1265990734100342
-10.706499099731445 14.705117225646973 1.617205023765564
-11.177811622619629 14.720918655395508 1.6433378458023071
-11.659750938415527 14.730887413024902 1.6702934503555298
-12.14175033569336 14.721513748168945 1.6965783834457397
-12.639354705810547 14.711837768554688 1.7244127988815308
-13.153785705566406 14.701831817626953 1.7538975477218628
-13.686319351196289 14.691475868225098 1.7851415872573853
-14.238424301147461 14.680739402770996 1.8182696104049683
-14.812108039855957 14.67008113861084 1.8534740209579468
-15.400400161743164 14.651094436645508 1.8898295164108276
-16.030433654785156 14.647737503051758 1.9305974245071411
-16.71837615966797 14.67044734954834 1.977512001991272
-17.412263870239258 14.67015266418457 2.0242743492126465
-18.150287628173828 14.678146362304688 2.075331211090088
-18.926803588867188 14.686530113220215 2.1299118995666504
-19.74558448791504 14.695340156555176 2.1883463859558105
-20.56875228881836 14.67457389831543 2.246408462524414
-21.491806030273438 14.690033912658691 2.314481735229492
-22.47091293334961 14.705093383789062 2.387584686279297
-23.395740509033203 14.646940231323242 2.454052448272705
-23.722280502319336 14.195469856262207 2.457858085632324
-23.794431686401367 13.596402168273926 2.4365057945251465
-24.46725845336914 13.33543586730957 2.477433204650879
-28.163585662841797 14.623265266418457 2.821352958679199
-29.65991973876953 14.65062141418457 2.9411368370056152
-31.289703369140625 14.680413246154785 3.072843074798584
-32.989295959472656 14.675787925720215 3.210117816925049
-35.22700881958008 14.830022811889648 3.398151397705078
-37.966392517089844 15.091754913330078 3.632385730743408
-38.13298416137695 14.276877403259277 3.620119571685791
-38.9476203918457 13.6953125 3.6705613136291504
-39.482627868652344 12.997368812561035 3.6955981254577637
-39.579315185546875 12.152616500854492 3.6810221672058105
-52.46408462524414 14.961109161376953 4.850383281707764
-54.949371337890625 14.481534957885742 5.052200794219971
-5.876408576965332 0.45149946212768555 0.5239946842193604
-5.628633975982666 0.3187483251094818 0.5012279748916626
-5.401464462280273 0.19702300429344177 0.48054802417755127
-5.320779800415039 0.0869874581694603 0.47311949729919434
-5.340500354766846 -0.020101012662053108 0.47481322288513184
-5.36041259765625 -0.12800383567810059 0.47671568393707275
-5.380537033081055 -0.23682662844657898 0.47883176803588867
-5.400890827178955 -0.34666183590888977 0.48116636276245117
-5.421497821807861 -0.45762205123901367 0.48372435569763184
-5.493284702301025 -0.5751542448997498 0.4910619258880615
-5.765744209289551 -0.7211704850196838 0.5166106224060059
-6.068285942077637 -0.8832905292510986 0.5452001094818115
-11.162246704101562 -2.086197853088379 1.009587287902832
-10.47885513305664 -2.177438735961914 0.9515471458435059
-10.328144073486328 -2.3637449741363525 0.9419872760772705
-10.165497779846191 -2.5426924228668213 0.9316295385360718
-10.223418235778809 -2.77679181098938 0.9418658018112183
-23.163339614868164 -17.51141357421875 2.5816617012023926
-22.93167495727539 -18.072355270385742 2.595832347869873
-22.954471588134766 -18.850858688354492 2.6408004760742188
-6.622783184051514 -6.396216869354248 0.8185875415802002
-6.0840654373168945 -6.11713171005249 0.7670537233352661
-5.609164714813232 -5.871207237243652 0.7219225168228149
-5.21275520324707 -5.680737018585205 0.685471773147583
-4.921416759490967 -5.584643840789795 0.6617980003356934
-4.649423599243164 -5.494934558868408 0.6399548053741455
-4.440549850463867 -5.467360019683838 0.6262151002883911
-4.298422813415527 -5.51542329788208 0.6216918230056763
-4.137311935424805 -5.534759521484375 0.6143670082092285
-3.9803202152252197 -5.554252624511719 0.6075206995010376
-3.826716661453247 -5.573330402374268 0.6010662317276001
-3.676300525665283 -5.59201717376709 0.594987154006958
-3.5288383960723877 -5.610341548919678 0.5892651081085205
-3.3735063076019287 -5.610655784606934 0.5820537805557251
-3.258899450302124 -5.675465106964111 0.5818591117858887
-3.1422743797302246 -5.736507415771484 0.5815197229385376
-3.0226123332977295 -5.791508674621582 0.5808147192001343
-2.903188943862915 -5.84639835357666 0.5803453922271729
-2.7839035987854004 -5.901222229003906 0.5801122188568115
-2.6646721363067627 -5.956018447875977 0.5801122188568115
-2.840212821960449 -6.707045555114746 0.6475664377212524
-30.242399215698242 -75.61607360839844 7.240556240081787
-5.392584800720215 -14.31149673461914 1.3597246408462524
-4.972873687744141 -14.047515869140625 1.3248704671859741
-4.4709577560424805 -13.48585033416748 1.263163447380066
-4.1816301345825195 -13.517387390136719 1.2579840421676636
-3.9008731842041016 -13.570687294006348 1.2553881406784058
-3.2264857292175293 -12.138858795166016 1.1167047023773193
-2.9423491954803467 -12.040180206298828 1.1019585132598877
-2.665389060974121 -11.943482398986816 1.0879820585250854
-2.4042258262634277 -11.893587112426758 1.0788134336471558
-2.1566972732543945 -11.896159172058105 1.0748943090438843
-1.8807040452957153 -11.710896492004395 1.0545238256454468
-1.6183396577835083 -11.55724048614502 1.0375462770462036
-1.3902806043624878 -11.626691818237305 1.0410600900650024
-1.1597093343734741 -11.68775463104248 1.0442278385162354
-0.927635669708252 -11.749213218688965 1.0478404760360718
-0.6941282749176025 -11.81580638885498 1.0523210763931274
-0.4585270583629608 -11.88366413116455 1.0573296546936035
-0.2205975353717804 -11.952201843261719 1.0628173351287842
0.02089294046163559 -12.611859321594238 1.1212865114212036
0.9700429439544678 -44.55672073364258 3.9623494148254395
1.8882607221603394 -45.06127166748047 4.009785175323486
1.827726125717163 -17.819189071655273 1.5925651788711548
2.196199417114258 -17.86414337158203 1.600206732749939
2.5713038444519043 -17.930028915405273 1.6104167699813843
8.8060884475708 -35.523948669433594 3.253927230834961
9.407051086425781 -34.92508316040039 3.2157535552978516
7.9607625007629395 -27.352821350097656 2.5327630043029785
8.20195484161377 -26.205509185791016 2.44130802154541
8.389846801757812 -25.028635025024414 2.3469176292419434
8.8306245803833 -24.684677124023438 2.3308486938476562
9.360628128051758 -24.595077514648438 2.339693546295166
9.891044616699219 -24.495248794555664 2.348646640777588
10.430685043334961 -24.406164169311523 2.359744071960449
11.031645774841309 -24.440135955810547 2.3840012550354004
12.0527925491333 -25.331212997436523 2.4940638542175293
32.86886215209961 -65.6440200805664 6.5269646644592285
32.824073791503906 -62.388187408447266 6.267613410949707
33.1152229309082 -59.98215103149414 6.091582775115967
34.406646728515625 -59.46290969848633 6.107900142669678
35.97615051269531 -59.38739013671875 6.173221588134766
37.696956634521484 -59.49439239501953 6.261894702911377
39.418296813964844 -59.52839279174805 6.3476409912109375
25.039579391479492 -36.210514068603516 3.914119243621826
25.59170150756836 -35.462669372558594 3.8881359100341797
26.78428840637207 -35.5847053527832 3.959782600402832
28.00214195251465 -35.685787200927734 4.032892227172852
48.61525344848633 -59.4532470703125 6.828010082244873
30.68990707397461 -36.02821350097656 4.207763671875
30.981477737426758 -34.9227409362793 4.1505913734436035
25.06600570678711 -27.1352481842041 3.2843055725097656
25.40131950378418 -26.412227630615234 3.257974147796631
25.77631950378418 -25.745241165161133 3.2389988899230957
26.63075065612793 -25.549726486206055 3.281126022338867
28.982213973999023 -26.707359313964844 3.5039477348327637
29.49201774597168 -26.10017967224121 3.501405715942383
30.32448387145996 -25.768278121948242 3.537992477416992
25.551971435546875 -20.842641830444336 2.9316701889038086
24.641380310058594 -19.28774642944336 2.782118797302246
24.91572380065918 -18.70681381225586 2.7700510025024414
25.044523239135742 -18.027538299560547 2.743502140045166
25.160005569458008 -17.35335350036621 2.7173690795898438
25.5186710357666 -16.853605270385742 2.718942165374756
29.103195190429688 -18.391286849975586 3.0608291625976562
29.72369956970215 -17.95728874206543 3.087475299835205
30.543344497680664 -17.623966217041016 3.1351590156555176
31.140085220336914 -17.142946243286133 3.160377025604248
38.87864685058594 -20.39527130126953 3.903334617614746
25.892845153808594 -12.925891876220703 2.5729641914367676
25.191017150878906 -11.948832511901855 2.4788384437561035
24.77509117126465 -11.146867752075195 2.415360450744629
24.827363967895508 -10.575310707092285 2.399233818054199
24.684797286987305 32.513301849365234 2.589085102081299
24.65227699279785 33.86349105834961 2.65657901763916
35.398677825927734 50.73914337158203 3.9238181114196777
34.93569564819336 52.285648345947266 3.9882655143737793
34.5599250793457 54.04537582397461 4.06864595413208
28.394420623779297 46.435394287109375 3.452059268951416
27.1020565032959 46.39310073852539 3.4076976776123047
2.932779312133789 5.260419845581055 0.38198232650756836
2.7480502128601074 5.1709113121032715 0.3713933229446411
2.639277935028076 5.216770648956299 0.37079954147338867
2.530853509902954 5.262589454650879 0.3703625202178955
2.422679901123047 5.308409690856934 0.37008416652679443
2.314664602279663 5.354269981384277 0.36996030807495117
2.2067160606384277 5.400209903717041 0.36999261379241943
31.31133460998535 81.25346374511719 5.522763729095459
8.455815315246582 23.33085060119629 1.5739103555679321
8.119850158691406 23.893207550048828 1.6005462408065796
3.8028759956359863 11.975521087646484 0.7969042062759399
3.564993381500244 12.062138557434082 0.7977355718612671
1.4893321990966797 5.439281463623047 0.35767698287963867
1.3663616180419922 5.415477275848389 0.3542320728302002
1.245709776878357 5.392205715179443 0.350999116897583
1.1272094249725342 5.36943244934082 0.3479710817337036
1.0107048749923706 5.3471245765686035 0.3451378345489502
0.896051287651062 5.325253963470459 0.34249448776245117
0.7831087708473206 5.303790092468262 0.34003233909606934
0.6717434525489807 5.282707214355469 0.33774590492248535
0.5618312954902649 5.261979103088379 0.33562982082366943
0.4532507359981537 5.241583347320557 0.33367979526519775
0.34588560461997986 5.221494197845459 0.33189141750335693
0.23962783813476562 5.201691150665283 0.33025872707366943
0.13436797261238098 5.18215274810791 0.32878172397613525
0.030004270374774933 5.1628594398498535 0.32745230197906494
-0.0735585018992424 5.143792152404785 0.3262706995010376
-0.17642363905906677 5.1249308586120605 0.32523369789123535
-0.2807559072971344 5.1442670822143555 0.3267529010772705
-0.38925430178642273 5.205846309661865 0.33109426498413086
-0.5007354617118835 5.269250392913818 0.3357006311416626
-0.6154242157936096 5.334610939025879 0.3405834436416626
-1.5563387870788574 11.461063385009766 0.7335717678070068
-1.7816656827926636 11.396485328674316 0.731583833694458
-2.007917642593384 11.343815803527832 0.7306475639343262
-2.2372875213623047 11.309507369995117 0.7311882972717285
-2.467259407043457 11.275879859924316 0.7320750951766968
-2.7783799171447754 11.577590942382812 0.7551391124725342
-3.1183018684387207 11.931318283081055 0.7821428775787354
-3.384908676147461 11.962663650512695 0.7885009050369263
-3.66538667678833 12.025348663330078 0.7973314523696899
-3.9494192600250244 12.08057689666748 0.8060967922210693
-4.239883899688721 12.13702392578125 0.8153899908065796
-4.5568952560424805 12.247634887695312 0.8288103342056274
-4.896852493286133 12.39288330078125 0.8451342582702637
-5.150473594665527 12.30477523803711 0.8460198640823364
-5.370843410491943 12.139850616455078 0.8419371843338013
-5.589016437530518 11.976097106933594 0.8382079601287842
-5.788485050201416 11.779388427734375 0.8324205875396729
-5.984277248382568 11.583319664001465 0.8269035816192627
-6.177576541900635 11.389784812927246 0.8217918872833252
-6.428560733795166 11.3040132522583 0.8247655630111694
-6.6716389656066895 11.201075553894043 0.8268792629241943
-6.842281341552734 10.979191780090332 0.8204936981201172
-7.003593444824219 10.750189781188965 0.8137420415878296
-10.167966842651367 14.94152545928955 1.1462584733963013
-10.440948486328125 14.69821834564209 1.1434686183929443
-10.900848388671875 14.709861755371094 1.1612004041671753
-11.378500938415527 14.725855827331543 1.1802910566329956
-11.853580474853516 14.719114303588867 1.1986180543899536
-12.34233283996582 14.710360527038574 1.2178746461868286
-12.847286224365234 14.701327323913574 1.2382713556289673
-13.369645118713379 14.691995620727539 1.2598801851272583
-13.910802841186523 14.682337760925293 1.2827867269515991
-14.472237586975098 14.672329902648926 1.307080626487732
-15.04378890991211 14.650434494018555 1.3318182229995728
-15.665802001953125 14.654048919677734 1.3605149984359741
-16.333520889282227 14.673995971679688 1.392588496208191
-17.007461547851562 14.672243118286133 1.4245983362197876
-17.71341896057129 14.670411109924316 1.4587193727493286
-18.455474853515625 14.669392585754395 1.4952269792556763
-19.2379150390625 14.669838905334473 1.5344029664993286
-20.062881469726562 14.670350074768066 1.5763474702835083
-20.96738052368164 14.693876266479492 1.6238633394241333
-21.8815975189209 14.68740463256836 1.6714495420455933
-22.884443283081055 14.701744079589844 1.7251135110855103
-22.888933181762695 14.062522888183594 1.7037876844406128
-22.868453979492188 13.424080848693848 1.6818243265151978
-23.21562957763672 13.007326126098633 1.68777334690094
-24.317968368530273 12.989425659179688 1.7485650777816772
-25.502912521362305 12.970050811767578 1.814642310142517
-26.78121566772461 12.949013710021973 1.886684536933899
-28.22058868408203 12.95136833190918 1.9693347215652466
-29.803295135498047 12.958646774291992 2.0611753463745117
-31.541513442993164 12.96660327911377 2.1629157066345215
-38.151546478271484 14.79423999786377 2.59525728225708
-38.244773864746094 13.952320098876953 2.5819878578186035
-38.870357513427734 13.30111312866211 2.6056342124938965
-39.16120910644531 12.52669906616211 2.6077113151550293
-49.03455352783203 14.604698181152344 3.2449517250061035
-51.747276306152344 14.286226272583008 3.4047670364379883
-52.94364929199219 13.476754188537598 3.4649477005004883
-58.33024978637695 13.605009078979492 3.7987990379333496
-86.26006317138672 18.298519134521484 5.592649936676025
-27.056669235229492 4.611327171325684 1.740770697593689
-26.980695724487305 4.041826248168945 1.7303019762039185
-26.983552932739258 3.488999843597412 1.7256358861923218
-27.036462783813477 2.9443652629852295 1.72488272190094
-27.076459884643555 2.398855447769165 1.7240082025527954
-5.747464179992676 0.39289093017578125 0.36537468433380127
-5.510517597198486 0.26549118757247925 0.34990227222442627
-5.292752265930176 0.14839568734169006 0.3358166217803955
-5.29941987991333 0.04196746647357941 0.33611810207366943
-5.318997383117676 -0.06485489010810852 0.337374210357666
-5.338759422302246 -0.17252349853515625 0.3387798070907593
-5.358726501464844 -0.281138151884079 0.34033751487731934
-5.378915786743164 -0.39080047607421875 0.3420482873916626
-5.38412618637085 -0.5002076625823975 0.3429509401321411
-5.573674201965332 -0.6311073303222656 0.3557610511779785
-5.859040260314941 -0.7830503582954407 0.3749053478240967
-10.60550594329834 -2.2971701622009277 0.6882359981536865
-10.456162452697754 -2.4859721660614014 0.6816515922546387
-17.059127807617188 -7.504262924194336 1.182005524635315
-16.666717529296875 -7.735313415527344 1.1653605699539185
-25.560197830200195 -17.315458297729492 1.9580780267715454
-24.667247772216797 -17.44440460205078 1.9161649942398071
-23.478635787963867 -17.32246971130371 1.850521206855774
-22.73625946044922 -17.49165916442871 1.8193742036819458
-22.525026321411133 -18.06171989440918 1.8311723470687866
-22.349838256835938 -18.67193031311035 1.8470884561538696
-8.415387153625488 -7.625607967376709 0.7202636003494263
-6.781317710876465 -6.397902488708496 0.5913000106811523
-6.226079940795898 -6.115339756011963 0.553499698638916
-5.7375168800354 -5.8667802810668945 0.5204528570175171
-5.388514041900635 -5.736281394958496 0.49915945529937744
-5.085148334503174 -5.636305809020996 0.48146116733551025
-4.802450180053711 -5.543142795562744 0.46515798568725586
-4.538171291351318 -5.456052303314209 0.4500981569290161
-4.336987495422363 -5.432796001434326 0.4408947229385376
-4.227621555328369 -5.5199103355407715 0.44097471237182617
-4.068665504455566 -5.53968620300293 0.43592894077301025
-3.913240671157837 -5.55902624130249 0.431168794631958
-3.7611196041107178 -5.577958106994629 0.4266839027404785
-3.6010031700134277 -5.57935905456543 0.4211651086807251
-3.4422895908355713 -5.576481819152832 0.4156365394592285
-3.3150508403778076 -5.620163440704346 0.41383910179138184
-3.200839042663574 -5.68476676940918 0.41377127170562744
-3.086623430252075 -5.749395847320557 0.41387319564819336
-2.972320795059204 -5.814098358154297 0.4141429662704468
-2.8537938594818115 -5.870630264282227 0.4139983654022217
-2.7345168590545654 -5.925449848175049 0.4139007329940796
-2.6636998653411865 -6.091047763824463 0.4216405153274536
-29.88125228881836 -72.25334167480469 4.958979606628418
-5.580196380615234 -14.300798416137695 0.9736095666885376
-5.197478294372559 -14.154130935668945 0.9563127756118774
-4.88385009765625 -14.17469596862793 0.9508727788925171
-4.573674201965332 -14.195165634155273 0.9458837509155273
-4.185395240783691 -13.944780349731445 0.9234038591384888
-3.9246389865875244 -14.09985065460205 0.9282567501068115
-3.214489698410034 -12.517773628234863 0.8196794986724854
-2.922327756881714 -12.41093921661377 0.808671236038208
-2.5748746395111084 -12.01331901550293 0.7792302370071411
-2.302074909210205 -11.904014587402344 0.7689818143844604
-2.035277843475342 -11.791790962219238 0.7589348554611206
-1.7681264877319336 -11.635480880737305 0.746434211730957
-1.516960620880127 -11.540716171264648 0.7382482290267944
-1.2940980195999146 -11.654768943786621 0.7437286376953125
-1.062870740890503 -11.71601390838623 0.7461211681365967
-0.8300601243972778 -11.777674674987793 0.7488335371017456
-0.5954717993736267 -11.840442657470703 0.7519115209579468
-0.35900434851646423 -11.90853500366211 0.7556236982345581
-0.12009582668542862 -11.977334976196289 0.7596819400787354
0.42416760325431824 -42.06037521362305 2.6677494049072266
1.259427785873413 -41.69486618041992 2.645637035369873
2.1322507858276367 -42.34794235229492 2.6892542839050293
3.056976318359375 -43.33929443359375 2.7555551528930664
1.9921869039535522 -17.932096481323242 1.1443114280700684
2.3716073036193848 -18.034523010253906 1.1536589860916138
2.7446062564849854 -18.054241180419922 1.1582170724868774
8.47750186920166 -35.993953704833984 2.345322608947754
8.964335441589355 -34.90009689331055 2.285337448120117
9.52877426147461 -34.225643157958984 2.253265857696533
8.24622631072998 -27.46864891052246 1.8189665079116821
8.530519485473633 -26.470516204833984 1.7638763189315796
8.798171043395996 -25.530595779418945 1.712689757347107
9.21671199798584 -25.094987869262695 1.6955620050430298
9.714524269104004 -24.89180564880371 1.6946934461593628
10.222319602966309 -24.71364402770996 1.6962181329727173
10.784834861755371 -24.657577514648438 1.7069140672683716
11.37303638458252 -24.64045524597168 1.7212163209915161
12.324151039123535 -25.348600387573242 1.7876359224319458
32.84604263305664 -64.2402114868164 4.576025485992432
32.80288314819336 -61.09259033203125 4.39792013168335
33.676822662353516 -59.802616119384766 4.352938175201416
35.1268196105957 -59.54415512084961 4.384663105010986
36.78903579711914 -59.59002685546875 4.441633224487305
38.46338653564453 -59.58707809448242 4.498168468475342
24.35063934326172 -36.10877227783203 2.7622318267822266
24.784273147583008 -35.20329666137695 2.7305479049682617
25.552133560180664 -34.78619384765625 2.7375049591064453
26.2402286529541 -34.25708770751953 2.7368502616882324
27.348949432373047 -34.254886627197266 2.7800607681274414
29.348703384399414 -35.280479431152344 2.910616397857666
30.136816024780273 -34.78071212768555 2.91880464553833
30.982789993286133 -34.336788177490234 2.933253765106201
25.25177574157715 -26.878299713134766 2.339022636413574
25.548912048339844 -26.12144660949707 2.3174095153808594
26.11054801940918 -25.643112182617188 2.3210983276367188
26.9073429107666 -25.382999420166016 2.3460679054260254
28.230772018432617 -25.57826805114746 2.4161124229431152
29.49175262451172 -25.659963607788086 2.4793601036071777
30.44770622253418 -25.43415641784668 2.5162057876586914
32.67924499511719 -26.200721740722656 2.656534194946289
25.62590789794922 -19.71233558654785 2.0505127906799316
25.78912925720215 -19.024824142456055 2.032543659210205
25.356416702270508 -17.92951774597168 1.9696160554885864
25.552717208862305 -17.308191299438477 1.9574273824691772
26.151390075683594 -16.956663131713867 1.9767588376998901
29.373062133789062 -18.21721839904785 2.1921439170837402
29.77446746826172 -17.64713478088379 2.1951661109924316
30.588571548461914 -17.308061599731445 2.229069709777832
36.101253509521484 -19.479450225830078 2.6017136573791504
36.19752883911133 -18.601442337036133 2.581164836883545
35.6697883605957 -17.432584762573242 2.5180201530456543
26.148399353027344 -12.134050369262695 1.8282817602157593
25.733657836914062 -11.318338394165039 1.7830058336257935
25.690889358520508 -10.688232421875 1.764790654182434
25.593549728393555 -10.048851013183594 1.7438665628433228
25.574987411499023 -9.452486038208008 1.7292968034744263
6.6570305824279785 -2.3093621730804443 0.4468952417373657
6.5602850914001465 -2.1289923191070557 0.43743741512298584
6.591123104095459 -1.9934126138687134 0.4367316961288452
6.613295078277588 -1.8558106422424316 0.43563950061798096
6.697094440460205 -1.7348273992538452 0.43877220153808594
6.911820411682129 -1.6428669691085815 0.45058441162109375
7.316513538360596 -1.5843137502670288 0.4747927188873291
35.94685745239258 -7.030248165130615 2.323065757751465
29.43036460876465 -5.143604755401611 1.8948675394058228
28.7341251373291 -4.428389072418213 1.843931794166565
28.344165802001953 -3.7864439487457275 1.813653588294983
27.669355392456055 -3.131333589553833 1.7660881280899048
26.804943084716797 -2.4886813163757324 1.7073723077774048
25.293153762817383 -1.8361377716064453 1.608399510383606
7.425691604614258 -0.38913556933403015 0.47160887718200684
7.521068572998047 -0.24259719252586365 0.4772597551345825
7.575779914855957 -0.09192458540201187 0.48051702976226807
25.620943069458008 0.20441588759422302 1.6250194311141968
25.79564094543457 0.7247750759124756 1.6366935968399048
26.124893188476562 1.26022469997406 1.6588572263717651
29.419919967651367 2.0128719806671143 1.8702739477157593
30.448312759399414 2.699397325515747 1.938710331916809
31.54642677307129 3.4373996257781982 2.0126242637634277
31.05805778503418 4.017704963684082 1.9862219095230103
28.038097381591797 4.201926231384277 1.7981311082839966
26.640960693359375 4.542101860046387 1.71404230594635
25.178516387939453 4.81571626663208 1.625853180885315
24.819345474243164 5.266505718231201 1.6091760396957397
24.830432891845703 5.7930192947387695 1.6171232461929321
24.841108322143555 6.324853897094727 1.6257749795913696
24.851367950439453 6.862468242645264 1.635149359703064
25.55424690246582 7.61285400390625 1.69113028049469
25.697111129760742 8.221546173095703 1.7111822366714478
25.946266174316406 8.880303382873535 1.7393163442611694
32.59843063354492 11.894619941711426 2.2008371353149414
31.794578552246094 12.331343650817871 2.1628756523132324
31.0446834564209 12.76449966430664 2.128897190093994
30.441936492919922 13.238479614257812 2.105398654937744
30.012697219848633 13.775985717773438 2.0944528579711914
27.887861251831055 13.486129760742188 1.9647008180618286
27.164987564086914 13.817350387573242 1.9329637289047241
26.042102813720703 13.91236400604248 1.8725944757461548
25.624679565429688 14.359066009521484 1.8629728555679321
25.4788761138916 14.958455085754395 1.8738676309585571
25.52596092224121 15.684736251831055 1.9001494646072388
25.62577247619629 16.465015411376953 1.931841254234314
25.766916275024414 17.29752540588379 1.968312382698059
25.780248641967773 18.069007873535156 1.9966899156570435
26.25801658630371 19.202730178833008 2.0631871223449707
29.304868698120117 22.3491153717041 2.337441921234131
28.5777645111084 22.717920303344727 2.3154263496398926
26.931516647338867 22.3076114654541 2.2179484367370605
26.089963912963867 22.510387420654297 2.185490131378174
25.65187644958496 23.04834747314453 2.1871848106384277
25.214387893676758 23.5887393951416 2.189894199371338
25.10466766357422 24.45115089416504 2.222628593444824
25.604341506958008 25.961435317993164 2.3126330375671387
29.443239212036133 31.079938888549805 2.715282917022705
28.198244094848633 30.990936279296875 2.6574172973632812
26.423171997070312 30.240028381347656 2.5469412803649902
25.413270950317383 30.29274559020996 2.5078210830688477
24.83064842224121 30.837045669555664 2.511026382446289
24.697708129882812 31.967269897460938 2.562088966369629
24.66620445251465 33.289268493652344 2.627749443054199
35.31928634643555 49.72688674926758 3.8684206008911133
35.7362060546875 52.51997375488281 4.0289716720581055
34.78378677368164 53.39845275878906 4.041872024536133
34.19900131225586 54.88325881958008 4.101363182067871
27.766935348510742 46.62449645996094 3.441762924194336
26.3831729888916 46.398704528808594 3.3852362632751465
2.7937612533569336 5.151670932769775 0.371690034866333
2.684817314147949 5.1975579261779785 0.3710296154022217
2.576256036758423 5.24338960647583 0.37052667140960693
2.4679908752441406 5.289204120635986 0.3701817989349365
2.359919548034668 5.335043430328369 0.36999261379241943
2.251955032348633 5.38094425201416 0.36996030807495117
31.8103084564209 80.51900482177734 5.490875244140625
8.732163429260254 23.47381591796875 1.5884629487991333
8.254861831665039 23.634740829467773 1.5877958536148071
12.905984878540039 39.484989166259766 2.634653091430664
3.664769411087036 12.025885581970215 0.7973527908325195
3.426473379135132 12.112287521362305 0.7983502149581909
1.4176064729690552 5.425386905670166 0.35564935207366943
1.2960045337677002 5.4018964767456055 0.3523296117782593
1.1766183376312256 5.378917217254639 0.3492162227630615
1.0592989921569824 5.356419086456299 0.34630370140075684
0.9438858032226562 5.3343682289123535 0.34357964992523193
0.8302434682846069 5.312737941741943 0.34104180335998535
0.7182320952415466 5.291498184204102 0.33868277072906494
0.6077269911766052 5.270625114440918 0.33649587631225586
0.4986020028591156 5.250092029571533 0.33447813987731934
0.39074262976646423 5.22987699508667 0.33262205123901367
0.2840319871902466 5.209956645965576 0.3309246301651001
0.1783653199672699 5.190310001373291 0.32938170433044434
0.07363998144865036 5.170916557312012 0.32799065113067627
-0.030247196555137634 5.151756286621094 0.3267486095428467
-0.133392795920372 5.132811069488525 0.32565057277679443
-0.23612090945243835 5.118971347808838 0.32500791549682617
-0.3434317111968994 5.179823398590088 0.32924437522888184
-0.45363783836364746 5.242447853088379 0.33373594284057617
-0.5669528245925903 5.306971549987793 0.33850157260894775
-0.6836186051368713 5.373537540435791 0.34355461597442627
-1.6873739957809448 11.42345905303955 0.7323766946792603
-1.912061095237732 11.359307289123535 0.7305810451507568
-2.1411008834838867 11.32380199432373 0.7309191226959229
-2.3707973957061768 11.289891242980957 0.731661319732666
-2.6012156009674072 11.256645202636719 0.7327489852905273
-2.9522221088409424 11.697986602783203 0.7651885747909546
-3.269272565841675 11.937137603759766 0.7849743366241455
-3.548154830932617 12.002548217773438 0.7938085794448853
-3.8296244144439697 12.05728816986084 0.8023613691329956
-4.117342948913574 12.113213539123535 0.8114293813705444
-4.418264865875244 12.188390731811523 0.822251558303833
-4.752768039703369 12.331327438354492 0.8381749391555786
-5.05742073059082 12.374273300170898 0.8478368520736694
-5.278768062591553 12.208818435668945 0.8436046838760376
-5.497833251953125 12.04459285736084 0.8397283554077148
-5.705644130706787 11.862357139587402 0.834855318069458
-5.902535915374756 11.66517162322998 0.8291661739349365
-6.096852779388428 11.470601081848145 0.823885440826416
-6.3040337562561035 11.305757522583008 0.8209868669509888
-6.597194671630859 11.291488647460938 0.8294194936752319
-6.773741245269775 11.076108932495117 0.8234398365020752
-6.936364650726318 10.845786094665527 0.8165240287780762
-7.658979892730713 11.461164474487305 0.8742730617523193
-10.261055946350098 14.705968856811523 1.1372929811477661
-10.705182075500488 14.7033109664917 1.1535192728042603
-11.17641830444336 14.719088554382324 1.1721569299697876
-11.653273582458496 14.722705841064453 1.190869688987732
-12.135602951049805 14.714061737060547 1.2096697092056274
-12.633612632751465 14.70514965057373 1.229580044746399
-13.148521423339844 14.695945739746094 1.2506707906723022
-13.681618690490723 14.686427116394043 1.2730237245559692
-14.234379768371582 14.676568031311035 1.296723484992981
-14.801922798156738 14.659990310668945 1.3212968111038208
-15.393872261047363 14.644882202148438 1.347570776939392
-16.051565170288086 14.66704273223877 1.3790403604507446
-16.721269607543945 14.67298698425293 1.4109355211257935
-17.41349220275879 14.671188354492188 1.4441522359848022
-18.13936424255371 14.669307708740234 1.4795812368392944
-18.905040740966797 14.669645309448242 1.5176621675491333
-19.711702346801758 14.670127868652344 1.5584155321121216
-20.535486221313477 14.650839805603027 1.5999218225479126
-21.47809600830078 14.680660247802734 1.6500211954116821
-22.455820083618164 14.69521427154541 1.7020798921585083
-22.900529861450195 14.336909294128418 1.7135833501815796
-22.87307357788086 13.68730640411377 1.6905876398086548
-22.905431747436523 13.088418006896973 1.6731828451156616
-23.84649658203125 12.997097969055176 1.722479224205017
-24.99559783935547 12.978363037109375 1.7862645387649536
-26.233335494995117 12.958047866821289 1.855716586112976
-27.598310470581055 12.94849681854248 1.9334574937820435
-29.122352600097656 12.95551872253418 2.0215630531311035
-30.792539596557617 12.963179588317871 2.1189732551574707
-37.921348571777344 15.073853492736816 2.588148593902588
-37.96244812011719 14.21302318572998 2.570923328399658
-38.65876770019531 13.593741416931152 2.5990371704101562
-39.06227111816406 12.858988761901855 2.6082491874694824
-48.12663269042969 14.777023315429688 3.192997932434082
-50.62047576904297 14.43537425994873 3.3385138511657715
-52.51801300048828 13.840767860412598 3.4446024894714355
-53.756011962890625 13.01679801940918 3.5079193115234375
-85.94029998779297 17.184062957763672 5.558521747589111
-27.088621139526367 4.852066993713379 1.745395541191101
-27.012495040893555 4.279688835144043 1.7345939874649048
-26.968544006347656 3.7184367179870605 1.7266191244125366
-27.01431655883789 3.1725502014160156 1.7251147031784058
-27.120771408081055 2.633329153060913 1.7281817197799683
-5.853151798248291 0.4497123658657074 0.3723205327987671
-5.607321739196777 0.31754133105278015 0.35620665550231934
-5.381852626800537 0.19630782306194305 0.3415623903274536
-5.291265487670898 0.08650527894496918 0.3356359004974365
-5.310771465301514 -0.019989166408777237 0.3368297815322876
-5.330453395843506 -0.12728850543498993 0.3381725549697876
-5.350333213806152 -0.23549696803092957 0.33966612815856934
-5.370425701141357 -0.344706267118454 0.3413121700286865
-5.390753746032715 -0.4550269842147827 0.3431164026260376
-5.4422502517700195 -0.5698106288909912 0.3470531702041626
-5.737445831298828 -0.7176310420036316 0.3667241334915161
-6.036861419677734 -0.878716230392456 0.38691282272338867
-10.802502632141113 -2.2446908950805664 0.6997667551040649
-10.518424987792969 -2.4072928428649902 0.6843627691268921
-10.363763809204102 -2.59228515625 0.677556037902832
-16.803020477294922 -7.627119541168213 1.1703556776046753
-16.8452205657959 -8.058670997619629 1.1843444108963013
-24.963937759399414 -17.340444564819336 1.927789330482483
-23.955163955688477 -17.364160537719727 1.8764787912368774
-22.93767738342285 -17.340816497802734 1.8237303495407104
-22.613866806030273 -17.821897506713867 1.8261181116104126
-22.401100158691406 -18.39641761779785 1.8384453058242798
-8.536174774169922 -7.605018138885498 0.7250896692276001
-8.250661849975586 -7.653775691986084 0.7137700319290161
-6.449864387512207 -6.2292160987854 0.5687060356140137
-5.934971809387207 -5.967228412628174 0.5337816476821899
-5.522425174713135 -5.78041410446167 0.5070317983627319
-5.209625720977783 -5.677327632904053 0.4886993169784546
-4.918565273284912 -5.5814080238342285 0.4718315601348877
-4.646817207336426 -5.491855144500732 0.45626699924468994
-4.412752628326416 -5.433135032653809 0.44392454624176025
-4.260211944580078 -5.466394424438477 0.43955254554748535
-4.134840965270996 -5.531453609466553 0.43800652027130127
-3.97796893119812 -5.550971984863281 0.43312859535217285
-3.8244807720184326 -5.57007360458374 0.428530216217041
-3.668792486190796 -5.580597877502441 0.42357659339904785
-3.5082924365997314 -5.577674388885498 0.4179149866104126
-3.3629395961761475 -5.593081951141357 0.4139171838760376
-3.248694658279419 -5.657694339752197 0.4137798547744751
-3.134495735168457 -5.722303867340088 0.4138103723526001
-3.0202417373657227 -5.78696870803833 0.4140087366104126
-2.9038074016571045 -5.847644329071045 0.4140874147415161
-2.7844974994659424 -5.902479648590088 0.41392087936401367
-2.6652402877807617 -5.9572882652282715 0.41392087936401367
-2.836179256439209 -6.697519779205322 0.4612957239151001
-29.25319480895996 -73.14278411865234 4.996226787567139
-5.355778217315674 -14.21381950378418 0.9633623361587524
-5.014854431152344 -14.16609001159668 0.9530980587005615
-4.703274726867676 -14.18659496307373 0.9479210376739502
-4.393932819366455 -14.203670501708984 0.9429656267166138
-4.034256458282471 -14.034717559814453 0.9261736869812012
-3.0438272953033447 -12.455415725708008 0.8132122755050659
-2.726377487182617 -12.216754913330078 0.793889045715332
-2.4119553565979004 -11.931829452514648 0.7720648050308228
-2.1499412059783936 -11.858881950378418 0.7643914222717285
-1.879011869430542 -11.700358390808105 0.7515856027603149
-1.6169075965881348 -11.54700756072998 0.7394963502883911
-1.3905823230743408 -11.629213333129883 0.7428185939788818
-1.1599599123001099 -11.690296173095703 0.7450792789459229
-0.9278395175933838 -11.751776695251465 0.7476574182510376
-0.6940045356750488 -11.81370735168457 0.7505583763122559
-0.458382248878479 -11.879918098449707 0.7540258169174194
-0.22052505612373352 -11.94841194152832 0.7579387426376343
0.02057250589132309 -12.418244361877441 0.7876092195510864
0.9108877182006836 -41.83937072753906 2.6542234420776367
1.7423882484436035 -41.58020782470703 2.6394729614257812
2.688197135925293 -43.30884552001953 2.7520804405212402
3.5900397300720215 -43.62830352783203 2.7764086723327637
2.213348627090454 -18.00360679626465 1.1504472494125366
2.586413860321045 -18.035417556762695 1.1555699110031128
8.713586807250977 -35.15077209472656 2.2968602180480957
9.301492691040039 -34.533172607421875 2.2682700157165527
8.088948249816895 -27.793251037597656 1.8358818292617798
8.413497924804688 -26.88140296936035 1.7864660024642944
8.687911987304688 -25.917823791503906 1.7336925268173218
9.00783920288086 -25.180057525634766 1.6961199045181274
9.505982398986816 -24.97699737548828 1.6949762105941772
10.003447532653809 -24.77360725402832 1.69448721408844
10.55638599395752 -24.700275421142578 1.7036491632461548
11.102921485900879 -24.598026275634766 1.7116540670394897
11.988862991333008 -25.196847915649414 1.7697454690933228
32.857322692871094 -65.62097930908203 4.654481410980225
32.820552825927734 -62.38150405883789 4.470632076263428
33.11191940307617 -59.97617721557617 4.345101833343506
34.47382736206055 -59.57900619506836 4.365681171417236
36.081817626953125 -59.56182861328125 4.416704177856445
37.760440826416016 -59.59457015991211 4.474543571472168
24.216064453125 -36.57040023803711 2.781832695007324
24.591136932373047 -35.5620002746582 2.7421960830688477
25.13525390625 -34.830169677734375 2.724198341369629
25.98356056213379 -34.5208740234375 2.7403268814086914
26.857465744018555 -34.22700500488281 2.7593297958374023
28.24508285522461 -34.541866302490234 2.8299388885498047
29.805999755859375 -34.99055480957031 2.915226459503174
30.607332229614258 -34.500980377197266 2.9251370429992676
25.38265037536621 -27.478038787841797 2.372513771057129
25.415170669555664 -26.42662811279297 2.3253984451293945
25.85024070739746 -25.819074630737305 2.3172197341918945
26.489078521728516 -25.41379737854004 2.3281946182250977
27.66840934753418 -25.496686935424805 2.386291027069092
29.182071685791016 -25.825876235961914 2.4715347290039062
30.02409553527832 -25.51302146911621 2.49888277053833
30.74876594543457 -25.081649780273438 2.5166983604431152
25.554903030395508 -20.002792358398438 2.05825138092041
25.722904205322266 -19.312850952148438 2.0400805473327637
25.474760055541992 -18.337228775024414 1.990745186805725
25.397737503051758 -17.517316818237305 1.9567967653274536
25.767484664916992 -17.017927169799805 1.9585143327713013
29.322307586669922 -18.529760360717773 2.1999335289001465
29.582002639770508 -17.871679306030273 2.1920037269592285
30.048551559448242 -17.338462829589844 2.200288772583008
36.14099884033203 -19.895998001098633 2.6165695190429688
36.15064239501953 -18.964200973510742 2.5891284942626953
35.88283157348633 -17.912961959838867 2.5436277389526367
35.40456008911133 -16.793420791625977 2.485276222229004
25.772554397583008 -11.595651626586914 1.792409062385559
25.720945358276367 -10.955934524536133 1.773136019706726
25.452754974365234 33.524818420410156 1.600406527519226
25.317649841308594 34.7774772644043 1.6355668306350708
35.7675666809082 51.26791000366211 2.3767848014831543
36.521751403808594 54.65938949584961 2.499453544616699
41.354408264160156 64.67070770263672 2.918621063232422
39.86905288696289 65.20066833496094 2.9057602882385254
3.112672805786133 5.328248977661133 0.23462331295013428
2.8303604125976562 5.076714992523193 0.22099602222442627
2.7026844024658203 5.08554744720459 0.2189697027206421
2.5957772731781006 5.13078498840332 0.21862542629241943
2.4891881942749023 5.175949573516846 0.21837151050567627
2.382823944091797 5.221080780029297 0.21820974349975586
2.276599884033203 5.2662153244018555 0.21813833713531494
2.170421600341797 5.311391353607178 0.21815729141235352
2.0642032623291016 5.35664701461792 0.21826589107513428
1.9505494832992554 5.3818559646606445 0.2176506519317627
1.8286199569702148 5.380843162536621 0.2160789966583252
1.708431363105774 5.37996768951416 0.21462035179138184
1.5884352922439575 5.374459743499756 0.21308350563049316
1.4652602672576904 5.351370811462402 0.21095573902130127
1.344486951828003 5.328780174255371 0.20895802974700928
1.2259457111358643 5.306656360626221 0.20708119869232178
1.109476923942566 5.284967422485352 0.2053215503692627
0.9949331283569336 5.263685703277588 0.20367670059204102
0.8821746110916138 5.2427825927734375 0.20214104652404785
0.7710659503936768 5.222232341766357 0.20070981979370117
0.6614828109741211 5.202012062072754 0.19938039779663086
0.5533028841018677 5.1820969581604 0.19815123081207275
0.44640836119651794 5.162464618682861 0.19701719284057617
0.3406916856765747 5.143095016479492 0.19597649574279785
0.2360469102859497 5.123968601226807 0.19502806663513184
0.1323695182800293 5.105063438415527 0.1941673755645752
0.029560692608356476 5.086362838745117 0.19339537620544434
-0.07247253507375717 5.067849159240723 0.19270622730255127
-0.1738269031047821 5.049502849578857 0.19210386276245117
-0.2745910584926605 5.031309127807617 0.19158315658569336
-0.3794921636581421 5.075278282165527 0.19350886344909668
-0.48800551891326904 5.1352996826171875 0.19613099098205566
-0.5995573401451111 5.197076797485352 0.19891226291656494
-0.7143728733062744 5.260739803314209 0.20185720920562744
-0.8327052593231201 5.326429843902588 0.2049785852432251
-1.9386959075927734 10.952746391296387 0.42291319370269775
-2.158665180206299 10.912070274353027 0.42293334007263184
-2.3879129886627197 10.913262367248535 0.42475461959838867
-2.6236884593963623 10.932987213134766 0.4274914264678955
-2.9508860111236572 11.290745735168457 0.4437096118927002
-3.361481189727783 11.879871368408203 0.469423770904541
-3.6747515201568604 12.056074142456055 0.47921013832092285
-3.959622383117676 12.111783027648926 0.48449277877807617
-4.250962257385254 12.168737411499023 0.49009275436401367
-4.569230079650879 12.280792236328125 0.49820494651794434
-4.905081272125244 12.413711547851562 0.5074975490570068
-5.1430463790893555 12.287036895751953 0.5064464807510376
-5.377068042755127 12.153926849365234 0.5053155422210693
-5.578135967254639 11.95278263092041 0.5015161037445068
-5.776291847229004 11.754572868347168 0.4979729652404785
-5.971755027770996 11.55907917022705 0.49468016624450684
-6.206774711608887 11.443615913391113 0.494981050491333
-6.506439685821533 11.440957069396973 0.5004259347915649
-6.812847137451172 11.438153266906738 0.5061943531036377
-7.126468658447266 11.435198783874512 0.5123027563095093
-7.413669109344482 11.379636764526367 0.516390323638916
-10.157139778137207 14.92561149597168 0.6864324808120728
-9.409749984741211 13.246556282043457 0.6177922487258911
-10.898837089538574 14.7071533203125 0.6959948539733887
-11.372029304504395 14.717473983764648 0.7071654796600342
-11.845300674438477 14.708829879760742 0.7180522680282593
-12.333573341369629 14.699917793273926 0.7295806407928467
-12.838016510009766 14.690715789794922 0.7417900562286377
-13.359825134277344 14.681204795837402 0.7547259330749512
-13.900399208068848 14.671358108520508 0.768437385559082
-14.450984001159668 14.650784492492676 0.782426118850708
-15.050680160522461 14.657145500183105 0.7987712621688843
-15.6844482421875 14.671483039855957 0.8165801763534546
-16.328750610351562 14.669710159301758 0.8345928192138672
-17.00237274169922 14.66785717010498 0.8537713289260864
-17.70799446105957 14.665921211242676 0.8742144107818604
-18.44854736328125 14.66388988494873 0.896031379699707
-19.169748306274414 14.617860794067383 0.9165941476821899
-19.94960594177246 14.5875244140625 0.9396605491638184
-20.91899871826172 14.65997314453125 0.9712364673614502
-21.86944007873535 14.679248809814453 1.001453161239624
-22.870210647583008 14.69260311126709 1.0335386991500854
-22.88149642944336 14.057950973510742 1.0210644006729126
-22.873334884643555 13.426942825317383 1.0084441900253296
-23.244863510131836 13.023707389831543 1.013069987297058
-24.37200927734375 13.018289566040039 1.0505688190460205
-25.586278915405273 13.012453079223633 1.0914080142974854
-26.899364471435547 13.00614070892334 1.1360307931900024
-28.32500457763672 12.999290466308594 1.1849554777145386
-29.87957763671875 12.991819381713867 1.2388073205947876
-31.634489059448242 13.004826545715332 1.300458312034607
-38.10636520385742 14.776717185974121 1.553977608680725
-38.285335540771484 13.967120170593262 1.549505591392517
-38.170555114746094 13.061647415161133 1.5339170694351196
-39.302642822265625 12.571940422058105 1.5689316987991333
-49.56486129760742 14.762642860412598 1.9663413763046265
-52.647682189941406 14.534809112548828 2.0766239166259766
-53.43574905395508 13.602017402648926 2.0964908599853516
-57.73654556274414 13.466531753540039 2.2541470527648926
-59.44440460205078 12.610061645507812 2.310455799102783
-67.20692443847656 12.850062370300293 2.601593017578125
-27.28913116455078 4.650946617126465 1.052533507347107
-27.24847412109375 4.081940650939941 1.0475865602493286
-27.20159149169922 3.5171923637390137 1.042852759361267
-27.183120727539062 2.960336208343506 1.0396519899368286
-5.982243537902832 0.5300002694129944 0.22834467887878418
-5.72529935836792 0.391375869512558 0.2181926965713501
-5.490162372589111 0.2645103335380554 0.20898675918579102
-5.27398681640625 0.1478695571422577 0.20060420036315918
-5.270237445831299 0.04173645004630089 0.20038938522338867
-5.289597988128662 -0.06449630856513977 0.2011333703994751
-5.309129238128662 -0.1715656965970993 0.2019665241241455
-5.292260646820068 -0.27765122056007385 0.20149528980255127
-5.270901679992676 -0.3829527199268341 0.20093560218811035
-5.2497334480285645 -0.4877220094203949 0.20046257972717285
-5.41057825088501 -0.6126399040222168 0.20703363418579102
-5.731969833374023 -0.7660673260688782 0.21987605094909668
-6.0961594581604 -0.9398869276046753 0.23452329635620117
-10.872851371765137 -2.3550782203674316 0.4229881763458252
-10.645991325378418 -2.5311036109924316 0.41605889797210693
-23.677562713623047 -8.752800941467285 0.959796667098999
-22.96895980834961 -9.019911766052246 0.9382379055023193
-22.834144592285156 -9.501300811767578 0.9403471946716309
-16.990297317504883 -7.473984241485596 0.705735445022583
-16.670852661132812 -7.737232685089111 0.6987901926040649
-16.925201416015625 -8.272941589355469 0.7162822484970093
-23.345401763916016 -11.99864673614502 0.9979985952377319
-23.732114791870117 -12.807151794433594 1.025335669517517
-23.511186599731445 -17.346498489379883 1.1109014749526978
-22.33367347717285 -17.18193817138672 1.0713750123977661
-21.607568740844727 -17.3260498046875 1.0530486106872559
-8.70358657836914 -7.271317481994629 0.43121087551116943
-8.417417526245117 -7.3246331214904785 0.4242473840713501
-8.14039134979248 -7.3764214515686035 0.4176781177520752
-6.602653503417969 -6.229340553283691 0.34513723850250244
-6.072272300720215 -5.964269161224365 0.3236180543899536
-5.711555480957031 -5.84023380279541 0.3105919361114502
-5.385223388671875 -5.7327799797058105 0.29905569553375244
-5.082149982452393 -5.6329851150512695 0.2884594202041626
-4.799717903137207 -5.539988994598389 0.27869749069213867
-4.535672187805176 -5.453047752380371 0.26967954635620117
-4.315374374389648 -5.4057230949401855 0.2629925012588501
-4.2250895500183105 -5.516602516174316 0.26419973373413086
-4.066257476806641 -5.536405086517334 0.26117849349975586
-3.907198905944824 -5.550442218780518 0.25807976722717285
-3.7408177852630615 -5.547848224639893 0.25441038608551025
-3.579051971435547 -5.545346736907959 0.25094354152679443
-3.421579360961914 -5.54293155670166 0.24766838550567627
-3.3047356605529785 -5.6026740074157715 0.24731862545013428
-3.190880537033081 -5.667079448699951 0.24727773666381836
-3.0770175457000732 -5.731503009796143 0.24733877182006836
-2.9630637168884277 -5.795992374420166 0.24749994277954102
-2.8489201068878174 -5.860602855682373 0.24776244163513184
-2.7344889640808105 -5.925390720367432 0.24812555313110352
-2.6305131912231445 -6.0151591300964355 0.2496178150177002
-30.13970947265625 -72.87831115722656 2.9985508918762207
-5.542089462280273 -14.203142166137695 0.5796788930892944
-5.161920070648193 -14.057287216186523 0.5693743228912354
-4.83997917175293 -14.047367095947266 0.5649150609970093
-4.532805442810059 -14.068317413330078 0.5619755983352661
-4.248522758483887 -14.15511417388916 0.5619139671325684
-3.9989683628082275 -14.366878509521484 0.5670158863067627
-3.1610023975372314 -12.309497833251953 0.4832122325897217
-2.8095850944519043 -11.932126998901367 0.4660838842391968
-2.5432093143463135 -11.86557674407959 0.46139276027679443
-1.6863141059875488 -8.719916343688965 0.33768606185913086
-1.4615669250488281 -8.467875480651855 0.32672178745269775
-1.2936451435089111 -8.5130615234375 0.327394962310791
-1.1249791383743286 -8.558595657348633 0.32820916175842285
-1.2943793535232544 -11.657291412353516 0.44595086574554443
-1.063102126121521 -11.71855640411377 0.44738638401031494
-0.8302387595176697 -11.780241012573242 0.4490123987197876
-0.5955723524093628 -11.842400550842285 0.45083487033843994
-0.3588999807834625 -11.905092239379883 0.4528545141220093
-0.1200578361749649 -11.973541259765625 0.45527398586273193
0.4395085275173187 -43.58103942871094 1.6570969820022583
1.290313959121704 -42.71738815307617 1.6249161958694458
2.1353745460510254 -42.40995407104492 1.6145292520523071
2.8208816051483154 -39.9920654296875 1.524332880973816
7.388715744018555 -81.39248657226562 3.1073827743530273
8.65808391571045 -77.93328094482422 2.981363296508789
2.385876417160034 -18.14301109313965 0.6957622766494751
2.724674940109253 -17.923120498657227 0.6892925500869751
3.061110258102417 -17.728879928588867 0.6840521097183228
3.417357921600342 -17.665491104125977 0.6841198205947876
9.83437728881836 -35.32331466674805 1.3941222429275513
10.454499244689941 -34.824520111083984 1.3824559450149536
8.9373140335083 -27.73282241821289 1.1078435182571411
9.24254322052002 -26.820079803466797 1.0785906314849854
9.697805404663086 -26.404884338378906 1.069521427154541
10.199019432067871 -26.133251190185547 1.0666124820709229
10.697534561157227 -25.86252212524414 1.0641295909881592
11.142107963562012 -25.474409103393555 1.057167887687683
11.662712097167969 -25.268070220947266 1.0581262111663818
32.84203338623047 -67.55023956298828 2.855818748474121
32.812347412109375 -64.17432403564453 2.740443229675293
32.7994384765625 -61.08618927001953 2.636211395263672
33.76707077026367 -59.96287155151367 2.61651611328125
35.14177322387695 -59.56951904296875 2.6296591758728027
36.771175384521484 -59.56109619140625 2.6614012718200684
38.45151138305664 -59.56866455078125 2.695748805999756
40.06829071044922 -59.41596221923828 2.7247653007507324
26.075410842895508 -37.0372314453125 1.7222033739089966
25.992807388305664 -35.38612365722656 1.66940176486969
26.025739669799805 -33.977073669433594 1.6272910833358765
27.19622230529785 -34.063594818115234 1.6572967767715454
29.68883514404297 -35.689353942871094 1.7650939226150513
30.581212997436523 -35.293582916259766 1.7755833864212036
31.85516929626465 -35.30360412597656 1.8079582452774048
26.59806251525879 -28.311298370361328 1.4769669771194458
26.205320358276367 -26.792558670043945 1.4249449968338013
26.383914947509766 -25.911588668823242 1.406032681465149
27.685081481933594 -26.116676330566406 1.4470971822738647
28.922395706176758 -26.204912185668945 1.4839073419570923
29.506872177124023 -25.673114776611328 1.487101435661316
30.097021102905273 -25.141212463378906 1.4910565614700317
30.18311882019043 -24.19944953918457 1.470910668373108
30.527841567993164 -23.483083724975586 1.4643951654434204
26.608680725097656 -19.62940788269043 1.2572027444839478
26.12858009338379 -18.475509643554688 1.216713786125183
26.123472213745117 -17.694791793823242 1.1996606588363647
31.64311408996582 -20.517520904541016 1.4338945150375366
32.163814544677734 -19.948043823242188 1.4390166997909546
29.806894302368164 -17.66635513305664 1.3174034357070923
29.809480667114258 -16.867223739624023 1.3022595643997192
29.799165725708008 -16.078975677490234 1.2874199151992798
29.85686492919922 -15.343057632446289 1.2763208150863647
29.935256958007812 -14.629997253417969 1.2668365240097046
29.95603370666504 -13.900971412658691 1.2556291818618774
29.87886619567871 -13.141507148742676 1.241064429283142
26.641490936279297 -11.083711624145508 1.097113013267517
26.535676956176758 -10.4187593460083 1.0839061737060547
26.462108612060547 -9.780366897583008 1.0726488828659058
26.44960594177246 -9.175517082214355 1.0644451379776
6.52683162689209 -2.118136167526245 0.2609001398086548
6.558940887451172 -1.9836792945861816 0.26053595542907715
6.58856201171875 -1.8488696813583374 0.2601827383041382
6.8901519775390625 -1.7848365306854248 0.27062010765075684
7.00360631942749 -1.6646833419799805 0.27370572090148926
29.947803497314453 -6.48488187789917 1.1650482416152954
29.881824493408203 -5.844089031219482 1.1576744318008423
29.473520278930664 -5.15114688873291 1.1376110315322876
29.230955123901367 -4.504957675933838 1.1245238780975342
29.29144859313965 -3.9129889011383057 1.1235960721969604
29.38035011291504 -3.3249669075012207 1.1242144107818604
28.889755249023438 -2.682244300842285 1.103154182434082
27.64483070373535 -2.0068564414978027 1.05386221408844
7.603809356689453 -0.3984696865081787 0.2895042896270752
7.466792583465576 -0.24084655940532684 0.2840456962585449
7.515786647796631 -0.09119674563407898 0.2857818603515625
26.945432662963867 0.21498245000839233 1.0245360136032104
30.6234188079834 0.8604200482368469 1.164805293083191
30.73642921447754 1.4826771020889282 1.1700018644332886
30.850330352783203 2.110738754272461 1.175716519355774
31.381492614746094 2.78212833404541 1.197849154472351
32.04123306274414 3.491314649581909 1.225464940071106
31.491477966308594 4.07377290725708 1.2073277235031128
30.258153915405273 4.534635066986084 1.1633061170578003
28.094701766967773 4.78995418548584 1.0836150646209717
26.907136917114258 5.146336555480957 1.0415923595428467
25.63963508605957 5.440567493438721 0.9965611696243286
25.741546630859375 6.005584716796875 1.005013346672058
25.84627914428711 6.580784797668457 1.0140655040740967
26.114477157592773 7.211260795593262 1.0300707817077637
26.359493255615234 7.852743148803711 1.0457549095153809
23.646865844726562 7.565589427947998 0.9439836740493774
23.44532585144043 8.024336814880371 0.9421905279159546
32.787418365478516 11.963576316833496 1.3270188570022583
32.51377868652344 12.610282897949219 1.325942873954773
32.52726745605469 13.374089241027832 1.337192416191101
31.88514518737793 13.866097450256348 1.3219932317733765
31.21555519104004 14.328100204467773 1.3059159517288208
30.58928108215332 14.792495727539062 1.2919028997421265
27.030296325683594 13.748845100402832 1.1530388593673706
26.541723251342773 14.179271697998047 1.1441314220428467
25.98442840576172 14.560653686523438 1.1325042247772217
25.986604690551758 15.256540298461914 1.1457421779632568
26.16200828552246 16.07556915283203 1.1674963235855103
26.040302276611328 16.731361389160156 1.176845669746399
32.66554260253906 21.928619384765625 1.4958916902542114
31.550146102905273 22.113046646118164 1.464884638786316
26.651960372924805 19.490827560424805 1.2554088830947876
29.3876895904541 22.41228485107422 1.4052239656448364
28.600099563598633 22.735673904418945 1.3891502618789673
27.8303165435791 23.052101135253906 1.3740025758743286
26.99367332458496 23.290096282958984 1.3555527925491333
26.367963790893555 23.691755294799805 1.3477874994277954
25.979780197143555 24.30479621887207 1.3526605367660522
26.155261993408203 25.47438621520996 1.3881944417953491
29.764751434326172 30.17986297607422 1.61166250705719
28.97740364074707 30.58820152282715 1.60201895236969
28.068653106689453 30.8485050201416 1.5857621431350708
27.272619247436523 31.212177276611328 1.5759392976760864
26.322946548461914 31.377086639404297 1.557216763496399
25.700468063354492 31.917259216308594 1.5580559968948364
25.473600387573242 32.97153854370117 1.5841881036758423
25.36496925354004 34.23232650756836 1.6199249029159546
25.29176139831543 35.60889434814453 1.660654902458191
35.549537658691406 52.24563217163086 2.40269136428833
41.9502067565918 64.40001678466797 2.9222588539123535
40.531009674072266 65.04499053955078 2.913943290710449
28.14995002746582 47.267635345458984 2.0917491912841797
2.944577932357788 5.178473949432373 0.22649896144866943
2.7476046085357666 5.066558837890625 0.21914052963256836
2.640537977218628 5.1118364334106445 0.21875905990600586
2.5338239669799805 5.1570281982421875 0.2184673547744751
2.4273786544799805 5.202167987823486 0.21826720237731934
2.32110595703125 5.2472968101501465 0.21815729141235352
2.214920997619629 5.292450428009033 0.21813833713531494
2.1087307929992676 5.337668418884277 0.21820974349975586
2.0022010803222656 5.382322311401367 0.2183452844619751
1.879498839378357 5.381251335144043 0.21672356128692627
1.758600115776062 5.380318641662598 0.21521782875061035
1.6393556594848633 5.379520893096924 0.21382379531860352
1.5165820121765137 5.360984802246094 0.21183156967163086
1.3948217630386353 5.338189601898193 0.20978021621704102
1.2753658294677734 5.315874099731445 0.20785391330718994
1.1580452919006348 5.29400634765625 0.2060455083847046
1.0427138805389404 5.272557258605957 0.2043529748916626
0.9292235374450684 5.251498222351074 0.20277154445648193
0.8174395561218262 5.230803489685059 0.20129752159118652
0.707230806350708 5.210447788238525 0.19992613792419434
0.5984780192375183 5.190407752990723 0.19865477085113525
0.49105772376060486 5.17065954208374 0.1974804401397705
0.3848634362220764 5.151182651519775 0.19640135765075684
0.27977919578552246 5.131956100463867 0.19541501998901367
0.17570695281028748 5.112959861755371 0.19451773166656494
0.07254821807146072 5.094176292419434 0.19370782375335693
-0.029801025986671448 5.075585842132568 0.1929839849472046
-0.13142746686935425 5.05717134475708 0.19234681129455566
-0.23242813348770142 5.03891658782959 0.19179069995880127
-0.3348652720451355 5.0506157875061035 0.19245362281799316
-0.44217267632484436 5.1099395751953125 0.1950134038925171
-0.5524234175682068 5.17096471786499 0.19772696495056152
-0.665842592716217 5.233821392059326 0.20060110092163086
-0.782668948173523 5.298643589019775 0.20364928245544434
-0.9031649231910706 5.365581035614014 0.20687615871429443
-2.0642950534820557 10.917598724365234 0.4224584102630615
-2.291598081588745 10.912747383117676 0.4239678382873535
-2.5220396518707275 10.914013862609863 0.42590200901031494
-2.8404183387756348 11.254972457885742 0.441347599029541
-3.162364959716797 11.546784400939941 0.45519280433654785
-3.5571773052215576 12.033076286315918 0.4770885705947876
-3.8394713401794434 12.088288307189941 0.482241153717041
-4.128047466278076 12.1447114944458 0.4877049922943115
-4.431676864624023 12.225400924682617 0.4944249391555786
-4.763424873352051 12.358988761901855 0.5036003589630127
-5.043434143066406 12.340046882629395 0.5068602561950684
-5.280886173248291 12.213723182678223 0.5059313774108887
-5.494237422943115 12.036710739135742 0.5030760765075684
-5.693591117858887 11.83729362487793 0.4994262456893921
-5.890151023864746 11.640692710876465 0.4960296154022217
-6.084141731262207 11.446683883666992 0.4928783178329468
-6.380053520202637 11.44208812713623 0.4981048107147217
-6.683585166931152 11.439346313476562 0.5037358999252319
-6.994115829467773 11.436457633972168 0.5097002983093262
-7.312176704406738 11.4334077835083 0.5160155296325684
-7.694383144378662 11.514142990112305 0.526536226272583
-10.256969451904297 14.700112342834473 0.6815160512924194
-9.551667213439941 13.118986129760742 0.6170049905776978
-11.174345970153809 14.716352462768555 0.7025610208511353
-11.645183563232422 14.712483406066895 0.7134135961532593
-12.12705135345459 14.70368480682373 0.7246685028076172
-12.624550819396973 14.694608688354492 0.7365868091583252
-13.138933181762695 14.685230255126953 0.7492132186889648
-13.671462059020996 14.67552661895752 0.7625926733016968
-14.21845817565918 14.66015338897705 0.7764989137649536
-14.789942741394043 14.6481294631958 0.7914574146270752
-15.420186996459961 14.669921875 0.8092297315597534
-16.0553035736084 14.670462608337402 0.826906681060791
-16.716320037841797 14.6686429977417 0.8455852270126343
-17.408218383789062 14.666744232177734 0.8654863834381104
-18.133729934692383 14.664753913879395 0.8867113590240479
-18.896053314208984 14.662665367126465 0.9093835353851318
-19.60179328918457 14.58833122253418 0.9290374517440796
-20.44601058959961 14.58700180053711 0.9549504518508911
-21.53207015991211 14.717552185058594 0.9916497468948364
-22.443115234375 14.686903953552246 1.0197961330413818
-22.893659591674805 14.332609176635742 1.0269609689712524
-22.8648681640625 13.682393074035645 1.0131194591522217
-22.914369583129883 13.093524932861328 1.0034416913986206
-23.889623641967773 13.020607948303223 1.034469485282898
-25.06606674194336 13.01495361328125 1.0738592147827148
-26.3361759185791 13.0088472366333 1.1168371438980103
-27.712846755981445 13.002232551574707 1.1638909578323364
-29.211166381835938 12.99503231048584 1.2155944108963013
-30.868242263793945 12.995049476623535 1.2734166383743286
-37.876548767089844 15.056048393249512 1.5497251749038696
-38.039180755615234 14.241756439208984 1.5443474054336548
-38.235740661621094 13.444992065429688 1.5410362482070923
-37.9001350402832 12.476423263549805 1.5170892477035522
-48.90599822998047 15.016327857971191 1.945153832435608
-52.236900329589844 14.896329879760742 2.0652999877929688
-53.15099334716797 14.007587432861328 2.0898776054382324
-53.86802291870117 13.043920516967773 2.107330322265625
-58.903785705566406 13.015082359313965 2.2936253547668457
-67.13137817382812 13.423151969909668 2.6029553413391113
-27.306259155273438 4.891050338745117 1.0547460317611694
-27.265478134155273 4.319769859313965 1.0496032238006592
-27.223068237304688 3.753530740737915 1.04485285282135
-27.174875259399414 3.191405773162842 1.0403282642364502
-27.047443389892578 2.626209020614624 1.0332189798355103
-5.830151081085205 0.44794538617134094 0.22232472896575928
-5.58623743057251 0.31634750962257385 0.2127373218536377
-5.362446308135986 0.19559982419013977 0.20402395725250244
-5.262170314788818 0.08602950721979141 0.20010244846343994
-5.281464576721191 -0.019878845661878586 0.20081114768981934
-5.300922870635986 -0.1265832483768463 0.2016063928604126
-5.301272392272949 -0.23333755135536194 0.2017577886581421
-5.279829502105713 -0.3388914465904236 0.20115959644317627
-5.2585835456848145 -0.44387054443359375 0.20065057277679443
-5.286787509918213 -0.5535334944725037 0.20211052894592285
-5.592530250549316 -0.6995051503181458 0.21429312229156494
-5.937759876251221 -0.8642911911010742 0.2281414270401001
-6.183209419250488 -1.0274039506912231 0.2383178472518921
-10.710156440734863 -2.451173782348633 0.41774535179138184
-23.99875259399414 -8.64229965209961 0.9698277711868286
-23.26177978515625 -8.90934944152832 0.9470983743667603
-22.848209381103516 -9.28201961517334 0.9376708269119263
-17.295930862426758 -7.435059547424316 0.7158025503158569
-16.618091583251953 -7.543179035186768 0.6938891410827637
-16.817073822021484 -8.045207023620605 0.7088109254837036
-23.111555099487305 -11.63325309753418 0.9837743043899536
-23.736440658569336 -12.5523042678833 1.0209155082702637
-23.70085906982422 -13.150124549865723 1.0305535793304443
-24.147554397583008 -17.50361442565918 1.133958101272583
-22.607648849487305 -17.0913143157959 1.0775682926177979
-21.84014892578125 -17.212133407592773 1.0572758913040161
-8.881184577941895 -7.293481349945068 0.43694937229156494
-8.53619384765625 -7.302482604980469 0.4271160364151001
-8.255427360534668 -7.354894161224365 0.42038512229919434
-6.846564292907715 -6.351255893707275 0.3550761938095093
-6.286262035369873 -6.071211338043213 0.33228325843811035
-5.855954170227051 -5.887782573699951 0.3157341480255127
-5.518996238708496 -5.776828289031982 0.30376946926116943
-5.206511974334717 -5.673933982849121 0.2927929162979126
-4.915724277496338 -5.578186511993408 0.28269338607788086
-4.644225120544434 -5.488790035247803 0.27337396144866943
-4.390611171722412 -5.405874729156494 0.2647899389266968
-4.248887538909912 -5.4518656730651855 0.2628045082092285
-4.132378101348877 -5.528161525726318 0.262423038482666
-3.9756271839141846 -5.547705173492432 0.25950193405151367
-3.8099589347839355 -5.548923969268799 0.255922794342041
-3.646300792694092 -5.546384334564209 0.2523723840713501
-3.487069606781006 -5.543933391571045 0.24901795387268066
-3.3524720668792725 -5.575674533843994 0.24736571311950684
-3.238586902618408 -5.6400909423828125 0.2472832202911377
-3.1247425079345703 -5.704497337341309 0.247300386428833
-3.0108394622802734 -5.768952369689941 0.24741995334625244
-2.896787643432617 -5.833507061004639 0.24763906002044678
-2.782485246658325 -5.898215293884277 0.24796080589294434
-2.665806770324707 -5.958553791046143 0.24819326400756836
-2.8321712017059326 -6.688052654266357 0.27615225315093994
-5.705593109130859 -14.265886306762695 0.5841814279556274
-5.319591045379639 -14.117773056030273 0.5736193656921387
-4.969700336456299 -14.038543701171875 0.5662224292755127
-4.661156177520752 -14.059553146362305 0.5631768703460693
-4.362995624542236 -14.10366439819336 0.5613152980804443
-4.088493824005127 -14.223388671875 0.5626927614212036
-24.01214599609375 -90.3398208618164 3.5541110038757324
-2.938037157058716 -12.022522926330566 0.47056448459625244
-2.6541919708251953 -11.893298149108887 0.4633239507675171
-1.8186287879943848 -8.996679306030273 0.3489861488342285
-1.5317556858062744 -8.449031829833984 0.3264812231063843
-1.3641012907028198 -8.494084358215332 0.32709527015686035
-1.1957660913467407 -8.539467811584473 0.3278515338897705
-1.3908826112747192 -11.63172721862793 0.4454052448272705
-1.160212755203247 -11.692832946777344 0.4467613697052002
-0.9280382394790649 -11.754335403442383 0.4483073949813843
-0.6941571235656738 -11.816287994384766 0.45004820823669434
-0.45833829045295715 -11.878751754760742 0.45198357105255127
-0.22045868635177612 -11.944637298583984 0.45422911643981934
0.02026214450597763 -12.23107624053955 0.4650444984436035
0.9366316795349121 -43.02182388305664 1.6361383199691772
1.7846206426620483 -42.58812713623047 1.6206823587417603
2.479515314102173 -39.94681930541992 1.52175772190094
6.7676215171813965 -82.2443618774414 3.137615203857422
8.297062873840332 -80.89119720458984 3.0917344093322754
2.228660821914673 -18.128183364868164 0.6944488286972046
2.582120656967163 -18.0054931640625 0.6915984153747559
2.9207229614257812 -17.809904098510742 0.686204195022583
3.259331703186035 -17.64496612548828 0.682236909866333
6.606118679046631 -29.14706802368164 1.1363204717636108
9.624021530151367 -35.730594635009766 1.406945824623108
10.161602973937988 -34.91480255126953 1.3825913667678833
10.859160423278809 -34.695350646972656 1.3822704553604126
9.08920955657959 -27.114973068237305 1.0873302221298218
9.498022079467773 -26.550268173217773 1.0721288919448853
9.9738187789917 -26.20622444152832 1.0661224126815796
10.509334564208984 -26.026451110839844 1.0671923160552979
10.956536293029785 -25.636558532714844 1.0600273609161377
11.39757251739502 -25.25082778930664 1.0533446073532104
32.875003814697266 -69.0929946899414 2.909224033355713
32.81153869628906 -65.52954864501953 2.7864065170288086
32.81343078613281 -62.36798095703125 2.6794943809509277
33.108768463134766 -59.97045135498047 2.6045775413513184
34.5492057800293 -59.709285736083984 2.6228866577148438
36.08634567260742 -59.56927490234375 2.6480817794799805
37.744144439697266 -59.56884002685547 2.6812686920166016
39.444793701171875 -59.56842041015625 2.7164063453674316
30.775999069213867 -44.50613021850586 2.0573630332946777
26.01546859741211 -36.04988098144531 1.690306305885315
25.940244674682617 -34.46333312988281 1.6400500535964966
26.497465133666992 -33.76823043823242 1.6320031881332397
29.13456153869629 -35.629634857177734 1.7499340772628784
30.125825881958008 -35.36601257324219 1.766389012336731
31.138830184936523 -35.10010528564453 1.7840300798416138
32.72286605834961 -35.42420959472656 1.833581566810608
26.180923461914062 -27.222856521606445 1.436045527458191
26.30974769592285 -26.27803611755371 1.4138346910476685
27.04574203491211 -25.947866439819336 1.425049901008606
28.648141860961914 -26.399503707885742 1.4812060594558716
29.304197311401367 -25.933971405029297 1.4878491163253784
30.07162094116211 -25.55340003967285 1.5004137754440308
30.14716148376465 -24.59092140197754 1.4792076349258423
30.33974266052246 -23.74806785583496 1.4649206399917603
27.273653030395508 -20.477149963378906 1.2967289686203003
26.355098724365234 -18.97091293334961 1.2346643209457397
26.059497833251953 -17.973752975463867 1.203637719154358
26.504243850708008 -17.504518508911133 1.2076715230941772
32.1348876953125 -20.307119369506836 1.4453283548355103
29.987642288208008 -18.116743087768555 1.332090973854065
29.806957244873047 -17.19905662536621 1.308435082435608
29.812990188598633 -16.41236686706543 1.293946385383606
29.832735061645508 -15.64989948272705 1.280882477760315
29.919692993164062 -14.936115264892578 1.271459937095642
29.945261001586914 -14.203911781311035 1.2601507902145386
29.860912322998047 -13.43509292602539 1.2449785470962524
29.903532028198242 -12.737524032592773 1.2358232736587524
26.12212371826172 34.406471252441406 0.5472655296325684
26.477663040161133 36.37089920043945 0.5699095726013184
36.06547927856445 51.69490051269531 0.7985265254974365
34.07813262939453 51.00220489501953 0.7770726680755615
39.80915069580078 62.25418472290039 0.9361211061477661
3.3020336627960205 5.40004825592041 0.08018612861633301
3.0016024112701416 5.138118743896484 0.0753856897354126
2.7643630504608154 4.958339691162109 0.07191705703735352
2.6588754653930664 5.003113269805908 0.07177609205245972
2.553765296936035 5.047745704650879 0.07166498899459839
2.4489474296569824 5.0922746658325195 0.07158440351486206
2.3443310260772705 5.136738300323486 0.07153195142745972
2.2398343086242676 5.18117094039917 0.07150810956954956
2.118192434310913 5.183578968048096 0.07093930244445801
1.9976392984390259 5.18391227722168 0.07037961483001709
1.8789409399032593 5.18427848815918 0.06985712051391602
1.7619551420211792 5.184678077697754 0.06937187910079956
1.6465526819229126 5.185110569000244 0.06891965866088867
1.5326098203659058 5.185575008392334 0.06850278377532959
1.419999361038208 5.186070919036865 0.06811761856079102
1.3086141347885132 5.1865997314453125 0.06776547431945801
1.1983400583267212 5.187160015106201 0.06744438409805298
1.08906888961792 5.187752723693848 0.06715327501296997
0.9796755313873291 5.182963848114014 0.06682246923446655
0.868746280670166 5.162978172302246 0.06632685661315918
0.7594115734100342 5.143295764923096 0.0658642053604126
0.6515487432479858 5.1238932609558105 0.06543511152267456
0.5450438857078552 5.104750156402588 0.0650365948677063
0.43978390097618103 5.085845947265625 0.0646703839302063
0.33566099405288696 5.067160606384277 0.0643346905708313
0.23257887363433838 5.048677444458008 0.06402641534805298
0.1304328739643097 5.030375957489014 0.06374871730804443
0.02913009375333786 5.012240886688232 0.0634990930557251
-0.07142135500907898 4.994255065917969 0.06327569484710693
-0.17131027579307556 4.976402282714844 0.06308102607727051
-0.2706260681152344 4.958666801452637 0.06291252374649048
-0.37022337317466736 4.951331615447998 0.0629003643989563
-0.47593122720718384 5.008230686187744 0.06373286247253418
-0.584516167640686 5.066701412200928 0.0646129846572876
-0.6961938738822937 5.126863479614258 0.06554561853408813
-0.8111947774887085 5.188838958740234 0.06653374433517456
-0.9297680854797363 5.252766132354736 0.06757992506027222
-1.0521817207336426 5.318789005279541 0.0686870813369751
-1.1787363290786743 5.387070655822754 0.06986081600189209
-2.574117422103882 10.726425170898438 0.13974541425704956
-2.8581864833831787 10.936054229736328 0.14319634437561035
-3.1170008182525635 11.015847206115723 0.14503228664398193
-3.514235019683838 11.529454231262207 0.15269339084625244
-3.9249069690704346 12.005598068237305 0.16001272201538086
-4.262076377868652 12.200554847717285 0.16372132301330566
-4.570430278778076 12.284018516540527 0.16604065895080566
-4.836399555206299 12.23989200592041 0.16672539710998535
-5.071181774139404 12.115344047546387 0.16638541221618652
-5.30511474609375 11.991287231445312 0.1661132574081421
-5.53839111328125 11.867621421813965 0.16590940952301025
-5.016148090362549 10.207708358764648 0.14408564567565918
-5.195439338684082 10.056427955627441 0.14339596033096313
-5.4739298820495605 10.092453956604004 0.14545100927352905
-6.5681233406066895 11.549423217773438 0.16831719875335693
-6.835489273071289 11.476170539855957 0.1692192554473877
-7.105876922607422 11.402158737182617 0.17020201683044434
-7.379578113555908 11.327309608459473 0.17126524448394775
-7.657306671142578 11.25218391418457 0.1724236011505127
-7.9411187171936035 11.179091453552246 0.17371582984924316
-9.484829902648926 12.799057006835938 0.2018120288848877
-9.7816801071167 12.659273147583008 0.20266962051391602
-4.288998126983643 5.325838565826416 0.08662837743759155
-4.4148173332214355 5.2618536949157715 0.08701473474502563
-4.5891289710998535 5.251402854919434 0.08835077285766602
-4.769082069396973 5.240775108337402 0.08976680040359497
-4.955124378204346 5.229950904846191 0.0912700891494751
-5.147735118865967 5.218910217285156 0.09286618232727051
-5.347453594207764 5.2076311111450195 0.09455990791320801
-5.554843425750732 5.1960906982421875 0.09635978937149048
-5.77056360244751 5.184261798858643 0.09827268123626709
-5.995303630828857 5.172117233276367 0.10030877590179443
-6.229856491088867 5.159624099731445 0.10247552394866943
-6.47509241104126 5.1467485427856445 0.10478508472442627
-6.731971263885498 5.13345193862915 0.10725092887878418
-7.067058086395264 5.167564392089844 0.11090999841690063
-20.826601028442383 14.595220565795898 0.3221776485443115
-21.860092163085938 14.6729736328125 0.3335326910018921
-22.857141494750977 14.684206008911133 0.3441680669784546
-22.865772247314453 14.048288345336914 0.33997488021850586
-22.89421844482422 13.439200401306152 0.33631157875061035
-23.243417739868164 13.022894859313965 0.3375236988067627
-24.370433807373047 13.017448425292969 0.35001707077026367
-25.584566116333008 13.011579513549805 0.36362242698669434
-26.89749526977539 13.005233764648438 0.37848806381225586
-28.32293701171875 12.998343467712402 0.39478814601898193
-13.200582504272461 5.73969030380249 0.18235468864440918
-31.669965744018555 13.019410133361816 0.43378591537475586
-38.1337776184082 14.787349700927734 0.5181419849395752
-38.33747863769531 13.9861421585083 0.516984224319458
-38.099388122558594 13.037290573120117 0.5101330280303955
-34.9352912902832 11.174935340881348 0.4646642208099365
-34.97517013549805 10.417181968688965 0.4623149633407593
-50.41880416870117 13.91946792602539 0.6626195907592773
-15.636455535888672 3.9802441596984863 0.2044060230255127
-15.679718017578125 3.6571531295776367 0.20396840572357178
-15.722859382629395 3.3353216648101807 0.20361685752868652
-15.914532661437988 3.0428810119628906 0.20526361465454102
-15.597372055053711 2.6582939624786377 0.20044302940368652
-15.438820838928223 2.312802791595459 0.19776785373687744
-15.28502082824707 1.976367712020874 0.19524836540222168
-15.463754653930664 1.6840566396713257 0.1970592737197876
-5.958243370056152 0.5278742909431458 0.07577753067016602
-5.7033467292785645 0.3898751735687256 0.07242059707641602
-5.469995975494385 0.26353880763053894 0.06937742233276367
-5.255389213562012 0.14734801650047302 0.06660395860671997
-5.225383281707764 0.041381072252988815 0.0661998987197876
-5.204402446746826 -0.06345763802528381 0.06593620777130127
-5.183605194091797 -0.1675097644329071 0.06570309400558472
-5.1629719734191895 -0.2708685100078583 0.06549680233001709
-5.14248514175415 -0.3736225664615631 0.06531977653503418
-5.122126579284668 -0.4758668541908264 0.06516903638839722
-5.257045745849609 -0.5952549576759338 0.0670238733291626
-5.559529781341553 -0.7430210709571838 0.07105767726898193
-5.789669036865234 -0.8926334977149963 0.07421320676803589
-5.907855987548828 -1.032890796661377 0.07597893476486206
-6.031917572021484 -1.180054783821106 0.07786309719085693
-6.162420272827148 -1.334790825843811 0.07987850904464722
-6.299986362457275 -1.4978333711624146 0.08203548192977905
-42.233238220214844 -10.942827224731445 0.5526946783065796
-35.40211868286133 -9.936729431152344 0.46581780910491943
-34.19878005981445 -10.345264434814453 0.4526336193084717
-34.244651794433594 -11.115567207336426 0.45610594749450684
-36.1168327331543 -12.531525611877441 0.48430168628692627
-23.164987564086914 -8.56332015991211 0.3128722906112671
-22.04595184326172 -8.65744686126709 0.3000500202178955
-11.312761306762695 -4.707246780395508 0.15522634983062744
-11.115409851074219 -4.889637470245361 0.15383660793304443
-10.921765327453613 -5.068981647491455 0.15253663063049316
-11.109549522399902 -5.4302849769592285 0.1566540002822876
-6.697503566741943 -3.4422607421875 0.09539669752120972
-6.570209503173828 -3.5456461906433105 0.0945812463760376
-6.458249092102051 -3.6547961235046387 0.09400814771652222
-6.505855560302734 -3.856497049331665 0.09581112861633301
-6.555430889129639 -4.066221237182617 0.09772515296936035
-26.4000186920166 -17.120086669921875 0.3986126184463501
-17.240863800048828 -11.67961597442627 0.2638133764266968
-16.96634292602539 -11.998406410217285 0.26325249671936035
-22.982397079467773 -16.956348419189453 0.3618175983428955
-22.150663375854492 -17.041139602661133 0.35404717922210693
-21.39055824279785 -17.15204429626465 0.3473418951034546
-8.420072555541992 -7.034457683563232 0.13899528980255127
-8.147509574890137 -7.089766502380371 0.13682246208190918
-7.369909286499023 -6.678247451782227 0.12599420547485352
-6.442441940307617 -6.078186988830566 0.11220699548721313
-6.060230255126953 -5.9524407386779785 0.10761284828186035
-5.707942962646484 -5.8365397453308105 0.10342097282409668
-5.381944179534912 -5.729288578033447 0.0995824933052063
-5.079165935516357 -5.629676342010498 0.09605526924133301
-4.796992301940918 -5.5368452072143555 0.0928075909614563
-4.5331807136535645 -5.4500532150268555 0.0898052453994751
-4.294018268585205 -5.378969192504883 0.08719295263290405
-4.22256326675415 -5.513306617736816 0.08797603845596313
-4.052801132202148 -5.518086910247803 0.0867345929145813
-3.8829033374786377 -5.515927791595459 0.08545529842376709
-3.7178826332092285 -5.5138373374938965 0.08424800634384155
-3.5574071407318115 -5.511811256408691 0.0831066370010376
-3.4080870151519775 -5.5210747718811035 0.08219599723815918
-3.2945032119750977 -5.585325717926025 0.08214902877807617
-3.1810011863708496 -5.6495361328125 0.08213555812835693
-3.0674891471862793 -5.713755130767822 0.08215570449829102
-2.953883171081543 -5.7780327796936035 0.08220881223678589
-2.8399906158447266 -5.842233657836914 0.08229362964630127
-2.7207224369049072 -5.8955559730529785 0.08225703239440918
-2.601520538330078 -5.948862552642822 0.08225399255752563
-4.042666435241699 -9.77523422241211 0.1340087652206421
-3.8938260078430176 -9.979009628295898 0.13570183515548706
-3.737718105316162 -10.17880916595459 0.13736748695373535
-3.6946892738342285 -10.723320007324219 0.14368462562561035
-4.510548114776611 -13.999246597290039 0.18632566928863525
-4.202437400817871 -14.001565933227539 0.18519461154937744
-3.371673107147217 -12.113238334655762 0.15928947925567627
-3.0542094707489014 -11.89361572265625 0.15556204319000244
-1.9324067831039429 -8.206812858581543 0.10681086778640747
-1.7481091022491455 -8.155967712402344 0.10567009449005127
-1.585602045059204 -8.199135780334473 0.10579460859298706
-1.4226598739624023 -8.242463111877441 0.10596311092376709
-1.2591396570205688 -8.285992622375488 0.10617607831954956
-1.0948983430862427 -8.32975959777832 0.10643243789672852
-0.9297938346862793 -8.37380313873291 0.10673457384109497
-1.06333327293396 -11.721096992492676 0.14909785985946655
-0.8304197788238525 -11.782803535461426 0.14964044094085693
-0.5957029461860657 -11.844989776611328 0.15024709701538086
-0.3589780926704407 -11.90770435333252 0.15092039108276367
-0.12003234773874283 -11.97100830078125 0.15166008472442627
0.30813324451446533 -30.5539493560791 0.3870891332626343
0.9285552501678467 -30.740949630737305 0.38961541652679443
1.5483160018920898 -30.750572204589844 0.39005303382873535
1.2680675983428955 -17.97760581970215 0.22831296920776367
1.6135329008102417 -17.77434730529785 0.22609853744506836
1.971744418144226 -17.748075485229492 0.22622370719909668
2.3304924964904785 -17.72186851501465 0.2264397144317627
2.672316551208496 -17.57871437072754 0.22525262832641602
3.04351806640625 -17.626995086669922 0.22661066055297852
3.419368267059326 -17.675878524780273 0.22807550430297852
28.07391929626465 -93.51573944091797 1.236925482749939
32.96644592285156 -89.76002502441406 1.2113810777664185
32.93043899536133 -84.37858581542969 1.1474615335464478
25.0330867767334 -60.52037048339844 0.8296935558319092
32.86579895019531 -75.1417007446289 1.0389952659606934
32.92068862915039 -71.32491302490234 0.9951751232147217
32.84051513671875 -67.54711151123047 0.9514886140823364
32.77818298339844 -64.10749053955078 0.9121391773223877
10.594164848327637 -19.730741500854492 0.28370964527130127
10.895820617675781 -19.34857177734375 0.28130853176116943
33.58539581298828 -56.93126678466797 0.8373730182647705
36.752254486083984 -59.53047180175781 0.8862975835800171
38.40947723388672 -59.50354766845703 0.8972179889678955
40.11391067504883 -59.48361587524414 0.9088994264602661
41.903316497802734 -59.51902770996094 0.9221318960189819
30.625843048095703 -41.69346237182617 0.6553716659545898
27.307584762573242 -35.65052795410156 0.568911075592041
32.25765609741211 -40.40310287475586 0.6549651622772217
31.645496368408203 -38.04148483276367 0.6268737316131592
31.468015670776367 -36.31703186035156 0.6087633371353149
38.66531753540039 -42.85098648071289 0.7311742305755615
29.910520553588867 -31.837114334106445 0.5533983707427979
27.3986873626709 -28.012664794921875 0.4964001178741455
30.643156051635742 -30.094581604003906 0.5441051721572876
31.30128288269043 -29.528018951416016 0.5451347827911377
31.88605308532715 -28.890113830566406 0.5450884103775024
29.60706901550293 -25.760297775268555 0.49717092514038086
29.576263427734375 -24.706205368041992 0.4882110357284546
29.65815544128418 -23.77855110168457 0.481569766998291
29.950288772583008 -23.038803100585938 0.47869133949279785
30.086519241333008 -22.19503402709961 0.47363829612731934
26.323766708374023 -18.613527297973633 0.40842580795288086
30.514358520507812 -20.668973922729492 0.4669005870819092
31.0176944732666 -20.11199378967285 0.46831655502319336
30.84206199645996 -19.1282901763916 0.4597649574279785
30.207616806030273 -17.903860092163086 0.44484853744506836
29.999238967895508 -16.974592208862305 0.4366631507873535
29.798931121826172 -16.0788516998291 0.42895257472991943
30.03229331970215 -15.433207511901855 0.4277569055557251
30.25493812561035 -14.78623104095459 0.42660582065582275
30.422866821289062 -14.11760139465332 0.42488396167755127
30.22225570678711 -13.2925386428833 0.41826415061950684
30.09589195251465 -12.520853042602539 0.4129455089569092
30.08871078491211 -11.813791275024414 0.40950310230255127
29.951885223388672 -11.07018756866455 0.4045299291610718
6.650144577026367 -2.306973457336426 0.08917176723480225
6.657976150512695 -2.160695791244507 0.0886760950088501
6.899659156799316 -2.086725950241089 0.09131747484207153
6.739919185638428 -1.8913434743881226 0.08868187665939331
7.004197120666504 -1.814379334449768 0.0916604995727539
6.945408821105957 -1.6508508920669556 0.0904383659362793
29.779216766357422 -6.448375225067139 0.3859984874725342
29.801546096801758 -5.82838773727417 0.384690523147583
28.82167625427246 -5.037223815917969 0.3706585168838501
21.26103973388672 -3.276665687561035 0.27252280712127686
21.147754669189453 -2.825087785720825 0.27028775215148926
21.089618682861328 -2.3867053985595703 0.26887667179107666
21.061189651489258 -1.955406904220581 0.2679586410522461
21.094974517822266 -1.531373381614685 0.26794230937957764
7.7440900802612305 -0.40582090616226196 0.09823954105377197
21.185346603393555 -0.683346688747406 0.2685234546661377
21.24607276916504 -0.25779905915260315 0.2691730260848999
21.309892654418945 0.17002150416374207 0.2699702978134155
25.68379020690918 0.7216328382492065 0.3254997730255127
25.762840270996094 1.242759346961975 0.3267529010772705
26.586332321166992 1.81900155544281 0.33759331703186035
31.692201614379883 2.809673309326172 0.40306389331817627
36.77448654174805 4.007065296173096 0.4686315059661865
31.7499942779541 4.107214450836182 0.40557241439819336
30.465368270874023 4.565690517425537 0.39025628566741943
26.129758834838867 4.454946041107178 0.33579766750335693
27.645902633666992 5.28763484954834 0.3565770387649536
27.113269805908203 5.753262996673584 0.35112905502319336
26.112537384033203 6.092140197753906 0.3396880626678467
25.879545211791992 6.5892534255981445 0.33831167221069336
26.104679107666016 7.208557605743408 0.343080997467041
31.6933650970459 9.441755294799805 0.41894102096557617
32.40845489501953 10.368775367736816 0.4310643672943115
23.201454162597656 7.94087028503418 0.31066465377807617
22.727243423461914 8.292790412902832 0.30648553371429443
32.19956970214844 12.488412857055664 0.4375225305557251
32.91819381713867 13.534821510314941 0.45089471340179443
33.06734848022461 14.380208015441895 0.45680785179138184
32.68339157104492 15.001846313476562 0.45557916164398193
32.5676155090332 15.749190330505371 0.4582885503768921
30.959474563598633 15.747398376464844 0.44002676010131836
31.24003028869629 16.68922996520996 0.4486943483352661
26.776199340820312 15.004338264465332 0.38883841037750244
26.806900024414062 15.738126754760742 0.393801212310791
33.0894889831543 20.332239151000977 0.49200189113616943
33.06328582763672 21.243743896484375 0.49786436557769775
33.422080993652344 22.436487197875977 0.5099614858627319
32.9887580871582 23.121339797973633 0.5103423595428467
31.950899124145508 23.36598777770996 0.5014550685882568
31.020740509033203 23.657718658447266 0.49422597885131836
30.650022506713867 24.365262985229492 0.49602651596069336
30.78911781311035 25.502897262573242 0.5064769983291626
27.611045837402344 23.822765350341797 0.46198904514312744
26.683990478515625 23.9757022857666 0.4544517993927002
30.93392562866211 28.939523696899414 0.5366369485855103
30.593616485595703 29.79720115661621 0.5410228967666626
30.528169631958008 30.95393180847168 0.5507634878158569
30.064363479614258 31.73558807373047 0.5537999868392944
29.210254669189453 32.103179931640625 0.5498510599136353
28.251508712768555 32.332454681396484 0.5439355373382568
27.30541229248047 32.54819869995117 0.5382158756256104
26.3331356048584 32.702964782714844 0.5319085121154785
26.05998420715332 33.730525970458984 0.5399889945983887
26.076370239257812 35.19244384765625 0.5548815727233887
36.90449905395508 51.958744049072266 0.8073711395263672
34.534210205078125 50.75345993041992 0.7776873111724854
34.03528594970703 52.2493782043457 0.7899620532989502
39.38890075683594 63.212127685546875 0.9435393810272217
3.1230132579803467 5.2439680099487305 0.07732170820236206
2.843017816543579 4.999866008758545 0.07286369800567627
2.7030324935913086 4.984368801116943 0.07183223962783813
2.5977773666381836 5.029055118560791 0.0717083215713501
2.492844581604004 5.073624134063721 0.07161372900009155
2.3881568908691406 5.118109703063965 0.07154965400695801
2.283618927001953 5.162550926208496 0.07151365280151367
2.1693029403686523 5.183448791503906 0.07118523120880127
2.0479297637939453 5.183768272399902 0.0706096887588501
1.928470492362976 5.184121131896973 0.0700719952583313
1.8107832670211792 5.184507369995117 0.06957024335861206
1.6947335004806519 5.184925556182861 0.06910455226898193
1.5801928043365479 5.1853766441345215 0.06867367029190063
1.4670394659042358 5.185859203338623 0.0682750940322876
1.355154037475586 5.186374187469482 0.06790947914123535
1.244428038597107 5.186921119689941 0.06757503747940063
1.1347466707229614 5.187500476837158 0.06727170944213867
1.026013731956482 5.188111305236816 0.06699824333190918
0.9150347709655762 5.171315670013428 0.06652951240539551
0.8050472736358643 5.1515092849731445 0.06605279445648193
0.6965813636779785 5.131991863250732 0.06561028957366943
0.5895223617553711 5.112742900848389 0.06519955396652222
0.4837527573108673 5.093740940093994 0.06482052803039551
0.3791685402393341 5.0749664306640625 0.06447076797485352
0.27566054463386536 5.056400775909424 0.06415218114852905
0.1731315553188324 5.03802490234375 0.06386101245880127
0.07148817926645279 5.019822120666504 0.06359982490539551
-0.029367834329605103 5.00177526473999 0.06336545944213867
-0.1295219361782074 4.983869552612305 0.06315910816192627
-0.22906875610351562 4.966086387634277 0.0629802942276001
-0.3280886709690094 4.94841194152832 0.06282651424407959
-0.431292861700058 4.984200477600098 0.06337761878967285
-0.5386450290679932 5.041998386383057 0.06423699855804443
-0.6490017771720886 5.101437091827393 0.06514889001846313
-0.7625781297683716 5.162635803222656 0.06611204147338867
-0.8796244263648987 5.225728511810303 0.06713312864303589
-1.000392198562622 5.290853023529053 0.0682140588760376
-1.125175952911377 5.3581695556640625 0.06936031579971313
-2.478649139404297 10.726244926452637 0.13946467638015747
-2.751647472381592 10.903229713439941 0.1424572467803955
-3.0077273845672607 10.98215103149414 0.14425045251846313
-3.3500847816467285 11.332524299621582 0.14970695972442627
-3.7529454231262207 11.815863609313965 0.15705740451812744
-4.138790130615234 12.176310539245605 0.16292107105255127
-4.432832717895508 12.22859001159668 0.164780855178833
-4.737707614898682 12.29226016998291 0.16688954830169678
-4.972900390625 12.167475700378418 0.16651976108551025
-5.2071661949157715 12.04322624206543 0.16621816158294678
-5.44069242477417 11.91940975189209 0.1659862995147705
-4.942493915557861 10.275723457336426 0.14445245265960693
-5.1176533699035645 10.114006996154785 0.14359736442565918
-5.356241226196289 10.077218055725098 0.14457577466964722
-6.456902027130127 11.579914093017578 0.16796326637268066
-6.723084449768066 11.506958961486816 0.16883230209350586
-6.992170333862305 11.433273315429688 0.16978025436401367
-7.264449596405029 11.358784675598145 0.17080926895141602
-7.5401997566223145 11.283416748046875 0.171921968460083
-7.821650505065918 11.209851264953613 0.1731628179550171
-9.361149787902832 12.857316970825195 0.20147943496704102
-9.656959533691406 12.71799373626709 0.2023003101348877
-4.284391403198242 5.412883758544922 0.08745354413986206
-4.343350410461426 5.266183853149414 0.08647763729095459
-4.51540994644165 5.25580358505249 0.08778131008148193
-4.692948818206787 5.24525260925293 0.08916252851486206
-4.876380443572998 5.2345123291015625 0.09062981605529785
-5.066185474395752 5.223565101623535 0.0921856164932251
-5.262852191925049 5.21238899230957 0.09383726119995117
-5.466954231262207 5.200960636138916 0.09559202194213867
-5.679102420806885 5.189255714416504 0.09745723009109497
-5.899969100952148 5.177247047424316 0.09944027662277222
-6.130316734313965 5.1649041175842285 0.10155022144317627
-6.3709564208984375 5.152193546295166 0.10379940271377563
-6.622827053070068 5.1390790939331055 0.10619807243347168
-6.946592807769775 5.169891357421875 0.10969966650009155
-7.310413360595703 5.215541362762451 0.11376523971557617
-21.481718063354492 14.683134078979492 0.32963621616363525
-22.430458068847656 14.678621292114258 0.33959531784057617
-22.87783432006836 14.32270622253418 0.34193718433380127
-22.85364532470703 13.675674438476562 0.33739614486694336
-22.907793045043945 13.089771270751953 0.33424246311187744
-23.888105392456055 13.019779205322266 0.34465324878692627
-25.064409255981445 13.014092445373535 0.35777580738067627
-26.334375381469727 13.007953643798828 0.37209463119506836
-27.710859298706055 13.001300811767578 0.38777029514312744
-12.913817405700684 5.744905948638916 0.17905569076538086
-30.91439437866211 13.014479637145996 0.4249236583709717
-37.90657043457031 15.067975997924805 0.5167632102966309
-38.02284240722656 14.235641479492188 0.5143401622772217
-38.245304107666016 13.448352813720703 0.5135875940322876
-34.908470153808594 11.491592407226562 0.4655797481536865
-34.96184158325195 10.734843254089355 0.4633171558380127
-35.72861862182617 10.188680648803711 0.4706670045852661
-15.618278503417969 4.116091251373291 0.20461416244506836
-15.661602973937988 3.792391777038574 0.20414113998413086
-15.704793930053711 3.470050573348999 0.20375299453735352
-15.815107345581055 3.1622848510742188 0.20431756973266602
-27.153383255004883 4.8636674880981445 0.34946465492248535
-15.504746437072754 2.4564738273620605 0.19887018203735352
-15.348654747009277 2.1162796020507812 0.19628167152404785
-15.388447761535645 1.807212233543396 0.19628655910491943
-6.866171836853027 0.6666802763938904 0.08739250898361206
-5.807375431060791 0.4461953639984131 0.07378721237182617
-5.565351963043213 0.31516462564468384 0.07061702013015747
-5.343214988708496 0.19489853084087372 0.06773495674133301
-5.233448505401611 0.08555984497070312 0.06630915403366089
-5.213171482086182 -0.01962188631296158 0.0660436749458313
-5.192300319671631 -0.12398955971002579 0.06579709053039551
-5.171600341796875 -0.22762984037399292 0.06557977199554443
-5.151054859161377 -0.33062544465065 0.06538999080657959
-5.130644798278809 -0.4330715835094452 0.06522881984710693
-5.140235424041748 -0.5381892323493958 0.06547480821609497
-5.428431034088135 -0.6789799332618713 0.06930595636367798
-5.741763114929199 -0.8357624411582947 0.07350456714630127
-5.857641220092773 -0.9733070135116577 0.07522457838058472
-5.979170322418213 -1.1174927949905396 0.07705807685852051
-6.106905937194824 -1.2689759731292725 0.0790172815322876
-6.241430282592773 -1.4284412860870361 0.08111321926116943
-42.1896858215332 -10.552887916564941 0.5509411096572876
-36.065982818603516 -9.795913696289062 0.4734508991241455
-34.19071578979492 -10.029067039489746 0.4513915777206421
-34.210044860839844 -10.786468505859375 0.45441949367523193
-36.78147888183594 -12.415841102600098 0.4917949438095093
-23.722389221191406 -8.542778015136719 0.3194183111190796
-22.503583908081055 -8.6189546585083 0.30527830123901367
-21.545654296875 -8.752857208251953 0.29461240768432617
-11.197661399841309 -4.81357479095459 0.15440785884857178
-11.002483367919922 -4.994176387786865 0.15307068824768066
-10.810864448547363 -5.171864986419678 0.15182065963745117
-20.96953582763672 -10.555068016052246 0.29740476608276367
-6.623279571533203 -3.50252366065979 0.0949169397354126
-6.4972920417785645 -3.604940176010132 0.09413081407546997
-6.485673427581787 -3.771028995513916 0.09504270553588867
-6.534404277801514 -3.9773101806640625 0.09690976142883301
-6.585196495056152 -4.191999912261963 0.09889274835586548
-25.982637405395508 -17.283960342407227 0.39533376693725586
-17.07530975341797 -11.860845565795898 0.26338255405426025
-23.386350631713867 -16.951854705810547 0.36591482162475586
-22.432661056518555 -16.95902442932129 0.35625791549682617
-21.749635696411133 -17.14080238342285 0.35081350803375244
-8.584717750549316 -7.050012588500977 0.14072751998901367
-8.260687828063965 -7.066792964935303 0.13771843910217285
-7.6968092918396 -6.857215404510498 0.1305907964706421
-6.666224002838135 -6.183962345123291 0.11519157886505127
-6.216525554656982 -6.003861427307129 0.10948604345321655
-5.852187156677246 -5.883996486663818 0.10513240098953247
-5.515583515167236 -5.773254871368408 0.10114985704421997
-5.2034077644348145 -5.670551776885986 0.09749752283096313
-4.912894248962402 -5.57497501373291 0.09413689374923706
-4.641641139984131 -5.4857354164123535 0.09103447198867798
-4.387592315673828 -5.402155876159668 0.08816581964492798
-4.237641334533691 -5.437434673309326 0.08733212947845459
-4.125539779663086 -5.519013404846191 0.08729243278503418
-3.9534974098205566 -5.516824245452881 0.08598262071609497
-3.786465644836426 -5.514705181121826 0.08474481105804443
-3.624124526977539 -5.51265287399292 0.08357661962509155
-3.466141700744629 -5.510662078857422 0.08247250318527222
-3.342090368270874 -5.558406829833984 0.08216547966003418
-3.2285609245300293 -5.622630596160889 0.08213740587234497
-3.1150684356689453 -5.686836242675781 0.08214348554611206
-3.001513719558716 -5.7510833740234375 0.08218258619308472
-2.8878073692321777 -5.815419673919678 0.08225584030151367
-2.770691394805908 -5.873213768005371 0.08226799964904785
-2.651474714279175 -5.926520824432373 0.08225095272064209
-2.828185558319092 -6.678642272949219 0.09188228845596313
-3.9581613540649414 -9.896720886230469 0.1350322961807251
-3.8036012649536133 -10.094466209411621 0.13665705919265747
-3.699638843536377 -10.45083999633789 0.14044612646102905
-4.630153656005859 -13.966033935546875 0.18639707565307617
-4.3396897315979 -14.028322219848633 0.1860259771347046
-4.056000709533691 -14.11034870147705 0.18599355220794678
-3.1687965393066406 -11.921831130981445 0.15627431869506836
-2.0658187866210938 -8.453384399414062 0.11024224758148193
-1.8161137104034424 -8.137919425964355 0.10563105344772339
-1.6537507772445679 -8.18102741241455 0.10573726892471313
-1.49100923538208 -8.224283218383789 0.1058880090713501
-1.3277506828308105 -8.267723083496094 0.10608029365539551
-1.163827657699585 -8.311385154724121 0.10631895065307617
-0.9991016387939453 -8.355308532714844 0.10660332441329956
-0.86628258228302 -8.730557441711426 0.11114555597305298
-0.9282413721084595 -11.756888389587402 0.14940422773361206
-0.6943086385726929 -11.818864822387695 0.14998406171798706
-0.45843809843063354 -11.881354331970215 0.15063047409057617
-0.22045227885246277 -11.944403648376465 0.1513427495956421
0.019907377660274506 -12.016949653625488 0.1522362232208252
0.6671294569969177 -30.642953872680664 0.38828909397125244
1.289780855178833 -30.779232025146484 0.3902648687362671
1.1226378679275513 -18.086544036865234 0.2295677661895752
1.4670592546463013 -17.828611373901367 0.2266228199005127
1.821560263633728 -17.75908088684082 0.22615957260131836
2.1800613403320312 -17.732845306396484 0.22633659839630127
2.5321335792541504 -17.656896591186523 0.2259734869003296
2.8873963356018066 -17.606687545776367 0.2260277271270752
3.2612452507019043 -17.65531349182129 0.2274487018585205
6.598661422729492 -29.114154815673828 0.37818336486816406
33.104251861572266 -92.53789520263672 1.2450603246688843
32.94491958618164 -86.56282806396484 1.1733475923538208
32.91141891479492 -81.50537872314453 1.113541841506958
32.880332946777344 -76.93476867675781 1.0599181652069092
32.95652770996094 -73.01371765136719 1.0148253440856934
32.87324523925781 -69.08928680419922 0.9692742824554443
32.79708480834961 -65.50065612792969 0.927994966506958
10.5597562789917 -20.070768356323242 0.287308931350708
10.640461921691895 -19.273256301879883 0.2788994312286377
34.52336883544922 -59.66463088989258 0.8732646703720093
36.049930572509766 -59.50917434692383 0.8814257383346558
37.7086296081543 -59.51279067993164 0.892533540725708
39.39324188232422 -59.49055862426758 0.9039007425308228
41.15122985839844 -59.51005172729492 0.9165874719619751
42.94072723388672 -59.50338363647461 0.9296014308929443
26.866823196411133 -35.694358825683594 0.5659679174423218
27.746936798095703 -35.36054229736328 0.5694097280502319
33.18171691894531 -40.57902908325195 0.6640551090240479
31.3945255279541 -36.855384826660156 0.613330602645874
31.929990768432617 -35.991905212402344 0.6095244884490967
30.0947322845459 -32.5791015625 0.5618687868118286
30.061594009399414 -31.257970809936523 0.5493999719619751
30.464309692382812 -30.427587509155273 0.5454638004302979
31.025379180908203 -29.765968322753906 0.544680118560791
31.640972137451172 -29.15743064880371 0.5450805425643921
29.620304107666016 -26.213712692260742 0.5010857582092285
29.58904457092285 -25.143335342407227 0.49190056324005127
29.623384475708008 -24.163681030273438 0.4842956066131592
29.78834342956543 -23.316463470458984 0.4792271852493286
30.057449340820312 -22.567243576049805 0.4761565923690796
26.58314323425293 -19.13506507873535 0.4149383306503296
26.524503707885742 -18.29447364807129 0.40819692611694336
30.916404724121094 -20.418495178222656 0.46936941146850586
31.016284942626953 -19.60024070739746 0.46480894088745117
30.606698989868164 -18.490739822387695 0.45300352573394775
30.05781364440918 -17.343807220458984 0.4396282434463501
29.732376098632812 -16.367990493774414 0.4299657344818115
29.92818832397461 -15.699974060058594 0.42814385890960693
30.163484573364258 -15.057823181152344 0.4270904064178467
30.381345748901367 -14.410759925842285 0.42598509788513184
30.31318473815918 -13.638580322265625 0.421097993850708
30.098159790039062 -12.820425987243652 0.41444456577301025
25.400650024414062 33.4561882019043 -0.532149076461792
25.37152671813965 34.85147476196289 -0.5461145639419556
11.413824081420898 16.36015510559082 -0.25271058082580566
25.44230842590332 38.07761764526367 -0.5801538228988647
3.5015954971313477 5.475852012634277 -0.08234071731567383
3.181358575820923 5.202700138092041 -0.07725465297698975
2.8982491493225098 4.9611992835998535 -0.07278871536254883
2.7202117443084717 4.879146575927734 -0.07076787948608398
2.616490125656128 4.923359394073486 -0.07063174247741699
2.5131173133850098 4.967402935028076 -0.07052373886108398
2.4006197452545166 4.991784572601318 -0.07016974687576294
2.2790606021881104 4.993724346160889 -0.06953859329223633
2.1596078872680664 4.9955925941467285 -0.06894659996032715
2.0421111583709717 4.99739408493042 -0.06839054822921753
1.9264341592788696 4.99913215637207 -0.06786990165710449
1.8124456405639648 5.0008087158203125 -0.06738406419754028
1.7000188827514648 5.0024261474609375 -0.06693118810653687
1.589036226272583 5.003986835479736 -0.06651186943054199
1.479386568069458 5.005494117736816 -0.06612247228622437
1.370953917503357 5.006949424743652 -0.06576418876647949
1.263641595840454 5.008355140686035 -0.06543582677841187
1.1573461294174194 5.009712219238281 -0.06513673067092896
1.051967740058899 5.01102352142334 -0.06486576795578003
0.947414755821228 5.012289524078369 -0.06462162733078003
0.8435964584350586 5.01351261138916 -0.06440615653991699
0.7404232621192932 5.014693260192871 -0.06421637535095215
0.6378082036972046 5.015834331512451 -0.06405401229858398
0.535667359828949 5.016935348510742 -0.06391787528991699
0.43335631489753723 5.011514663696289 -0.06372380256652832
0.3307803273200989 4.99348258972168 -0.06339722871780396
0.22921279072761536 4.975612640380859 -0.06309938430786133
0.12855315208435059 4.957888603210449 -0.0628284215927124
0.028711847960948944 4.94029426574707 -0.06258612871170044
-0.07039962708950043 4.92281436920166 -0.06237006187438965
-0.1688673496246338 4.905433177947998 -0.06218022108078003
-0.2667768895626068 4.888136386871338 -0.06201726198196411
-0.36421018838882446 4.870909690856934 -0.06187748908996582
-0.46444594860076904 4.887372970581055 -0.06219363212585449
-0.5702207684516907 4.942785739898682 -0.06303286552429199
-0.6789273023605347 4.999710559844971 -0.06391847133636475
-0.7907804846763611 5.058259963989258 -0.0648578405380249
-0.9060115814208984 5.1185526847839355 -0.06585150957107544
-1.024868369102478 5.180718898773193 -0.06690371036529541
-1.1476285457611084 5.244901657104492 -0.0680164098739624
-1.274590253829956 5.311255931854248 -0.06919556856155396
-1.406072735786438 5.379947185516357 -0.07044440507888794
-3.020944595336914 10.676373481750488 -0.14056158065795898
-3.2770729064941406 10.751374244689941 -0.14238959550857544
-3.660167694091797 11.195805549621582 -0.14921879768371582
-4.000340461730957 11.451309204101562 -0.15366584062576294
-2.0049145221710205 5.388641357421875 -0.07283633947372437
-2.1220247745513916 5.37039041519165 -0.07315313816070557
-2.2401785850524902 5.351914405822754 -0.07349920272827148
-2.359480381011963 5.333195686340332 -0.0738794207572937
-2.4800422191619873 5.31421422958374 -0.07429200410842896
-2.6019814014434814 5.294952392578125 -0.07474005222320557
-2.7254176139831543 5.275388717651367 -0.0752221941947937
-2.8504719734191895 5.255502700805664 -0.0757409930229187
-2.9772844314575195 5.23527193069458 -0.07629704475402832
-3.105988025665283 5.2146735191345215 -0.07689154148101807
-3.2367255687713623 5.193680763244629 -0.07752686738967896
-3.3696582317352295 5.172269821166992 -0.07820254564285278
-3.5049445629119873 5.1504106521606445 -0.07892274856567383
-3.6427524089813232 5.128076076507568 -0.07968568801879883
-3.783268928527832 5.105232238769531 -0.0804980993270874
-3.9266865253448486 5.081846237182617 -0.08135867118835449
-4.043487071990967 5.020976543426514 -0.08166933059692383
-4.130448341369629 4.922924041748047 -0.08140873908996582
-4.310853481292725 4.932969093322754 -0.08299320936203003
-4.3171000480651855 4.7440900802612305 -0.08125919103622437
-4.480339527130127 4.728832721710205 -0.08252382278442383
-4.707099437713623 4.772181987762451 -0.08491581678390503
-4.947509288787842 4.818144798278809 -0.08748781681060791
-5.203035354614258 4.867002964019775 -0.09025639295578003
-5.47539758682251 4.919085502624512 -0.09324526786804199
-5.728529453277588 4.941971778869629 -0.09584474563598633
-5.951508045196533 4.929093360900879 -0.09789615869522095
-6.184276103973389 4.91559362411499 -0.10007816553115845
-6.427685260772705 4.901419639587402 -0.10240238904953003
-6.682696342468262 4.886512756347656 -0.10487794876098633
-6.950379371643066 4.870804786682129 -0.10751897096633911
-7.2319207191467285 4.854223728179932 -0.11034184694290161
-7.528683185577393 4.8366827964782715 -0.11336183547973633
-7.8421854972839355 4.818087100982666 -0.11659979820251465
-8.174151420593262 4.798331260681152 -0.12007695436477661
-8.592141151428223 4.814032554626465 -0.12476873397827148
-9.257530212402344 4.944902420043945 -0.13295966386795044
-9.775577545166016 4.971579551696777 -0.13893556594848633
-10.411918640136719 5.034275531768799 -0.1465112566947937
-11.111488342285156 5.099432945251465 -0.15487980842590332
-11.629260063171387 5.05647087097168 -0.16064703464508057
-12.213766098022461 5.021035194396973 -0.16729187965393066
-12.90089225769043 5.002650737762451 -0.1752893328666687
-15.90650749206543 5.802954196929932 -0.2145007848739624
-16.029783248901367 5.485256195068359 -0.21463137865066528
-16.396467208862305 5.2448225021362305 -0.21808475255966187
-16.774757385253906 4.996277809143066 -0.22173523902893066
-31.4674072265625 8.687422752380371 -0.41355472803115845
-15.416404724121094 3.9242308139801025 -0.20152896642684937
-15.459525108337402 3.60579514503479 -0.2011047601699829
-15.296560287475586 3.244889736175537 -0.1980951428413391
-15.129560470581055 2.8927934169769287 -0.19513916969299316
-15.225303649902344 2.5948827266693115 -0.19566106796264648
-15.168654441833496 2.2723312377929688 -0.19430607557296753
-15.147870063781738 1.9586340188980103 -0.19349610805511475
-6.819807052612305 0.7427008152008057 -0.0869067907333374
-5.004978179931641 0.4434191882610321 -0.06365358829498291
-5.021996021270752 0.34329864382743835 -0.06376898288726807
-5.03904390335083 0.24277587234973907 -0.06390994787216187
-5.056136608123779 0.1417616307735443 -0.06407779455184937
-5.073286533355713 0.040176697075366974 -0.06427252292633057
-5.079557418823242 -0.0619354248046875 -0.0643543004989624
-5.059689998626709 -0.16350524127483368 -0.06413149833679199
-5.0399274826049805 -0.26441314816474915 -0.06393498182296753
-5.020253658294678 -0.3647419512271881 -0.06376528739929199
-5.000651836395264 -0.46458113193511963 -0.06362307071685791
-5.1120758056640625 -0.5788404941558838 -0.06517583131790161
-5.397263050079346 -0.72133469581604 -0.06898194551467896
-5.50394868850708 -0.8485819697380066 -0.0705493688583374
-5.609714984893799 -0.9807655215263367 -0.07214421033859253
-5.720353603363037 -1.1191023588180542 -0.07384037971496582
-5.836314678192139 -1.2641557455062866 -0.07565069198608398
-5.958086967468262 -1.416546106338501 -0.0775836706161499
-6.086223125457764 -1.576968789100647 -0.07964849472045898
-6.22135591506958 -1.7462214231491089 -0.08186036348342896
-6.36419153213501 -1.925192952156067 -0.08423161506652832
-9.827946662902832 -3.190079927444458 -0.1308990716934204
-9.798490524291992 -3.3997998237609863 -0.13139039278030396
-9.768281936645508 -3.61100697517395 -0.1319330334663391
-9.737293243408203 -3.8238372802734375 -0.13252687454223633
-9.705493927001953 -4.0384626388549805 -0.1331726312637329
-6.50109338760376 -2.8598132133483887 -0.0899738073348999
-6.3827433586120605 -2.9623429775238037 -0.08914309740066528
-6.2664103507995605 -3.06298565864563 -0.08836060762405396
-6.151950359344482 -3.1618669033050537 -0.08762580156326294
-6.039235591888428 -3.259103298187256 -0.08693671226501465
-6.074852466583252 -3.437828302383423 -0.08842718601226807
-6.112674236297607 -3.6234307289123535 -0.0900195837020874
-6.151823043823242 -3.815871477127075 -0.09170782566070557
-6.192405700683594 -4.0156989097595215 -0.0934985876083374
-6.234541893005371 -4.223516941070557 -0.09539860486984253
-6.278361797332764 -4.439987659454346 -0.09741520881652832
-15.91784381866455 -11.744142532348633 -0.25059759616851807
-14.851895332336426 -11.426007270812988 -0.23738038539886475
-8.77216911315918 -7.033973693847656 -0.14244329929351807
-7.15647554397583 -5.978800296783447 -0.11813604831695557
-6.80858850479126 -5.9246697425842285 -0.11433720588684082
-6.524868011474609 -5.912513256072998 -0.11154729127883911
-6.206096649169922 -5.855204105377197 -0.1080896258354187
-5.906164169311523 -5.8011155128479 -0.10487616062164307
-4.130020618438721 -4.2230682373046875 -0.07483035326004028
-4.106808185577393 -4.371856689453125 -0.07598757743835449
-4.082704544067383 -4.52521276473999 -0.07721012830734253
-4.794273376464844 -5.533705711364746 -0.09275394678115845
-4.530694007873535 -5.4470624923706055 -0.08975470066070557
-4.283514976501465 -5.365811824798584 -0.08697938919067383
-4.137628078460693 -5.402408123016357 -0.08620607852935791
-3.990131139755249 -5.432758808135986 -0.08539247512817383
-3.8453099727630615 -5.462524890899658 -0.08462774753570557
-3.6952433586120605 -5.48026180267334 -0.08373415470123291
-3.536036729812622 -5.478700637817383 -0.08260685205459595
-3.3975682258605957 -5.504034519195557 -0.08194094896316528
-3.2843408584594727 -5.56809663772583 -0.08189517259597778
-3.1671624183654785 -5.62495756149292 -0.08177798986434937
-3.0483689308166504 -5.678141117095947 -0.0816425085067749
-2.9299190044403076 -5.731155872344971 -0.08154177665710449
-2.8117074966430664 -5.784051418304443 -0.08147281408309937
-2.693638801574707 -5.836867332458496 -0.08143681287765503
-2.575624704360962 -5.889646053314209 -0.08143496513366699
-3.012751817703247 -7.284884929656982 -0.09986817836761475
-3.6825973987579346 -9.437678337097168 -0.128340482711792
-3.558183431625366 -9.689887046813965 -0.13076907396316528
-3.5394225120544434 -10.272680282592773 -0.13764649629592896
-3.518537998199463 -10.92037582397461 -0.14534735679626465
-3.444603443145752 -11.476633071899414 -0.15179753303527832
-2.1766300201416016 -7.81986665725708 -0.10283148288726807
-2.018827199935913 -7.861659526824951 -0.10282593965530396
-1.860970139503479 -7.90342378616333 -0.10286200046539307
-1.7029321193695068 -7.945191383361816 -0.10293889045715332
-1.5445775985717773 -7.986999988555908 -0.10305666923522949
-1.3857944011688232 -8.028875350952148 -0.10321658849716187
-1.2264477014541626 -8.070857048034668 -0.10341799259185791
-1.0664035081863403 -8.112977027893066 -0.10366213321685791
-0.9055290222167969 -8.155272483825684 -0.10394901037216187
-0.7436987161636353 -8.197774887084961 -0.10427796840667725
-0.6518058776855469 -9.248456001281738 -0.11745303869247437
-0.5852870345115662 -11.6378755569458 -0.14761966466903687
-0.3575460612773895 -11.86020565032959 -0.15031862258911133
-0.11968597769737244 -11.936446189880371 -0.1512225866317749
0.12105070799589157 -12.00317096710205 -0.15206849575042725
0.5397710800170898 -17.869768142700195 -0.22648382186889648
0.8696874380111694 -17.272546768188477 -0.21909183263778687
1.213466763496399 -17.203500747680664 -0.21848148107528687
1.5554463863372803 -17.13446807861328 -0.21795904636383057
1.895900845527649 -17.065391540527344 -0.21752142906188965
2.23506760597229 -16.9962215423584 -0.2171686291694641
2.5732297897338867 -16.926908493041992 -0.21690064668655396
2.910637855529785 -16.85740089416504 -0.21671509742736816
3.247540235519409 -16.787641525268555 -0.21661442518234253
3.5853967666625977 -16.72321128845215 -0.21666932106018066
3.9265379905700684 -16.671369552612305 -0.2169787883758545
4.280057430267334 -16.663171768188477 -0.21794742345809937
4.651895523071289 -16.70878028869629 -0.2197229266166687
5.039262294769287 -16.786054611206055 -0.22202825546264648
8.941719055175781 -27.746477127075195 -0.36930546164512634
9.52112865447998 -27.62847900390625 -0.37020817399024963
10.101505279541016 -27.504074096679688 -0.3711896240711212
10.87014389038086 -27.852882385253906 -0.3787701725959778
13.018503189086914 -31.473731994628906 -0.4314844012260437
13.910196304321289 -31.803144454956055 -0.43974733352661133
16.327802658081055 -35.375301361083984 -0.4935815632343292
17.07406997680664 -35.11833572387695 -0.4946875274181366
10.222858428955078 -19.993839263916016 -0.2844775915145874
10.350358009338379 -19.276674270629883 -0.27718019485473633
10.9369535446167 -19.421613693237305 -0.2823712229728699
9.848800659179688 -16.694904327392578 -0.24555730819702148
10.106239318847656 -16.369855880737305 -0.24371647834777832
10.370429039001465 -16.065759658813477 -0.2422448992729187
10.6314058303833 -15.76496410369873 -0.24088627099990845
25.376691818237305 -36.044776916503906 -0.5584454536437988
25.4258975982666 -34.614349365234375 -0.5440967082977295
25.1374568939209 -32.817405700683594 -0.5236939191818237
25.17978858947754 -31.537994384765625 -0.5112549066543579
25.31298065185547 -30.429080963134766 -0.5014306902885437
25.44033432006836 -29.360530853271484 -0.4921557903289795
25.38289451599121 -28.13068962097168 -0.4800012409687042
25.43979835510254 -27.07842445373535 -0.47068241238594055
25.51498031616211 -26.086742401123047 -0.46227115392684937
25.86903190612793 -25.405929565429688 -0.45933476090431213
26.54316520690918 -25.039457321166992 -0.46226930618286133
26.765169143676758 -24.250375747680664 -0.4575476348400116
26.910789489746094 -23.414335250854492 -0.45189517736434937
27.050573348999023 -22.59640121459961 -0.44651859998703003
27.184799194335938 -21.7955322265625 -0.4414087235927582
27.3137264251709 -21.010665893554688 -0.4365515410900116
27.437599182128906 -20.240909576416016 -0.43193790316581726
26.879962921142578 -19.006813049316406 -0.4170563220977783
27.618295669555664 -18.707313537597656 -0.42258793115615845
26.271785736083984 -17.034727096557617 -0.39666202664375305
26.16393280029297 -16.22690773010254 -0.39002689719200134
26.10344123840332 -15.471341133117676 -0.3844073712825775
26.105289459228516 -14.77126407623291 -0.3799823224544525
27.98630714416504 -15.10079574584961 -0.4028589129447937
27.919584274291992 -14.347517013549805 -0.39766544103622437
27.853464126586914 -13.612579345703125 -0.392744779586792
27.787878036499023 -12.89484691619873 -0.38808414340019226
27.72276496887207 -12.193196296691895 -0.3836713135242462
27.594526290893555 -11.480206489562988 -0.37862429022789
26.676441192626953 -10.474026679992676 -0.36306339502334595
26.571399688720703 -9.820762634277344 -0.3588727116584778
6.661526203155518 -2.310922145843506 -0.0893247127532959
27.266876220703125 -8.848848342895508 -0.3631616532802582
27.474470138549805 -8.309349060058594 -0.36362674832344055
6.732651233673096 -1.8893036842346191 -0.08858662843704224
6.793664455413818 -1.7598426342010498 -0.0889056921005249
6.896917819976807 -1.6393250226974487 -0.08980715274810791
26.010944366455078 -5.632395267486572 -0.33715397119522095
26.031082153320312 -5.0909857749938965 -0.3360193371772766
26.050886154174805 -4.5529656410217285 -0.33502447605133057
21.25030517578125 -3.2750115394592285 -0.27238577604293823
21.141855239868164 -2.82430100440979 -0.27020692825317383
21.16573143005371 -2.3953189849853516 -0.269847571849823
21.134965896606445 -1.9622563123703003 -0.2688977122306824
21.114669799804688 -1.5328031778335571 -0.26819300651550293
7.736156463623047 -0.40540510416030884 -0.09813922643661499
10.961221694946289 -0.3535621464252472 -0.13893252611160278
7.677695274353027 -0.09316131472587585 -0.09727132320404053
10.781603813171387 0.08602020144462585 -0.1365894079208374
10.693951606750488 0.30046600103378296 -0.13552796840667725
10.607599258422852 0.5116937160491943 -0.13453739881515503
25.58851432800293 1.7507319450378418 -0.32492315769195557
25.614290237426758 2.270836353302002 -0.32576417922973633
25.837312698364258 2.8153162002563477 -0.32925355434417725
27.6147518157959 3.572274684906006 -0.3527490496635437
25.697181701660156 3.8511059284210205 -0.32917726039886475
25.550085067749023 4.356115818023682 -0.32834964990615845
25.717683792114258 4.918837547302246 -0.33170777559280396
25.834854125976562 5.481991291046143 -0.3345721960067749
25.953914642333984 6.0551323890686035 -0.3376239538192749
25.95092010498047 6.607426643371582 -0.33924561738967896
25.925430297851562 7.159060001373291 -0.3407251238822937
25.96739959716797 7.735937118530273 -0.34325259923934937
29.866796493530273 9.555596351623535 -0.39725711941719055
30.35152816772461 10.388032913208008 -0.40640202164649963
30.61422348022461 11.170613288879395 -0.4128442704677582
30.827219009399414 11.956155776977539 -0.41887515783309937
31.046314239501953 12.76517391204834 -0.42525514960289
31.27198600769043 13.599449157714844 -0.4320056438446045
31.67685890197754 14.539843559265137 -0.44154971837997437
30.323833465576172 14.664130210876465 -0.4267145097255707
28.22374153137207 14.355880737304688 -0.40114444494247437
27.511741638183594 14.697482109069824 -0.3951459228992462
26.961227416992188 15.108016967773438 -0.39152470231056213
9.774550437927246 5.738564968109131 -0.1435907483100891
9.196595191955566 5.650961875915527 -0.1367419958114624
8.670790672302246 5.571137428283691 -0.13056403398513794
8.607112884521484 5.778017997741699 -0.13132935762405396
8.907469749450684 6.2431182861328125 -0.13779973983764648
11.001419067382812 8.045440673828125 -0.1726623773574829
11.034024238586426 8.415011405944824 -0.175795316696167
28.197797775268555 22.415863037109375 -0.45634159445762634
27.644872665405273 22.89849281311035 -0.45475468039512634
27.415525436401367 23.654069900512695 -0.45871585607528687
26.626026153564453 23.923620223999023 -0.4534662067890167
26.052183151245117 24.37251853942871 -0.45195072889328003
25.91380500793457 25.23921775817871 -0.45826420187950134
25.96037483215332 26.322431564331055 -0.4683557450771332
26.044086456298828 27.49182891845703 -0.4797455072402954
25.86728858947754 28.42913055419922 -0.48692265152931213
25.74860191345215 29.468008041381836 -0.49574708938598633
25.62409782409668 30.544057846069336 -0.5050756931304932
25.493358612060547 31.660051345825195 -0.5149463415145874
25.16379737854004 32.5705451965332 -0.5214172601699829
25.44838523864746 34.34491729736328 -0.541519820690155
11.407779693603516 16.061298370361328 -0.2495715618133545
11.422212600708008 16.786741256713867 -0.25722169876098633
25.28385353088379 38.814598083496094 -0.5868408679962158
3.310629367828369 5.312965393066406 -0.07930421829223633
3.0128142833709717 5.058929443359375 -0.07459235191345215
2.7638051509857178 4.860558986663818 -0.07083380222320557
2.6599106788635254 4.904852867126465 -0.07068485021591187
2.5564053058624268 4.9489617347717285 -0.07056581974029541
2.452223777770996 4.990949630737305 -0.07044678926467896
2.329741954803467 4.992919921875 -0.06979924440383911
2.209423065185547 4.994818210601807 -0.06918948888778687
2.09112548828125 4.996647357940674 -0.06861943006515503
1.9747017621994019 4.998411178588867 -0.06808412075042725
1.860020399093628 5.000113010406494 -0.06758368015289307
1.7469537258148193 5.0017547607421875 -0.06711798906326294
1.6353811025619507 5.0033392906188965 -0.06668341159820557
1.5251848697662354 5.004868507385254 -0.06628179550170898
1.416256308555603 5.006345748901367 -0.0659106969833374
1.3084869384765625 5.0077714920043945 -0.06556951999664307
1.2017773389816284 5.009149074554443 -0.06525880098342896
1.0960237979888916 5.01047945022583 -0.06497502326965332
0.9911388158798218 5.0117645263671875 -0.0647205114364624
0.8870226740837097 5.013004779815674 -0.06449282169342041
0.7835900187492371 5.0142035484313965 -0.06429266929626465
0.6807506680488586 5.015361309051514 -0.06411868333816528
0.5784227848052979 5.016478538513184 -0.06397223472595215
0.4765179455280304 5.017557144165039 -0.06385016441345215
0.3736434876918793 5.00101900100708 -0.06353151798248291
0.27166321873664856 4.983083248138428 -0.06322145462036133
0.1706324815750122 4.965299606323242 -0.06293946504592896
0.07046035677194595 4.947653293609619 -0.06268435716629028
-0.02894730120897293 4.930126667022705 -0.06245732307434082
-0.12767258286476135 4.91270637512207 -0.06225651502609253
-0.22580689191818237 4.895375728607178 -0.06208193302154541
-0.3234284818172455 4.878122329711914 -0.061933040618896484
-0.4209417700767517 4.8645758628845215 -0.0618554949760437
-0.5255459547042847 4.919384479522705 -0.06267523765563965
-0.6330007910728455 4.975663185119629 -0.06354069709777832
-0.7435057163238525 5.033516883850098 -0.06445741653442383
-0.8572936058044434 5.093064308166504 -0.06542849540710449
-0.9745970964431763 5.154428005218506 -0.06645452976226807
-1.095688819885254 5.217749118804932 -0.06754153966903687
-1.220849871635437 5.283172607421875 -0.06869268417358398
-1.3503973484039307 5.350863456726074 -0.06991153955459595
-2.9155235290527344 10.645485877990723 -0.13982731103897095
-3.1689281463623047 10.719714164733887 -0.1416107416152954
-3.4968910217285156 11.009696006774902 -0.1463409662246704
-3.897423028945923 11.46621036529541 -0.1534210443496704
-1.9561187028884888 5.39622688293457 -0.07271426916122437
-2.0728254318237305 5.378065586090088 -0.07301580905914307
-2.1905269622802734 5.359686851501465 -0.07335025072097778
-2.309335470199585 5.341071128845215 -0.07371646165847778
-2.429354667663574 5.322202682495117 -0.07411503791809082
-2.5507054328918457 5.303060054779053 -0.07454836368560791
-2.673497200012207 5.283625602722168 -0.07501530647277832
-2.7978556156158447 5.2638773918151855 -0.07551825046539307
-2.9239134788513184 5.2437944412231445 -0.07605898380279541
-3.051809549331665 5.223351955413818 -0.0766376256942749
-3.1816751956939697 5.202528476715088 -0.07725465297698975
-3.3136701583862305 5.181296348571777 -0.07791388034820557
-3.447948455810547 5.159628868103027 -0.07861578464508057
-3.5846781730651855 5.1374969482421875 -0.07936036586761475
-3.7240331172943115 5.114870548248291 -0.08015203475952148
-3.8662149906158447 5.0917158126831055 -0.08099126815795898
-4.006855487823486 5.062243938446045 -0.08178776502609253
-4.094078540802002 4.963948726654053 -0.08151370286941528
-4.180696964263916 4.866207122802734 -0.08127260208129883
-4.314513683319092 4.822279930114746 -0.08197271823883057
-4.389039516448975 4.711380958557129 -0.08157110214233398
-4.610489368438721 4.7537126541137695 -0.08389347791671753
-4.845003604888916 4.79854679107666 -0.08638739585876465
-5.094003200531006 4.846154689788818 -0.08906984329223633
-5.359087944030762 4.896843910217285 -0.09196412563323975
-5.637803554534912 4.9471964836120605 -0.09502077102661133
-5.856919765472412 4.934562683105469 -0.09702152013778687
-6.085480690002441 4.921329975128174 -0.09914737939834595
-6.324317455291748 4.907445430755615 -0.10141056776046753
-6.574346542358398 4.892853260040283 -0.10382020473480225
-6.836581230163574 4.877490043640137 -0.10639041662216187
-7.112157821655273 4.8612847328186035 -0.10913515090942383
-7.402373790740967 4.844155788421631 -0.11207038164138794
-7.708653450012207 4.826015472412109 -0.11521488428115845
-8.032655715942383 4.806759357452393 -0.11858892440795898
-8.376233100891113 4.786273002624512 -0.12221503257751465
-9.053302764892578 4.93433952331543 -0.13061952590942383
-9.552940368652344 4.960134029388428 -0.1363605260848999
-10.130504608154297 5.0039963722229 -0.14313966035842896
-10.824533462524414 5.078622341156006 -0.15147161483764648
-11.407670974731445 5.0748748779296875 -0.15817201137542725
-11.948068618774414 5.029951095581055 -0.164229154586792
-12.605141639709473 5.010581016540527 -0.17183899879455566
-15.9801025390625 5.982901573181152 -0.2161651849746704
-15.87938117980957 5.583731651306152 -0.213240385055542
-16.24142074584961 5.346545696258545 -0.21661442518234253
-16.614748001098633 5.101468563079834 -0.22018009424209595
-16.99555778503418 4.846599578857422 -0.22388982772827148
-15.398262977600098 4.058108329772949 -0.20173096656799316
-15.44148063659668 3.7390904426574707 -0.2012714147567749
-15.388047218322754 3.400063991546631 -0.1996423602104187
-15.17198371887207 3.0336897373199463 -0.19600892066955566
-23.47464370727539 4.204738140106201 -0.30211853981018066
-15.229223251342773 2.4128222465515137 -0.1953357458114624
-15.082051277160645 2.0795199871063232 -0.19287359714508057
-15.249642372131348 1.7909107208251953 -0.19451665878295898
-6.04751443862915 0.5871919393539429 -0.07697272300720215
-5.0148606300354 0.385304719209671 -0.0637170672416687
-5.031895160675049 0.28495529294013977 -0.06384831666946411
-5.048965930938721 0.18416549265384674 -0.06400454044342041
-5.066091537475586 0.08282379060983658 -0.06418764591217041
-5.083281993865967 -0.01913299597799778 -0.06439638137817383
-5.068003177642822 -0.12102141976356506 -0.06422185897827148
-5.048198223114014 -0.22219863533973694 -0.06401371955871582
-5.028489112854004 -0.32275861501693726 -0.06383365392684937
-5.008859157562256 -0.4227917492389679 -0.06367921829223633
-5.001675128936768 -0.5236817598342896 -0.06370854377746582
-5.27378511428833 -0.6596372723579407 -0.06733095645904541
-5.460973739624023 -0.7948911786079407 -0.06991034746170044
-5.564821720123291 -0.9246522188186646 -0.07146430015563965
-5.6733622550964355 -1.0603382587432861 -0.0731164813041687
-5.787039756774902 -1.2025092840194702 -0.07487738132476807
-5.906311511993408 -1.351744532585144 -0.07675784826278687
-6.031707763671875 -1.5087089538574219 -0.07876527309417725
-6.16383171081543 -1.6741642951965332 -0.08091431856155396
-6.3033447265625 -1.8489423990249634 -0.08321720361709595
-9.840075492858887 -3.1025872230529785 -0.13070744276046753
-9.81092357635498 -3.311744213104248 -0.131178617477417
-9.781036376953125 -3.522294282913208 -0.13169926404953003
-9.750377655029297 -3.734431743621826 -0.1322711706161499
-9.718921661376953 -3.9482836723327637 -0.13289493322372437
-6.551333904266357 -2.81624436378479 -0.09033817052841187
-6.432086944580078 -2.919612407684326 -0.0894855260848999
-6.314926624298096 -3.0210301876068115 -0.08868288993835449
-6.199699401855469 -3.120634078979492 -0.08792853355407715
-6.0862717628479 -3.21854305267334 -0.08722048997879028
-6.059374809265137 -3.3619678020477295 -0.08778631687164307
-6.096668243408203 -3.5448460578918457 -0.08934146165847778
-6.135247707366943 -3.7343547344207764 -0.09098881483078003
-6.175215721130371 -3.9310142993927 -0.0927356481552124
-6.216687202453613 -4.135414123535156 -0.09458863735198975
-6.259783744812012 -4.348169326782227 -0.0965539813041687
-6.304644584655762 -4.569990634918213 -0.09864568710327148
-15.51427173614502 -11.728741645812988 -0.24638432264328003
-14.516860008239746 -11.440677642822266 -0.23415225744247437
-7.39090633392334 -6.0696234703063965 -0.12115728855133057
-6.919600009918213 -5.919529438018799 -0.11535894870758057
-6.657851219177246 -5.931587219238281 -0.11296206712722778
-6.337271690368652 -5.87880802154541 -0.10950690507888794
-6.029685020446777 -5.823410987854004 -0.1061939001083374
-5.73984956741333 -5.771048069000244 -0.10311347246170044
-4.116641998291016 -4.308959484100342 -0.07549506425857544
-4.092918872833252 -4.460365295410156 -0.07669007778167725
-4.068270206451416 -4.616525650024414 -0.07795172929763794
-4.6390604972839355 -5.48268461227417 -0.09098392724990845
-4.38523006439209 -5.399247169494629 -0.08811831474304199
-4.200287342071533 -5.389504909515381 -0.08656191825866699
-4.051610469818115 -5.420112609863281 -0.08572697639465332
-3.9056947231292725 -5.450117588043213 -0.08494263887405396
-3.762336254119873 -5.4795637130737305 -0.08420413732528687
-3.602231025695801 -5.479350566864014 -0.08307135105133057
-3.4454774856567383 -5.477809429168701 -0.08198124170303345
-3.3317790031433105 -5.541257858276367 -0.08191043138504028
-3.2170662879943848 -5.602611064910889 -0.08184391260147095
-3.0981082916259766 -5.655874729156494 -0.08169496059417725
-2.979527235031128 -5.708954334259033 -0.08157962560653687
-2.8612282276153564 -5.761894226074219 -0.08149784803390503
-2.7431066036224365 -5.814741134643555 -0.08144903182983398
-2.625082492828369 -5.867528438568115 -0.08143073320388794
-2.507054567337036 -5.920304298400879 -0.0814477801322937
-3.744445562362671 -9.362361907958984 -0.1277405023574829
-3.5958921909332275 -9.543222427368164 -0.129194974899292
-3.5475239753723145 -10.021141052246094 -0.1346704363822937
-3.5275731086730957 -10.640298843383789 -0.14201050996780396
-3.4901139736175537 -11.282013893127441 -0.14960700273513794
-2.2895798683166504 -7.965179920196533 -0.10499268770217896
-2.084958076477051 -7.844151020050049 -0.10282289981842041
-1.9271435737609863 -7.885921955108643 -0.10284185409545898
-1.7691962718963623 -7.927683353424072 -0.10290104150772095
-1.6109859943389893 -7.969472408294678 -0.10300236940383911
-1.4523996114730835 -8.011314392089844 -0.10314399003982544
-1.2933070659637451 -8.053247451782227 -0.10332828760147095
-1.1335704326629639 -8.095306396484375 -0.1035541296005249
-0.9730592966079712 -8.137524604797363 -0.10382390022277832
-0.811647355556488 -8.179933547973633 -0.10413581132888794
-0.6522471904754639 -8.261210441589355 -0.10498112440109253
-0.6783366799354553 -11.546980857849121 -0.14653325080871582
-0.4539898633956909 -11.766075134277344 -0.1491687297821045
-0.21979355812072754 -11.908697128295898 -0.15088874101638794
0.019838102161884308 -11.975119590759277 -0.15170538425445557
0.26217347383499146 -12.042281150817871 -0.1525934338569641
0.7245052456855774 -17.28954315185547 -0.21922242641448975
1.069623351097107 -17.232433319091797 -0.21872687339782715
1.4123220443725586 -17.16340446472168 -0.21816778182983398
1.7533785104751587 -17.094350814819336 -0.21769410371780396
2.0930676460266113 -17.025224685668945 -0.21730655431747437
2.43161678314209 -16.95598030090332 -0.21700263023376465
2.769299030303955 -16.886560440063477 -0.21678286790847778
3.106377601623535 -16.816913604736328 -0.21664679050445557
3.443114757537842 -16.74698829650879 -0.21659547090530396
3.7834668159484863 -16.693145751953125 -0.21683841943740845
4.125950813293457 -16.644182205200195 -0.21723699569702148
4.495339393615723 -16.689613342285156 -0.21896612644195557
4.870687961578369 -16.735477447509766 -0.22080755233764648
8.699139595031738 -27.79404067993164 -0.36894962191581726
9.278177261352539 -27.6787052154541 -0.3698199689388275
9.858161926269531 -27.55699348449707 -0.37076786160469055
10.485651016235352 -27.551071166992188 -0.37345096468925476
12.654287338256836 -31.338449478149414 -0.42815250158309937
13.53250503540039 -31.663923263549805 -0.43622928857803345
14.443524360656738 -31.998991012573242 -0.44475772976875305
16.829111099243164 -35.369537353515625 -0.49621036648750305
17.25354766845703 -34.457908630371094 -0.4881909489631653
10.294379234313965 -19.566370010375977 -0.280087947845459
10.508049011230469 -19.03341293334961 -0.2754284739494324
9.720458030700684 -16.79927635192871 -0.2458789348602295
10.018832206726074 -16.538524627685547 -0.24496221542358398
10.260111808776855 -16.19278907775879 -0.2428491711616516
10.522406578063965 -15.890642166137695 -0.24144232273101807
25.326908111572266 -36.62601852416992 -0.5641229152679443
25.510419845581055 -35.350040435791016 -0.5522607564926147
25.255889892578125 -33.55412673950195 -0.5320336818695068
25.12212562561035 -32.015499114990234 -0.5155457258224487
25.25790023803711 -30.888734817504883 -0.5054791569709778
25.387643814086914 -29.803653717041016 -0.49597904086112976
25.407995223999023 -28.640228271484375 -0.4850238263607025
25.406904220581055 -27.50429344177246 -0.47434574365615845
25.48402976989746 -26.49822425842285 -0.46574100852012634
25.588924407958984 -25.558073043823242 -0.45817020535469055
26.259611129760742 -25.19365692138672 -0.461012601852417
26.702329635620117 -24.606435775756836 -0.46000370383262634
26.850486755371094 -23.762447357177734 -0.45422792434692383
26.9926815032959 -22.93707275390625 -0.4487384259700775
27.129199981689453 -22.129179000854492 -0.44351932406425476
27.260324478149414 -21.337688446044922 -0.43855714797973633
27.38628578186035 -20.56171989440918 -0.4338434040546417
27.57613754272461 -19.84984016418457 -0.4304376542568207
27.60616111755371 -19.04051399230957 -0.4248431622982025
26.38970375061035 -17.428871154785156 -0.40064701437950134
26.111984252929688 -16.501047134399414 -0.39131107926368713
26.102663040161133 -15.769672393798828 -0.3863397538661957
26.104515075683594 -15.06269645690918 -0.38180607557296753
26.92127799987793 -14.820448875427246 -0.38931339979171753
27.94746971130371 -14.66091251373291 -0.3998071551322937
27.881105422973633 -13.91844367980957 -0.3947741985321045
27.8153018951416 -13.19361400604248 -0.39000552892684937
27.749998092651367 -12.485346794128418 -0.385490745306015
27.596891403198242 -11.755000114440918 -0.3800024688243866
3.9524755477905273 5.205958366394043 -0.24852114915847778
3.7763147354125977 5.18731689453125 -0.2439563274383545
3.6059863567352295 5.16868782043457 -0.2396203875541687
3.4411163330078125 5.150062561035156 -0.2355005145072937
3.2813525199890137 5.131433010101318 -0.23158389329910278
3.069124221801758 5.019154071807861 -0.22368472814559937
2.8017148971557617 4.795953750610352 -0.21118414402008057
2.6774215698242188 4.802394866943359 -0.2090545892715454
2.554610252380371 4.806921482086182 -0.20697271823883057
2.433826446533203 4.810673236846924 -0.20498418807983398
2.3152413368225098 4.814250946044922 -0.20311224460601807
2.1987099647521973 4.817662715911865 -0.2013489007949829
2.084094524383545 4.8209147453308105 -0.19969242811203003
1.9712611436843872 4.824013710021973 -0.19813787937164307
1.8600881099700928 4.826964378356934 -0.19668340682983398
1.750458002090454 4.829773902893066 -0.19532352685928345
1.642253041267395 4.8324456214904785 -0.19405579566955566
1.535370111465454 4.834985256195068 -0.1928790807723999
1.429704189300537 4.837396621704102 -0.19178897142410278
1.325155258178711 4.83968448638916 -0.19078493118286133
1.221631407737732 4.841851234436035 -0.18986272811889648
1.119039535522461 4.843900680541992 -0.1890222430229187
1.0172899961471558 4.845836162567139 -0.1882617473602295
0.9162963628768921 4.847659587860107 -0.18757879734039307
0.8159780502319336 4.849374771118164 -0.1869714856147766
0.7162505388259888 4.850983619689941 -0.1864398717880249
0.6170379519462585 4.8524885177612305 -0.18598389625549316
0.5182595252990723 4.853890895843506 -0.1856006383895874
0.4198378026485443 4.855191707611084 -0.18528997898101807
0.32169997692108154 4.856393814086914 -0.1850513219833374
0.2237713634967804 4.8574981689453125 -0.1848846673965454
0.12597671151161194 4.8585052490234375 -0.18478822708129883
0.028241880238056183 4.859416484832764 -0.18476563692092896
-0.06940506398677826 4.853343963623047 -0.1845489740371704
-0.1664915382862091 4.836415767669678 -0.1839960217475891
-0.26303330063819885 4.819540977478027 -0.18351811170578003
-0.35911116003990173 4.802706241607666 -0.18311524391174316
-0.4548022449016571 4.785898208618164 -0.18278628587722778
-0.5565995573997498 4.824711799621582 -0.1846582293510437
-0.6624858379364014 4.878636360168457 -0.18719422817230225
-0.7713568210601807 4.934013366699219 -0.1898767352104187
-0.8834249973297119 4.990947723388672 -0.1927124261856079
-0.998921275138855 5.049554347991943 -0.19571173191070557
-1.1096159219741821 5.0711774826049805 -0.19737493991851807
-1.217002034187317 5.071282863616943 -0.19829106330871582
-1.325369119644165 5.0711565017700195 -0.1992889642715454
-1.4348117113113403 5.070794105529785 -0.2003687024116516
-1.5454195737838745 5.070190906524658 -0.2015320062637329
-1.6572861671447754 5.069343090057373 -0.2027820348739624
-1.7705144882202148 5.068245887756348 -0.20412111282348633
-1.8852041959762573 5.066892623901367 -0.20555239915847778
-2.0014638900756836 5.065277099609375 -0.20707827806472778
-2.1194095611572266 5.063392639160156 -0.20870184898376465
-2.2358973026275635 5.053857326507568 -0.21011966466903687
-2.349456548690796 5.034395694732666 -0.21123355627059937
-2.4641947746276855 5.014557838439941 -0.21243715286254883
-2.580212116241455 4.99432373046875 -0.21373599767684937
-2.697613477706909 4.97367000579834 -0.21512943506240845
-2.8165154457092285 4.952574253082275 -0.21662354469299316
-2.93703293800354 4.93101167678833 -0.21822023391723633
-3.0592856407165527 4.9089579582214355 -0.219923734664917
-3.183407783508301 4.886383056640625 -0.22173523902893066
-3.3095338344573975 4.863259792327881 -0.2236621379852295
-3.4378011226654053 4.839556694030762 -0.2257068157196045
-3.5683677196502686 4.815240383148193 -0.22787415981292725
-3.701392412185669 4.7902750968933105 -0.23016971349716187
-3.7920982837677 4.70881462097168 -0.22987306118011475
-3.9270637035369873 4.68051815032959 -0.23230105638504028
-4.113818645477295 4.707498550415039 -0.23769903182983398
-4.165999412536621 4.57804536819458 -0.23534607887268066
-4.216901779174805 4.450783729553223 -0.2331165075302124
-4.703508377075195 4.768538475036621 -0.25466370582580566
-4.88201904296875 4.754367351531982 -0.25909852981567383
-5.06679105758667 4.739557266235352 -0.263791561126709
-5.258318901062012 4.72406005859375 -0.2687622308731079
-3.1486668586730957 2.7163379192352295 -0.15810918807983398
-3.28338360786438 2.719327926635742 -0.16209477186203003
-3.425143241882324 2.7224864959716797 -0.16635560989379883
-6.103363513946533 4.654109477996826 -0.2918298840522766
-6.254834175109863 4.57365083694458 -0.2946130633354187
-6.400479316711426 4.485436916351318 -0.29716432094573975
-6.5473551750183105 4.39472770690918 -0.299818754196167
-6.695528507232666 4.3014349937438965 -0.3025805950164795
-6.845057010650635 4.205470561981201 -0.30545294284820557
-6.996004581451416 4.106744289398193 -0.30844056606292725
-7.148443222045898 4.005152225494385 -0.3115466833114624
-7.302443504333496 3.900594711303711 -0.31477606296539307
-7.479492664337158 3.803856134414673 -0.319044828414917
-7.674176216125488 3.7105491161346436 -0.32410097122192383
-7.873462200164795 3.6133947372436523 -0.3293793201446533
-8.077597618103027 3.5121874809265137 -0.334897518157959
-8.286870956420898 3.4067025184631348 -0.3406640887260437
-8.50157642364502 3.296703338623047 -0.346693754196167
-8.72201919555664 3.1819355487823486 -0.3530023396015167
-7.952712535858154 2.7213521003723145 -0.31958621740341187
-8.30047607421875 2.655116319656372 -0.33134889602661133
-8.75657844543457 2.608102321624756 -0.34739136695861816
-9.20294189453125 2.5407190322875977 -0.36299869418144226
-9.690011024475098 2.466582775115967 -0.3801770508289337
-10.224023818969727 2.384661912918091 -0.39916568994522095
-10.404367446899414 2.207099199295044 -0.4043915271759033
-10.41641616821289 1.9916332960128784 -0.40322145819664
-4.759647846221924 0.8111973404884338 -0.18357789516448975
-4.776027202606201 0.7154697775840759 -0.1836169958114624
-4.792315483093262 0.6196508407592773 -0.18372684717178345
-4.8085246086120605 0.5236651301383972 -0.1839081048965454
-4.824666976928711 0.42744430899620056 -0.18415898084640503
-4.840754985809326 0.3309091031551361 -0.18448126316070557
-4.8567986488342285 0.23399551212787628 -0.18487614393234253
-4.872810363769531 0.13662169873714447 -0.18534302711486816
-4.8888020515441895 0.0387156680226326 -0.18588507175445557
-4.904785633087158 -0.05980468541383743 -0.18650031089782715
-4.920773029327393 -0.15901626646518707 -0.1871911883354187
-4.922537803649902 -0.2582542300224304 -0.18741947412490845
-4.903625011444092 -0.35626861453056335 -0.186934232711792
-4.884733200073242 -0.45381179451942444 -0.18652409315109253
-4.9748005867004395 -0.5632966756820679 -0.19035649299621582
-5.153574466705322 -0.6887660026550293 -0.19768863916397095
-5.244943618774414 -0.8086491227149963 -0.2017761468887329
-5.3400559425354 -0.9336201548576355 -0.20611637830734253
-5.439224720001221 -1.0641032457351685 -0.21072697639465332
-5.542809009552002 -1.2005821466445923 -0.21563297510147095
-5.6511993408203125 -1.3435828685760498 -0.22085511684417725
-5.76483154296875 -1.493694543838501 -0.22642582654953003
-5.8842010498046875 -1.6515882015228271 -0.23237061500549316
-6.009858131408691 -1.8180054426193237 -0.2387292981147766
-6.139152526855469 -1.992724061012268 -0.24540776014328003
-6.088708400726318 -2.1126105785369873 -0.24504029750823975
-6.037505149841309 -2.231863498687744 -0.24473696947097778
-5.98552942276001 -2.3505189418792725 -0.24449771642684937
-5.932765483856201 -2.468627691268921 -0.2443200945854187
-5.8791890144348145 -2.5862388610839844 -0.24420779943466187
-5.8247904777526855 -2.703387498855591 -0.24415653944015503
-5.76954460144043 -2.820120096206665 -0.2441699504852295
-5.688304901123047 -2.923571825027466 -0.24317145347595215
-5.599721908569336 -3.0219171047210693 -0.2419336438179016
-5.364430904388428 -3.0357916355133057 -0.234358549118042
-5.140578269958496 -3.047196626663208 -0.22721076011657715
-4.927336692810059 -3.0563440322875977 -0.2204577922821045
-4.723945140838623 -3.063420295715332 -0.21407169103622437
-4.5297088623046875 -3.0685980319976807 -0.20802372694015503
-4.344000816345215 -3.072028636932373 -0.20229315757751465
-3.694139242172241 -2.7255265712738037 -0.17454779148101807
-3.6731932163238525 -2.825892925262451 -0.1762073040008545
-3.651522159576416 -2.9279773235321045 -0.1779571771621704
-3.6290931701660156 -3.0318870544433594 -0.1797998547554016
-3.6058690547943115 -3.13774037361145 -0.18173956871032715
-3.581810712814331 -3.2456610202789307 -0.18377995491027832
-3.556877851486206 -3.3557732105255127 -0.185927152633667
-3.5310239791870117 -3.468221426010132 -0.18818360567092896
-3.504202365875244 -3.583150625228882 -0.1905573010444641
-3.481527805328369 -3.70622181892395 -0.19333863258361816
-3.4603030681610107 -3.8353521823883057 -0.1964038610458374
-3.4381558895111084 -3.968430757522583 -0.19963687658309937
-3.4150264263153076 -4.105742931365967 -0.20304936170578003
-3.3908469676971436 -4.2475996017456055 -0.206648588180542
-3.365548849105835 -4.394320964813232 -0.21045047044754028
-3.3390517234802246 -4.546279430389404 -0.21446841955184937
-3.3112680912017822 -4.703882217407227 -0.21871709823608398
-3.2821059226989746 -4.867552757263184 -0.2232135534286499
-3.2514588832855225 -5.037778377532959 -0.22797369956970215
-3.219210624694824 -5.215095520019531 -0.23302006721496582
-3.1852364540100098 -5.400081157684326 -0.23837405443191528
-3.1357970237731934 -5.569249629974365 -0.2430102825164795
-3.0182292461395264 -5.621997356414795 -0.24261236190795898
-2.900984525680542 -5.674560546875 -0.24231386184692383
-2.783964157104492 -5.726980686187744 -0.24211245775222778
-2.6670703887939453 -5.779301166534424 -0.24200749397277832
-2.550222873687744 -5.831559181213379 -0.24199891090393066
-2.4333176612854004 -5.8838019371032715 -0.24208682775497437
-2.6813719272613525 -6.871757507324219 -0.2804596424102783
-2.587451934814453 -7.046324253082275 -0.28540289402008057
-2.4899332523345947 -7.226686954498291 -0.29062139987945557
-2.331338882446289 -7.235701084136963 -0.28903812170028687
-2.097811460494995 -6.989431381225586 -0.2774597406387329
-2.0030415058135986 -7.196225643157959 -0.28401124477386475
-1.9028986692428589 -7.410219669342041 -0.29088807106018066
-1.7970253229141235 -7.631851673126221 -0.2981085777282715
-1.6600053310394287 -7.744908809661865 -0.3011603355407715
-1.5055981874465942 -7.785436630249023 -0.301497220993042
-1.3507697582244873 -7.8259501457214355 -0.30195313692092896
-1.1953908205032349 -7.866482257843018 -0.3025287389755249
-1.0393388271331787 -7.907063007354736 -0.3032239079475403
-0.882483959197998 -7.947728633880615 -0.30404114723205566
-0.7247133255004883 -7.988502502441406 -0.3049805164337158
-0.5658912658691406 -8.029422760009766 -0.30604618787765503
-0.43860381841659546 -8.721230506896973 -0.33201295137405396
-0.3148242235183716 -10.443055152893066 -0.39724001288414
-0.10716918855905533 -10.68814754486084 -0.4063989520072937
0.1049223318696022 -10.403949737548828 -0.39559206366539
0.2923341393470764 -9.678070068359375 -0.3681415021419525
0.4600570499897003 -9.13703727722168 -0.34784364700317383
0.624436616897583 -8.852725982666016 -0.3374292254447937
0.7929470539093018 -8.734932899475098 -0.33348023891448975
0.9572951793670654 -8.61681842803955 -0.32963991165161133
1.1175768375396729 -8.498432159423828 -0.3259045481681824
1.273899793624878 -8.379806518554688 -0.3222729563713074
1.4263585805892944 -8.260971069335938 -0.31874150037765503
1.5750478506088257 -8.141959190368652 -0.31530827283859253
1.720058798789978 -8.02280044555664 -0.31197023391723633
1.8614825010299683 -7.903519153594971 -0.3087249994277954
1.9994114637374878 -7.784138202667236 -0.3055713176727295
2.133924961090088 -7.664673805236816 -0.30250489711761475
2.2650976181030273 -7.545163631439209 -0.29952579736709595
2.3930141925811768 -7.425612449645996 -0.29663026332855225
2.5242295265197754 -7.324823379516602 -0.29457342624664307
2.6707775592803955 -7.271910190582275 -0.29454654455184937
2.8164682388305664 -7.21671724319458 -0.29454654455184937
2.961285352706909 -7.159250736236572 -0.29457157850265503
3.105217933654785 -7.099515438079834 -0.2946240305900574
3.2482335567474365 -7.0375237464904785 -0.29470276832580566
3.3903167247772217 -6.973278522491455 -0.29480957984924316
3.5314435958862305 -6.906789302825928 -0.29494142532348633
3.671604633331299 -6.83805513381958 -0.29509949684143066
3.8107690811157227 -6.767088413238525 -0.295285701751709
3.948918342590332 -6.693892478942871 -0.29549747705459595
4.0860371589660645 -6.618469715118408 -0.29573673009872437
4.222097873687744 -6.540830135345459 -0.29600220918655396
4.357080459594727 -6.460973262786865 -0.29629456996917725
4.490960121154785 -6.378910541534424 -0.296614408493042
4.623715877532959 -6.294642925262451 -0.2969592809677124
4.755331516265869 -6.208169460296631 -0.29733341932296753
4.8857808113098145 -6.119499206542969 -0.29773199558258057
5.015030384063721 -6.028639316558838 -0.29815924167633057
5.143070697784424 -5.935584545135498 -0.2986133098602295
5.2698655128479 -5.840348243713379 -0.29909366369247437
5.395399570465088 -5.742928504943848 -0.29960083961486816
5.519639015197754 -5.643331050872803 -0.3001367449760437
5.642567157745361 -5.541553974151611 -0.30069947242736816
5.764153957366943 -5.437605381011963 -0.30128908157348633
5.91065788269043 -5.355305194854736 -0.3032544255256653
6.064179420471191 -5.276273250579834 -0.3056256175041199
6.217247486114502 -5.193509578704834 -0.3080127239227295
6.369749069213867 -5.1069746017456055 -0.31041568517684937
6.521585464477539 -5.016632080078125 -0.31283509731292725
6.672642230987549 -4.922452926635742 -0.3152673840522766
6.8228044509887695 -4.824405193328857 -0.31771302223205566
6.971945285797119 -4.722462177276611 -0.32016968727111816
7.1199493408203125 -4.616604328155518 -0.32263797521591187
7.266685485839844 -4.506810188293457 -0.32511353492736816
7.412029266357422 -4.393060684204102 -0.3275964856147766
7.5558366775512695 -4.275350093841553 -0.33008426427841187
7.6979851722717285 -4.153663158416748 -0.3325769305229187
7.838315963745117 -4.028008937835693 -0.33507204055786133
7.976695537567139 -3.8983824253082275 -0.33756715059280396
8.112971305847168 -3.764791250228882 -0.3400604724884033
8.247003555297852 -3.6272501945495605 -0.3425518870353699
8.37862491607666 -3.4857776165008545 -0.3450372815132141
8.507688522338867 -3.340393543243408 -0.34751468896865845
6.6737060546875 -2.466594934463501 -0.27052056789398193
6.746024131774902 -2.34023380279541 -0.2714889645576477
8.877934455871582 -2.881134510040283 -0.35488161444664
6.94877290725708 -2.1015796661376953 -0.2760213017463684
6.763002872467041 -1.8978211879730225 -0.26707178354263306
6.811111927032471 -1.7643619775772095 -0.2675160765647888
6.969606399536133 -1.6566022634506226 -0.2723773717880249
6.888730525970459 -1.4916822910308838 -0.2679898738861084
9.527494430541992 -1.863323450088501 -0.3691113591194153
9.622038841247559 -1.6816630363464355 -0.3713891804218292
9.712225914001465 -1.4968082904815674 -0.3736322224140167
10.151729583740234 -1.3561503887176514 -0.38941165804862976
10.19393539428711 -1.1536451578140259 -0.3900616765022278
10.235222816467285 -0.9502803087234497 -0.39083132147789
7.733834266662598 -0.5614320039749146 -0.29482537508010864
7.747630596160889 -0.4060066044330597 -0.29498040676116943
10.353708267211914 -0.33396652340888977 -0.39386722445487976
7.700647354125977 -0.09343978762626648 -0.29281139373779297
10.428345680236816 0.08320236206054688 -0.3965124785900116
10.464385032653809 0.29401642084121704 -0.3980267643928528
10.499590873718262 0.5064833164215088 -0.39967289566993713
10.442815780639648 0.7144836187362671 -0.3979785442352295
10.359916687011719 0.9184587597846985 -0.3954431414604187
10.722649574279785 1.1683741807937622 -0.4101031720638275
10.308178901672363 1.33347749710083 -0.39519718289375305
9.789419174194336 1.4670902490615845 -0.37636417150497437
9.56030559539795 1.6299667358398438 -0.3687414824962616
9.339984893798828 1.7863924503326416 -0.36155644059181213
9.127786636352539 1.9368582963943481 -0.35477909445762634
8.92311954498291 2.0817925930023193 -0.34837955236434937
8.72542667388916 2.221602201461792 -0.34233707189559937
8.534219741821289 2.356642484664917 -0.33662664890289307
8.34902572631836 2.4872543811798096 -0.33122867345809937
8.169439315795898 2.613734006881714 -0.3261237144470215
7.931838512420654 2.714730739593506 -0.318753719329834
7.740938186645508 2.824538230895996 -0.3133014440536499
7.686859130859375 2.9813029766082764 -0.31347721815109253
7.632286071777344 3.138132333755493 -0.31376224756240845
7.577178478240967 3.295135498046875 -0.31415772438049316
7.521500587463379 3.452407121658325 -0.31466615200042725
8.507034301757812 4.11386775970459 -0.35928410291671753
8.585707664489746 4.367082595825195 -0.3662427067756653
8.665201187133789 4.629173278808594 -0.37352970242500305
8.745563507080078 4.900671482086182 -0.3811658024787903
8.42575740814209 4.946699142456055 -0.3714892864227295
7.98007345199585 4.903453826904297 -0.35611575841903687
7.569059371948242 4.863255023956299 -0.3420703411102295
7.341035842895508 4.928091526031494 -0.33617615699768066
7.542547702789307 5.286463737487793 -0.350203275680542
7.76093864440918 5.67564582824707 -0.36556950211524963
7.9986701011657715 6.100122451782227 -0.38246950507164
8.258678436279297 6.565244197845459 -0.4011358916759491
8.544527053833008 7.077510356903076 -0.4218499958515167
8.434120178222656 7.276944637298584 -0.4235394597053528
8.094127655029297 7.272614002227783 -0.4137280583381653
7.836025238037109 7.33081579208374 -0.40799015760421753
7.596431732177734 7.398682117462158 -0.4031805694103241
7.3597564697265625 7.462398052215576 -0.39850589632987976
7.125972270965576 7.522091388702393 -0.3939593732357025
6.895017147064209 7.577885150909424 -0.3895392119884491
6.666861057281494 7.6298980712890625 -0.3852417469024658
6.441450119018555 7.678240776062012 -0.38106387853622437
4.213281154632568 5.232449054718018 -0.25542426109313965
4.028130054473877 5.213775634765625 -0.25050604343414307
3.8494091033935547 5.195127010345459 -0.24584048986434937
3.676684617996216 5.176494121551514 -0.24141055345535278
3.5095722675323486 5.157868385314941 -0.23720216751098633
3.347705125808716 5.139240741729736 -0.23320132493972778
3.190765380859375 5.120605945587158 -0.2293969988822937
2.910062551498413 4.8863959312438965 -0.21623843908309937
2.720289707183838 4.784029483795166 -0.20924502611160278
2.6059212684631348 4.805295944213867 -0.20784062147140503
2.4841699600219727 4.809122085571289 -0.20580267906188965
2.3646786212921143 4.812772274017334 -0.20388245582580566
2.247307777404785 4.816252708435059 -0.20207464694976807
2.1319046020507812 4.819571018218994 -0.20037418603897095
2.0183420181274414 4.822732925415039 -0.19877749681472778
1.9064866304397583 4.825745105743408 -0.19728153944015503
1.7962234020233154 4.82861328125 -0.19588136672973633
1.6874333620071411 4.831342697143555 -0.19457584619522095
1.5800114870071411 4.833937168121338 -0.19336187839508057
1.4738454818725586 4.83640193939209 -0.1922357678413391
1.3688433170318604 4.838740348815918 -0.19119513034820557
1.264899492263794 4.840956687927246 -0.1902393102645874
1.1619292497634888 4.843055248260498 -0.18936467170715332
1.059835433959961 4.845038414001465 -0.18857121467590332
0.9585366249084473 4.8469085693359375 -0.18785524368286133
0.8579455018043518 4.848669528961182 -0.18721622228622437
0.757979691028595 4.850322246551514 -0.1866546869277954
0.6585604548454285 4.851870536804199 -0.1861664056777954
0.5596096515655518 4.853315353393555 -0.18575263023376465
0.4610476791858673 4.854658603668213 -0.18541079759597778
0.36280182003974915 4.855902194976807 -0.18514227867126465
0.2647923231124878 4.857047080993652 -0.1849457025527954
0.16694870591163635 4.858094215393066 -0.1848199963569641
0.06919967383146286 4.85904598236084 -0.18476629257202148
-0.02853485196828842 4.859901428222656 -0.1847827434539795
-0.12587463855743408 4.843502521514893 -0.18421876430511475
-0.22263503074645996 4.826607704162598 -0.1837097406387329
-0.31889602541923523 4.809758186340332 -0.18327456712722778
-0.4147416651248932 4.792940139770508 -0.1829150915145874
-0.5130617022514343 4.802519798278809 -0.18363714218139648
-0.6177595853805542 4.855866432189941 -0.18611454963684082
-0.7253537178039551 4.910622596740723 -0.188734769821167
-0.8360549211502075 4.966890335083008 -0.19150519371032715
-0.9500834941864014 5.0247802734375 -0.19443488121032715
-1.0648869276046753 5.071064472198486 -0.1970142126083374
-1.171882152557373 5.071267127990723 -0.19789737462997437
-1.2798289060592651 5.0712385177612305 -0.1988605260848999
-1.3888088464736938 5.070975303649902 -0.19990605115890503
-1.4989162683486938 5.070473670959473 -0.201033353805542
-1.6102430820465088 5.069728374481201 -0.20224738121032715
-1.7228890657424927 5.068736553192139 -0.2035486102104187
-1.836952805519104 5.06749153137207 -0.20494145154953003
-1.9525425434112549 5.065986156463623 -0.20642703771591187
-2.069768190383911 5.064215660095215 -0.20801031589508057
-2.1886322498321533 5.061905860900879 -0.20968079566955566
-2.301727533340454 5.042596817016602 -0.21075564622879028
-2.415961503982544 5.022918701171875 -0.21192145347595215
-2.5314269065856934 5.0028533935546875 -0.213179349899292
-2.648233413696289 4.9823784828186035 -0.21453309059143066
-2.7664923667907715 4.961470603942871 -0.21598577499389648
-2.8863208293914795 4.940107345581055 -0.21753907203674316
-3.0078282356262207 4.918262004852295 -0.21919679641723633
-3.1311538219451904 4.895909309387207 -0.22096318006515503
-3.256420850753784 4.873019695281982 -0.22284060716629028
-3.383772373199463 4.8495635986328125 -0.22483521699905396
-3.5133554935455322 4.825508117675781 -0.2269495129585266
-3.645333766937256 4.800818920135498 -0.2291925549507141
-3.757401466369629 4.747086524963379 -0.2301868200302124
-3.849374771118164 4.667252063751221 -0.230025053024292
-4.037323474884033 4.699326038360596 -0.2355591058731079
-4.144289970397949 4.632025241851807 -0.23631715774536133
-4.195719242095947 4.503863334655762 -0.2340356707572937
-4.24591064453125 4.377808570861816 -0.23187685012817383
-4.806469440460205 4.760382652282715 -0.25720953941345215
-4.988562107086182 4.745844841003418 -0.2617926597595215
-5.177197456359863 4.7306413650512695 -0.26664429903030396
-3.26265811920166 2.862996816635132 -0.16503971815109253
-3.2261083126068115 2.718055248260498 -0.16039252281188965
-3.364832639694214 2.7211413383483887 -0.16453492641448975
-6.008148193359375 4.662108898162842 -0.28914493322372437
-6.194146633148193 4.609896659851074 -0.29357486963272095
-6.339293003082275 4.522705554962158 -0.2960827946662903
-6.485645294189453 4.433053016662598 -0.29869329929351807
-6.633273124694824 4.340850830078125 -0.3014099597930908
-6.782222270965576 4.24601936340332 -0.30423587560653687
-6.9325642585754395 4.148463249206543 -0.30717533826828003
-7.0843682289123535 4.048085689544678 -0.31023073196411133
-7.23770809173584 3.94478178024292 -0.3134075999259949
-7.399211883544922 3.841862201690674 -0.3169916272163391
-7.592036247253418 3.750112771987915 -0.32195496559143066
-7.789368152618408 3.654592752456665 -0.32713931798934937
-7.991434097290039 3.555110454559326 -0.3325555920600891
-8.198517799377441 3.4514482021331787 -0.33821535110473633
-8.410917282104492 3.343365430831909 -0.34413397312164307
-8.62890338897705 3.230635404586792 -0.35032352805137634
-8.85285472869873 3.1129658222198486 -0.3568017780780792
-8.053899765014648 2.6512792110443115 -0.3223865032196045
-8.580333709716797 2.6345458030700684 -0.3412683606147766
-9.011248588562012 2.56972599029541 -0.3562799394130707
-9.48055648803711 2.4985365867614746 -0.37277165055274963
-9.994050025939941 2.420017719268799 -0.3909698724746704
-10.398737907409668 2.29765248298645 -0.4049103260040283
-10.411603927612305 2.0818357467651367 -0.403700590133667
-10.422529220581055 1.8668653964996338 -0.4025854766368866
-4.769174098968506 0.7555976510047913 -0.18359136581420898
-4.785499095916748 0.659826934337616 -0.18367254734039307
-4.801741123199463 0.5639142990112305 -0.18382328748703003
-4.8179097175598145 0.46780166029930115 -0.1840454339981079
-4.834018707275391 0.3714100420475006 -0.18433719873428345
-4.850079536437988 0.2746589481830597 -0.18470215797424316
-4.86610221862793 0.17749541997909546 -0.18513798713684082
-4.882102012634277 0.0798158273100853 -0.18564945459365845
-4.898087024688721 -0.01843612641096115 -0.18623292446136475
-4.9140706062316895 -0.11734572798013687 -0.18689274787902832
-4.930066108703613 -0.21699874103069305 -0.18762946128845215
-4.911547660827637 -0.31525251269340515 -0.1871277093887329
-4.892649173736572 -0.41298261284828186 -0.18668705224990845
-4.873762607574463 -0.5102894306182861 -0.18631958961486816
-5.1163249015808105 -0.639942467212677 -0.19604617357254028
-5.206211090087891 -0.7578080296516418 -0.2000330090522766
-5.299722671508789 -0.8806034922599792 -0.20426636934280396
-5.397144794464111 -1.0087134838104248 -0.20875978469848633
-5.498836517333984 -1.1426230669021606 -0.21353888511657715
-5.605162143707275 -1.2828223705291748 -0.2186267375946045
-5.716538906097412 -1.4298759698867798 -0.22404730319976807
-5.833444595336914 -1.5844275951385498 -0.22983098030090332
-5.956392765045166 -1.7471727132797241 -0.23601198196411133
-6.085981369018555 -1.918918251991272 -0.24262762069702148
-6.109938144683838 -2.062452554702759 -0.2451862096786499
-6.059058666229248 -2.1819560527801514 -0.244856595993042
-6.0074076652526855 -2.3008601665496826 -0.24459052085876465
-5.9549760818481445 -2.41919207572937 -0.24438601732254028
-5.901744365692139 -2.5370025634765625 -0.244246244430542
-5.847689628601074 -2.654346227645874 -0.24417054653167725
-5.792799949645996 -2.7712488174438477 -0.24415653944015503
-5.7309651374816895 -2.884694814682007 -0.24394536018371582
-5.693145751953125 -3.010650634765625 -0.24486517906188965
-5.46158504486084 -3.030291795730591 -0.23747867345809937
-5.233048439025879 -3.0427043437957764 -0.2301563024520874
-5.015461444854736 -3.052772045135498 -0.2232416272163391
-4.808034896850586 -3.0606939792633057 -0.21670597791671753
-4.610033988952637 -3.0666496753692627 -0.2105182409286499
-4.420827865600586 -3.070794105529785 -0.20465701818466187
-3.7027101516723633 -2.6839494705200195 -0.17387700080871582
-3.682058572769165 -2.7836248874664307 -0.17550110816955566
-3.6606943607330322 -2.8849785327911377 -0.1772119402885437
-3.6385867595672607 -2.988112211227417 -0.17901551723480225
-3.615701198577881 -3.0931341648101807 -0.18091434240341187
-3.5919981002807617 -3.2001702785491943 -0.1829126477241516
-3.5674357414245605 -3.309354066848755 -0.18501406908035278
-3.54197359085083 -3.4208037853240967 -0.1872241497039795
-3.5155646800994873 -3.534672260284424 -0.18954777717590332
-3.4901628494262695 -3.653212785720825 -0.1921008825302124
-3.4693071842193604 -3.7807695865631104 -0.19509953260421753
-3.447554111480713 -3.9121594429016113 -0.19826173782348633
-3.4248435497283936 -4.0476603507995605 -0.2015954852104187
-3.4011130332946777 -4.187570095062256 -0.20511603355407715
-3.3762924671173096 -4.33221435546875 -0.20883119106292725
-3.3503074645996094 -4.481933116912842 -0.21275758743286133
-3.32307505607605 -4.637115001678467 -0.21690678596496582
-3.2945005893707275 -4.7981977462768555 -0.22129762172698975
-3.2644898891448975 -4.965611934661865 -0.2259448766708374
-3.2329282760620117 -5.139886856079102 -0.23086977005004883
-3.1996936798095703 -5.32158088684082 -0.2360919713973999
-3.164649486541748 -5.511327266693115 -0.2416369915008545
-3.0674562454223633 -5.599917411804199 -0.24276673793792725
-2.9500889778137207 -5.652551651000977 -0.24242740869522095
-2.832986831665039 -5.705024719238281 -0.24218511581420898
-2.716047763824463 -5.757384300231934 -0.24203920364379883
-2.599194288253784 -5.809662342071533 -0.24198979139328003
-2.482325792312622 -5.8619065284729 -0.24203741550445557
-2.7197248935699463 -6.8002190589904785 -0.2784656286239624
-2.627237319946289 -6.972480773925781 -0.28329896926879883
-2.531257152557373 -7.150364398956299 -0.2883991003036499
-2.431532382965088 -7.334290027618408 -0.2937854528427124
-2.186655044555664 -7.068502426147461 -0.2813202142715454
-2.0433900356292725 -7.108713626861572 -0.2812274694442749
-1.9455440044403076 -7.3196330070495605 -0.28796637058258057
-1.8421207666397095 -7.538002014160156 -0.29503846168518066
-1.7246153354644775 -7.727912902832031 -0.301053524017334
-1.570350170135498 -7.768455505371094 -0.30134159326553345
-1.4157164096832275 -7.808970928192139 -0.30174684524536133
-1.2605834007263184 -7.849491596221924 -0.30227237939834595
-1.1048288345336914 -7.890048503875732 -0.30291688442230225
-0.9483233094215393 -7.930675029754639 -0.3036835193634033
-0.7909562587738037 -7.971397399902344 -0.3045727610588074
-0.6325898766517639 -8.012252807617188 -0.3055853843688965
-0.47309568524360657 -8.053272247314453 -0.3067242503166199
-0.39908963441848755 -10.343210220336914 -0.3935559391975403
-0.19534988701343536 -10.584232330322266 -0.40249699354171753
0.017949365079402924 -10.835195541381836 -0.4119696319103241
0.21600127220153809 -9.921492576599121 -0.3773181438446045
0.3921099901199341 -9.3572998046875 -0.35608890652656555
0.5525503158569336 -8.90198802947998 -0.33911746740341187
0.72283536195755 -8.784345626831055 -0.3351215124130249
0.8889150619506836 -8.666360855102539 -0.331235408782959
1.050892949104309 -8.548079490661621 -0.3274567127227783
1.208860158920288 -8.42955207824707 -0.32378238439559937
1.3629244565963745 -8.31080150604248 -0.3202087879180908
1.5131795406341553 -8.191861152648926 -0.3167346715927124
1.6597259044647217 -8.072757720947266 -0.31335699558258057
1.802647590637207 -7.95352029800415 -0.31007450819015503
1.9420279264450073 -7.834179401397705 -0.3068811297416687
2.0779643058776855 -7.714746475219727 -0.3037793040275574
2.2105231285095215 -7.595255374908447 -0.300764799118042
2.3397958278656006 -7.475719928741455 -0.2978339195251465
2.46585750579834 -7.356155872344971 -0.29498720169067383
2.6094651222229004 -7.294363021850586 -0.2945544719696045
2.7555160522460938 -7.240124225616455 -0.29454290866851807
2.9007015228271484 -7.1836113929748535 -0.2945569157600403
3.045004367828369 -7.124825954437256 -0.2945990562438965
3.188408136367798 -7.063778400421143 -0.29466676712036133
3.330883741378784 -7.000478267669678 -0.2947620153427124
3.472414016723633 -6.9349284172058105 -0.29488223791122437
3.612980365753174 -6.867134094238281 -0.2950299382209778
3.7525744438171387 -6.797098636627197 -0.2952045202255249
3.89115047454834 -6.724836826324463 -0.2954065203666687
4.02869987487793 -6.650349140167236 -0.29563355445861816
4.165203094482422 -6.573639869689941 -0.29588747024536133
4.300642013549805 -6.494710922241211 -0.29616886377334595
4.434986591339111 -6.413572788238525 -0.2964770793914795
4.5682196617126465 -6.330224990844727 -0.296811580657959
4.700314998626709 -6.244678020477295 -0.2971729040145874
4.831254482269287 -6.156927585601807 -0.29756230115890503
4.961009502410889 -6.0669846534729 -0.29797613620758057
5.089556694030762 -5.974852561950684 -0.29841864109039307
5.216875076293945 -5.880529880523682 -0.29888856410980225
5.3429484367370605 -5.7840166091918945 -0.2993854284286499
5.467731952667236 -5.685333728790283 -0.2999091148376465
5.591211318969727 -5.584471702575684 -0.300459623336792
5.713360786437988 -5.481435298919678 -0.301039457321167
5.84620475769043 -5.3873291015625 -0.3022668957710266
5.9998860359191895 -5.309848308563232 -0.3046295642852783
6.153158664703369 -5.228654861450195 -0.30700933933258057
6.305906295776367 -5.143703460693359 -0.30940675735473633
6.45804500579834 -5.054957866668701 -0.31181949377059937
6.609440326690674 -4.962390422821045 -0.3142468333244324
6.759987831115723 -4.865969181060791 -0.31668704748153687
6.909567356109619 -4.765666484832764 -0.31914007663726807
7.05806827545166 -4.6614484786987305 -0.3216022253036499
7.205350875854492 -4.553305149078369 -0.3240741491317749
7.351295471191406 -4.441214084625244 -0.3265545964241028
7.495762348175049 -4.325165748596191 -0.3290417790412903
7.63862419128418 -4.205143928527832 -0.33153200149536133
7.779733657836914 -4.081155300140381 -0.33402591943740845
7.918946743011475 -3.953193187713623 -0.33652162551879883
8.056126594543457 -3.821258544921875 -0.3390161395072937
8.191117286682129 -3.6853697299957275 -0.34150761365890503
8.323765754699707 -3.545541286468506 -0.3439953923225403
3.4744677543640137 4.576357841491699 -0.36442264914512634
3.337563991546631 4.584630489349365 -0.3596625030040741
3.204007625579834 4.592508316040039 -0.3551526367664337
3.073587656021118 4.600010395050049 -0.3508801758289337
2.9460952281951904 4.607156276702881 -0.3468353748321533
2.8213536739349365 4.613961696624756 -0.34300661087036133
2.699183464050293 4.620443820953369 -0.339383602142334
2.579420566558838 4.62661600112915 -0.3359583020210266
2.4619102478027344 4.632493019104004 -0.33272218704223633
2.346508026123047 4.638086318969727 -0.32966679334640503
2.2330799102783203 4.643407344818115 -0.32678651809692383
2.1214895248413086 4.648468017578125 -0.3240734934806824
2.0116233825683594 4.653277397155762 -0.32152408361434937
1.9033585786819458 4.657844543457031 -0.31912845373153687
1.796586275100708 4.662178993225098 -0.3168866038322449
1.6912041902542114 4.666286945343018 -0.31478947401046753
1.5871071815490723 4.670177459716797 -0.31283509731292725
1.4841997623443604 4.673856735229492 -0.311018705368042
1.3823940753936768 4.6773295402526855 -0.30933594703674316
1.281596064567566 4.680603981018066 -0.3077862858772278
1.1817247867584229 4.6836838722229 -0.306363582611084
1.0826919078826904 4.686574459075928 -0.3050665855407715
0.9844235181808472 4.689279556274414 -0.3038928508758545
0.8868361711502075 4.691804885864258 -0.3028388023376465
0.7898577451705933 4.694151878356934 -0.3019043207168579
0.6934130191802979 4.696325778961182 -0.30108582973480225
0.5974331498146057 4.698327541351318 -0.3003833293914795
0.5018426179885864 4.700161457061768 -0.29979372024536133
0.4065752923488617 4.701828956604004 -0.29931890964508057
0.31156066060066223 4.703332901000977 -0.29895448684692383
0.21672973036766052 4.7046732902526855 -0.2987024188041687
0.1220175102353096 4.7058539390563965 -0.2985614538192749
0.027354277670383453 4.706843852996826 -0.2985284924507141
-0.06732071191072464 4.707596778869629 -0.29860174655914307
-0.16207793354988098 4.7082014083862305 -0.29878664016723633
-0.2569819688796997 4.708656311035156 -0.29908329248428345
-0.35210126638412476 4.708963394165039 -0.2994915843009949
-0.4475063979625702 4.709120750427246 -0.30001407861709595
-0.5435897707939148 4.711935997009277 -0.3008282780647278
-0.6407153606414795 4.718303203582764 -0.30199646949768066
-0.7376208305358887 4.7182183265686035 -0.3028796911239624
-0.8350768089294434 4.717802047729492 -0.30386966466903687
-0.9331439733505249 4.717050075531006 -0.30496829748153687
-1.0318925380706787 4.715958595275879 -0.30617737770080566
-1.1313873529434204 4.7145233154296875 -0.3075006604194641
-1.2316948175430298 4.712738037109375 -0.3089374303817749
-1.3328924179077148 4.710597991943359 -0.3104913830757141
-1.4350513219833374 4.708095073699951 -0.3121655583381653
-1.5382462739944458 4.70522403717041 -0.3139636516571045
-1.6425628662109375 4.701974391937256 -0.31588810682296753
-1.748079538345337 4.698338508605957 -0.3179413080215454
-1.854880928993225 4.694306373596191 -0.3201282024383545
-1.9630619287490845 4.68986701965332 -0.32245302200317383
-2.0727150440216064 4.685009002685547 -0.3249194622039795
-2.183936357498169 4.679720401763916 -0.3275330066680908
-2.2968342304229736 4.673986911773682 -0.3302990794181824
-2.4115171432495117 4.667794227600098 -0.33322083950042725
-2.528095245361328 4.661126613616943 -0.3363068103790283
-2.6466970443725586 4.653965473175049 -0.3395630121231079
-2.7674479484558105 4.646292686462402 -0.3429950475692749
-2.8904788494110107 4.638090133666992 -0.3466107249259949
-3.015943765640259 4.62933349609375 -0.3504193425178528
-3.134441614151001 4.6059675216674805 -0.3533520996570587
-3.2543511390686035 4.581303119659424 -0.3564087152481079
-3.3762195110321045 4.555949687957764 -0.3596472442150116
-3.490920305252075 4.517886161804199 -0.36211246252059937
-3.5981638431549072 4.46799898147583 -0.36384037137031555
-3.6515374183654785 4.352129936218262 -0.36031374335289
-3.1846961975097656 3.644291400909424 -0.30695194005966187
-2.871091365814209 3.1550629138946533 -0.2705548405647278
-2.622265338897705 2.7677040100097656 -0.24181216955184937
-2.6867103576660156 2.7238566875457764 -0.2426532506942749
-2.7999184131622314 2.726707935333252 -0.24787354469299316
-2.8547463417053223 2.670375347137451 -0.2479236125946045
-2.906447649002075 2.61114501953125 -0.2478015422821045
-2.957822799682617 2.55169677734375 -0.24775636196136475
-3.0089011192321777 2.4919984340667725 -0.247786283493042
-3.059708595275879 2.432018995285034 -0.2478906512260437
-3.1102685928344727 2.3717291355133057 -0.24807190895080566
-3.160609006881714 2.311095714569092 -0.2483295202255249
-3.210754871368408 2.250086545944214 -0.24866336584091187
-3.260727882385254 2.188671112060547 -0.24907350540161133
-3.310556173324585 2.1268138885498047 -0.24956178665161133
-3.360262870788574 2.064480781555176 -0.25012820959091187
-3.40987229347229 2.0016391277313232 -0.25077271461486816
-3.4594101905822754 1.9382487535476685 -0.25149786472320557
-3.5088999271392822 1.874275803565979 -0.25230473279953003
-3.558365821838379 1.8096826076507568 -0.25319337844848633
-3.6078343391418457 1.74442720413208 -0.254164457321167
-5.2998528480529785 2.432278633117676 -0.36984196305274963
-5.400224208831787 2.348048686981201 -0.3734753727912903
-5.501177787780762 2.2615139484405518 -0.37723514437675476
-5.602734088897705 2.1726036071777344 -0.38112491369247437
-5.704906940460205 2.0812432765960693 -0.3851501941680908
-5.8930816650390625 2.0165631771087646 -0.3950360417366028
-6.239457607269287 1.995847225189209 -0.415480375289917
-6.622035503387451 1.9723398685455322 -0.43822452425956726
-7.047142505645752 1.9455525875091553 -0.46367311477661133
-4.529512882232666 1.1529829502105713 -0.2964380383491516
-4.545999050140381 1.0603135824203491 -0.29606080055236816
-4.562290668487549 0.9678078293800354 -0.29579412937164307
-4.578398704528809 0.8753963112831116 -0.2956366539001465
-4.594335079193115 0.7830224633216858 -0.29558902978897095
-4.610110759735107 0.6906145811080933 -0.2956506609916687
-4.625737190246582 0.598112165927887 -0.29582154750823975
-4.6412248611450195 0.5054455399513245 -0.2961023449897766
-4.656583786010742 0.41255277395248413 -0.296492338180542
-4.671826362609863 0.3193614184856415 -0.2969934344291687
-4.060247898101807 0.19561858475208282 -0.25781315565109253
-4.098874092102051 0.11492232978343964 -0.2600671648979187
-4.137827396392822 0.032768554985523224 -0.26244205236434937
-4.1771416664123535 -0.050932157784700394 -0.2649475336074829
-4.173974990844727 -0.13488341867923737 -0.2648651599884033
-4.167947292327881 -0.21866576373577118 -0.2647082805633545
-4.161416053771973 -0.30234405398368835 -0.2646259069442749
-4.154378890991211 -0.38595929741859436 -0.2646191716194153
-4.146832466125488 -0.46954604983329773 -0.2646869421005249
-4.13877534866333 -0.5531398057937622 -0.2648279070854187
-4.130199909210205 -0.6367817521095276 -0.26504582166671753
-4.120728492736816 -0.7204411029815674 -0.26531434059143066
-4.106240272521973 -0.8033249974250793 -0.26536810398101807
-4.091205596923828 -0.886162519454956 -0.2654956579208374
-4.075618267059326 -0.9689863324165344 -0.2656940221786499
-4.059471130371094 -1.051828145980835 -0.26596683263778687
-4.064180374145508 -1.1407413482666016 -0.2677246332168579
-4.006931304931641 -1.212112545967102 -0.2655060291290283
-3.950288772583008 -1.2822349071502686 -0.26340824365615845
-3.8942058086395264 -1.351179599761963 -0.26142823696136475
-3.838634729385376 -1.4190152883529663 -0.2595611810684204
-3.7835397720336914 -1.4857969284057617 -0.25780338048934937
-3.7288756370544434 -1.551587700843811 -0.2561548352241516
-3.6746013164520264 -1.6164472103118896 -0.25460755825042725
-3.34948468208313 -1.55455482006073 -0.2341998815536499
-3.3077733516693115 -1.6168208122253418 -0.2335107922554016
-3.265504837036133 -1.6783448457717896 -0.232863187789917
-3.222681999206543 -1.7391364574432373 -0.23225528001785278
-3.1793057918548584 -1.7992057800292969 -0.23169195652008057
-3.1353747844696045 -1.8585658073425293 -0.23116642236709595
-3.0908877849578857 -1.9172254800796509 -0.23068487644195557
-3.0721189975738525 -1.9922316074371338 -0.23222780227661133
-3.095529079437256 -2.0970304012298584 -0.23713749647140503
-3.118621587753296 -2.2054545879364014 -0.24225592613220215
-3.1413631439208984 -2.3176889419555664 -0.24759340286254883
-3.16371750831604 -2.43393874168396 -0.25316286087036133
-3.185647964477539 -2.554415464401245 -0.25897645950317383
-3.207109212875366 -2.67934513092041 -0.2650482654571533
-3.228058099746704 -2.808978796005249 -0.2713940739631653
-3.2321410179138184 -2.9288060665130615 -0.2766345739364624
-3.211745500564575 -3.0301549434661865 -0.28004884719848633
-3.1905291080474854 -3.133781671524048 -0.2836383581161499
-3.168447971343994 -3.2398314476013184 -0.28740906715393066
-3.1454553604125977 -3.348459482192993 -0.2913745641708374
-3.121501922607422 -3.459829092025757 -0.29554200172424316
-3.096532106399536 -3.574117422103882 -0.2999255657196045
-3.0704874992370605 -3.691518545150757 -0.304532527923584
-3.0433037281036377 -3.812241792678833 -0.3093792796134949
-3.0149123668670654 -3.9365031719207764 -0.31447815895080566
-2.9852378368377686 -4.064547061920166 -0.31984561681747437
-2.954197645187378 -4.1966400146484375 -0.3254992961883545
-2.921704053878784 -4.333056926727295 -0.33145391941070557
-2.8876590728759766 -4.474111080169678 -0.33773255348205566
-2.8519554138183594 -4.620145797729492 -0.3443567156791687
-2.8144783973693848 -4.771518230438232 -0.35134831070899963
-2.7750983238220215 -4.928640842437744 -0.3587353825569153
-2.733672857284546 -5.09196138381958 -0.36654606461524963
-2.6900506019592285 -5.2619547843933105 -0.37481266260147095
-2.6440558433532715 -5.43917179107666 -0.38356998562812805
-2.5954980850219727 -5.624209880828857 -0.3928582966327667
-2.5252692699432373 -5.774499416351318 -0.39972659945487976
-2.4095003604888916 -5.826210021972656 -0.39987125992774963
-2.394911527633667 -6.137623310089111 -0.41785404086112976
-2.268934488296509 -6.178920269012451 -0.417473167181015
-2.0592308044433594 -5.976634502410889 -0.4009271562099457
-1.8650585412979126 -5.788524150848389 -0.3857141435146332
-1.6846941709518433 -5.613016128540039 -0.37168583273887634
-1.516634464263916 -5.44873571395874 -0.35871464014053345
-1.3595980405807495 -5.294508934020996 -0.34668946266174316
-1.2124803066253662 -5.149328708648682 -0.3355194330215454
-1.0743130445480347 -5.0123090744018555 -0.325117826461792
-0.944240927696228 -4.882664203643799 -0.3154120445251465
-0.8396294713020325 -4.864560604095459 -0.3130878210067749
-0.7533868551254272 -4.957802772521973 -0.31804996728897095
-0.6640417575836182 -5.0518903732299805 -0.3231635093688965
-0.5714816451072693 -5.146819114685059 -0.32843446731567383
-0.47560378909111023 -5.242576599121094 -0.33386659622192383
-0.3762895166873932 -5.339150905609131 -0.33946657180786133
-0.27341094613075256 -5.4365410804748535 -0.3452392816543579
-0.16685424745082855 -5.534722805023193 -0.351188987493515
-0.056488651782274246 -5.633677959442139 -0.3573242425918579
0.05767928808927536 -5.719453811645508 -0.3627655506134033
0.17136886715888977 -5.673350811004639 -0.35998600721359253
0.28326430916786194 -5.625810623168945 -0.35726016759872437
0.39337095618247986 -5.576882839202881 -0.35458317399024963
0.5016992092132568 -5.526611804962158 -0.3519580364227295
0.6082561612129211 -5.475043296813965 -0.3493817448616028
0.7130431532859802 -5.4222235679626465 -0.3468555212020874
0.8160720467567444 -5.368188381195068 -0.34437990188598633
0.9173516035079956 -5.312982559204102 -0.3419525623321533
1.0168893337249756 -5.256648540496826 -0.33957523107528687
1.1146944761276245 -5.199219703674316 -0.33724552392959595
1.2107765674591064 -5.140739440917969 -0.33496344089508057
1.3051507472991943 -5.081233501434326 -0.3327295184135437
1.397827386856079 -5.0207438468933105 -0.3305432200431824
1.4888100624084473 -4.95930814743042 -0.32840394973754883
1.578115463256836 -4.896949768066406 -0.32630985975265503
1.665757656097412 -4.833706378936768 -0.324263334274292
1.7580416202545166 -4.786739826202393 -0.3234192132949829
1.8539440631866455 -4.750412464141846 -0.3234180212020874
1.949210524559021 -4.712444305419922 -0.32343751192092896
2.0438265800476074 -4.672840595245361 -0.32347536087036133
2.1377639770507812 -4.63161039352417 -0.32353276014328003
2.2309980392456055 -4.588767051696777 -0.32360905408859253
2.32351016998291 -4.54431676864624 -0.32370424270629883
2.415285587310791 -4.498262882232666 -0.3238183856010437
2.5062928199768066 -4.450621128082275 -0.3239532709121704
2.596512794494629 -4.401400089263916 -0.3241058588027954
2.6859283447265625 -4.35060453414917 -0.3242785930633545
2.7745118141174316 -4.29824686050415 -0.3244702219963074
2.862245559692383 -4.244331359863281 -0.32468080520629883
2.949103832244873 -4.188874244689941 -0.32490968704223633
3.035066604614258 -4.131882667541504 -0.3251587152481079
3.1201136112213135 -4.073365211486816 -0.32542669773101807
3.2042236328125 -4.013329982757568 -0.32571351528167725
3.2873682975769043 -3.9517900943756104 -0.32601994276046753
3.36953067779541 -3.8887553215026855 -0.32634401321411133
3.4506871700286865 -3.8242363929748535 -0.3266894817352295
3.5308148860931396 -3.7582409381866455 -0.32705140113830566
3.609889507293701 -3.690786123275757 -0.32743412256240845
3.687894821166992 -3.6218748092651367 -0.32783573865890503
3.7648041248321533 -3.5515215396881104 -0.3282550573348999
3.8405938148498535 -3.479739189147949 -0.32869386672973633
3.9152374267578125 -3.406541109085083 -0.32915163040161133
3.9887194633483887 -3.3319334983825684 -0.3296283483505249
4.061013221740723 -3.255934953689575 -0.33012455701828003
4.132097244262695 -3.178550958633423 -0.33063846826553345
4.20194149017334 -3.0998010635375977 -0.3311706781387329
4.270532131195068 -3.0196924209594727 -0.3317224383354187
4.337840557098389 -2.9382450580596924 -0.33229315280914307
4.403841972351074 -2.85546875 -0.3328821063041687
4.4685139656066895 -2.7713780403137207 -0.3334888219833374
4.531832695007324 -2.685988187789917 -0.3341156244277954
4.593773365020752 -2.599313259124756 -0.33475953340530396
4.6543145179748535 -2.5113654136657715 -0.33542299270629883
4.7134270668029785 -2.422168254852295 -0.3361029624938965
4.77108907699585 -2.3317322731018066 -0.33680301904678345
4.82727575302124 -2.240077257156372 -0.3375207781791687
4.881962299346924 -2.1472160816192627 -0.3382556438446045
4.935122489929199 -2.0531699657440186 -0.33900880813598633
4.986736297607422 -1.9579535722732544 -0.339780330657959
5.0367751121521 -1.8615870475769043 -0.3405700922012329
5.085213661193848 -1.7640891075134277 -0.34137576818466187
5.1320271492004395 -1.6654834747314453 -0.3422015905380249
5.177189826965332 -1.5657846927642822 -0.34304386377334595
5.220677375793457 -1.4650166034698486 -0.34390199184417725
5.26246452331543 -1.3631983995437622 -0.3447796702384949
5.302525520324707 -1.26035475730896 -0.34567326307296753
5.3408355712890625 -1.1565018892288208 -0.34658390283584595
5.3773698806762695 -1.0516706705093384 -0.3475116491317749
5.412100791931152 -0.9458842277526855 -0.34845584630966187
5.445004940032959 -0.8391627073287964 -0.3494165539741516
5.476054668426514 -0.7315366864204407 -0.35039493441581726
5.505228042602539 -0.62302565574646 -0.3513885736465454
5.532497406005859 -0.5136601328849792 -0.35239872336387634
5.557839870452881 -0.40346693992614746 -0.35342472791671753
5.581225395202637 -0.2924787700176239 -0.3544659912586212
5.602634429931641 -0.18071715533733368 -0.355522483587265
5.622039318084717 -0.06821884214878082 -0.3565942645072937
5.639419078826904 0.04499313235282898 -0.35768193006515503
5.654743194580078 0.15887954831123352 -0.3587842285633087
5.66799259185791 0.27341505885124207 -0.35989993810653687
5.679141998291016 0.38855940103530884 -0.3610321283340454
5.6881632804870605 0.5042837262153625 -0.36217716336250305
5.695042133331299 0.6205494403839111 -0.3633362054824829
5.699746131896973 0.7373246550559998 -0.36450931429862976
5.702258110046387 0.8545682430267334 -0.3656946122646332
5.7025532722473145 0.9722457528114319 -0.36689335107803345
5.700611591339111 1.0903154611587524 -0.3681061267852783
5.696409225463867 1.2087416648864746 -0.36932986974716187
5.6899261474609375 1.327478051185608 -0.3705652058124542
5.6856536865234375 1.447637915611267 -0.37210819125175476
5.67999267578125 1.568475604057312 -0.3737262189388275
5.6720476150512695 1.6897568702697754 -0.3753650188446045
5.6617937088012695 1.8114370107650757 -0.37702029943466187
5.649200439453125 1.9334807395935059 -0.3786951005458832
5.634243965148926 2.0558412075042725 -0.3803876042366028
5.616898536682129 2.178481101989746 -0.3820978105068207
5.597136974334717 2.301348924636841 -0.3838239014148712
5.5749335289001465 2.4244070053100586 -0.3855682611465454
5.550266742706299 2.5476009845733643 -0.3873279094696045
5.523110389709473 2.670888662338257 -0.3891034424304962
5.5275983810424805 2.8115882873535156 -0.3933233916759491
5.555874824523926 2.9680910110473633 -0.3995019793510437
5.5818657875061035 3.1278579235076904 -0.40581363439559937
5.605439186096191 3.290910005569458 -0.41225650906562805
5.626452445983887 3.4572410583496094 -0.4188311994075775
5.644764423370361 3.626861572265625 -0.4255395829677582
5.660221576690674 3.7997496128082275 -0.43237918615341187
5.672673225402832 3.9758944511413574 -0.4393494129180908
5.681954383850098 4.155263900756836 -0.44645145535469055
5.584836959838867 4.259230136871338 -0.4454614520072937
5.42481803894043 4.312463283538818 -0.439528226852417
5.267340183258057 4.362983703613281 -0.43379154801368713
5.112309455871582 4.410893440246582 -0.42824527621269226
4.959664821624756 4.45628547668457 -0.4228808879852295
4.79676628112793 4.487504959106445 -0.41660282015800476
4.62045955657959 4.50018310546875 -0.40906986594200134
4.450142860412598 4.512208938598633 -0.4019446074962616
4.285405158996582 4.523625373840332 -0.3952038884162903
4.125852584838867 4.5344696044921875 -0.3888220489025116
3.9711389541625977 4.544775485992432 -0.3827783465385437
3.8209338188171387 4.554574966430664 -0.37705570459365845
3.6749486923217773 4.563897132873535 -0.3716321289539337
3.532891273498535 4.572768688201904 -0.3664947748184204
3.394519567489624 4.581212997436523 -0.36162540316581726
3.259586811065674 4.5892534255981445 -0.3570123612880707
3.127878427505493 4.59691047668457 -0.35264286398887634
2.9991793632507324 4.604204177856445 -0.3485046625137329
2.87330961227417 4.611149787902832 -0.34458619356155396
2.7500808238983154 4.6177659034729 -0.3408777117729187
2.6293303966522217 4.62406587600708 -0.3373706340789795
2.5108916759490967 4.630065441131592 -0.33405518531799316
2.394624710083008 4.635775566101074 -0.3309253454208374
2.280383586883545 4.641209602355957 -0.32797306776046753
2.168039321899414 4.646378040313721 -0.32518982887268066
2.057466983795166 4.651291847229004 -0.32257330417633057
1.9485434293746948 4.655959606170654 -0.320112943649292
1.8411595821380615 4.6603899002075195 -0.317807674407959
1.7352077960968018 4.664592266082764 -0.3156506419181824
1.6305816173553467 4.668572902679443 -0.3136371374130249
1.5271902084350586 4.67233943939209 -0.31176334619522095
1.4249322414398193 4.675899028778076 -0.310025691986084
1.3237230777740479 4.679255962371826 -0.30842041969299316
1.2234728336334229 4.6824164390563965 -0.3069446086883545
1.1241005659103394 4.685385704040527 -0.3055950999259949
1.0255178213119507 4.688168048858643 -0.30436956882476807
0.9276559352874756 4.690768241882324 -0.30326539278030396
0.8304317593574524 4.69318962097168 -0.30228090286254883
0.7337731719017029 4.695435523986816 -0.3014141917228699
0.6376064419746399 4.697508811950684 -0.30066347122192383
0.5418615341186523 4.699413299560547 -0.3000262975692749
0.44646742939949036 4.701150417327881 -0.29950380325317383
0.3513563573360443 4.702722072601318 -0.29909366369247437
0.2564540207386017 4.704131126403809 -0.2987939715385437
0.16169890761375427 4.705379009246826 -0.2986065745353699
0.06702285259962082 4.706465244293213 -0.2985302805900574
-0.02763763815164566 4.707299709320068 -0.29855775833129883
-0.1223519891500473 4.70796537399292 -0.29869508743286133
-0.21718597412109375 4.708483695983887 -0.29894471168518066
-0.31220564246177673 4.708852291107178 -0.29930543899536133
-0.4074839651584625 4.709073543548584 -0.2997815012931824
-0.5030859112739563 4.709144115447998 -0.30036866664886475
-0.6002522110939026 4.718240737915039 -0.3016583323478699
-0.6969453692436218 4.718294620513916 -0.3024975657463074
-0.7941626310348511 4.718016624450684 -0.3034418225288391
-0.8919656276702881 4.717405796051025 -0.3044946789741516
-0.9904228448867798 4.716457366943359 -0.3056579828262329
-1.0895931720733643 4.7151665687561035 -0.30693304538726807
-1.1895538568496704 4.713529109954834 -0.3083203434944153
-1.290368676185608 4.711538791656494 -0.30982547998428345
-1.3921154737472534 4.709188938140869 -0.31144964694976807
-1.4948660135269165 4.706472873687744 -0.3131946325302124
-1.5987038612365723 4.70338249206543 -0.3150647282600403
-1.703706979751587 4.699909687042236 -0.31706488132476807
-1.8099600076675415 4.696044921875 -0.31919556856155396
-1.9175506830215454 4.691777229309082 -0.32146120071411133
-2.026576042175293 4.68709659576416 -0.32386845350265503
-2.13712477684021 4.681990146636963 -0.3264191150665283
-2.2493109703063965 4.6764445304870605 -0.32912111282348633
-2.363229274749756 4.670445919036865 -0.33197635412216187
-2.4789981842041016 4.663979530334473 -0.33499395847320557
-2.5967350006103516 4.6570281982421875 -0.33817750215530396
-2.716571569442749 4.649571895599365 -0.34153443574905396
-2.8386282920837402 4.641593933105469 -0.34507328271865845
-2.9630565643310547 4.633072376251221 -0.348799467086792
-3.084737777709961 4.616108417510986 -0.35212284326553345
-3.203864336013794 4.591722011566162 -0.3551056385040283
-3.3248941898345947 4.566661834716797 -0.35826846957206726
-3.4479658603668213 4.540891647338867 -0.36161503195762634
-3.571928024291992 4.512760639190674 -0.36502140760421753
-3.629340887069702 4.400468826293945 -0.36177006363868713
-3.3419296741485596 3.8899078369140625 -0.32525700330734253
-2.9932591915130615 3.3455305099487305 -0.2847149968147278
-2.7200307846069336 2.9197957515716553 -0.25308841466903687
-2.640669584274292 2.7227022647857666 -0.24055910110473633
-2.7518835067749023 2.7254960536956787 -0.24564701318740845
-2.832977771759033 2.695138454437256 -0.24799686670303345
-2.884821653366089 2.6359922885894775 -0.24784302711486816
-2.936328887939453 2.5766408443450928 -0.2477661371231079
-2.987529993057251 2.5170485973358154 -0.24776434898376465
-3.0384469032287598 2.4571919441223145 -0.24783754348754883
-3.089106559753418 2.3970370292663574 -0.24798709154129028
-3.1395368576049805 2.3365509510040283 -0.24821233749389648
-3.189761161804199 2.275702953338623 -0.2485138177871704
-3.2398030757904053 2.2144627571105957 -0.24889224767684937
-3.289691209793091 2.152791976928711 -0.24934816360473633
-3.339445114135742 2.0906636714935303 -0.24988043308258057
-3.3890910148620605 2.0280399322509766 -0.25049257278442383
-3.438655138015747 1.964884877204895 -0.25118470191955566
-3.488163948059082 1.9011595249176025 -0.2519562244415283
-3.537635326385498 1.8368324041366577 -0.25281012058258057
-3.587099552154541 1.7718596458435059 -0.2537463903427124
-5.257952690124512 2.4669108390808105 -0.3683563470840454
-5.35808801651001 2.3836262226104736 -0.3719373047351837
-5.458793640136719 2.2980668544769287 -0.3756433427333832
-5.560100555419922 2.2101566791534424 -0.37947878241539
-5.662007808685303 2.119837999343872 -0.38344606757164
-5.764556884765625 2.0270144939422607 -0.3875519037246704
-6.090197563171387 2.0048446655273438 -0.4066522419452667
-6.456912517547607 1.982560396194458 -0.428389310836792
-6.863354206085205 1.957213044166565 -0.452650785446167
-7.316648483276367 1.928252935409546 -0.4798913896083832
-4.539114475250244 1.0991276502609253 -0.2962048649787903
-4.555486679077148 1.0065572261810303 -0.29589295387268066
-4.57166862487793 0.9141209721565247 -0.2956903576850891
-4.587676048278809 0.8217366337776184 -0.29559576511383057
-4.603518009185791 0.7293519377708435 -0.2956116199493408
-4.619204998016357 0.6368984580039978 -0.29573673009872437
-4.6347503662109375 0.5443029403686523 -0.29597169160842896
-4.650162220001221 0.45151397585868835 -0.2963159680366516
-4.665452003479004 0.35845839977264404 -0.29677069187164307
-4.680630683898926 0.26506301760673523 -0.29733705520629883
-4.08264684677124 0.1489180028438568 -0.2591071128845215
-4.121461391448975 0.06738021969795227 -0.26143133640289307
-4.160619258880615 -0.015660246834158897 -0.2638818621635437
-4.176352024078369 -0.09972930699586868 -0.26495426893234253
-4.170533657073975 -0.18356765806674957 -0.26476502418518066
-4.16421365737915 -0.2672843933105469 -0.2646515369415283
-4.157390117645264 -0.350920706987381 -0.26461368799209595
-4.150057792663574 -0.43451642990112305 -0.26464909315109253
-4.142214775085449 -0.51810222864151 -0.26475954055786133
-4.133857727050781 -0.6017183065414429 -0.2649456858634949
-4.124979019165039 -0.6854075193405151 -0.2652069330215454
-4.11237907409668 -0.76859450340271 -0.26533758640289307
-4.097574234008789 -0.851449728012085 -0.26543277502059937
-4.082218647003174 -0.9342747330665588 -0.2656024694442749
-4.0663065910339355 -1.0171042680740356 -0.2658441662788391
-4.049829006195068 -1.0999782085418701 -0.26615971326828003
-4.030847072601318 -1.1823575496673584 -0.26642096042633057
-3.973956823348999 -1.2529939413070679 -0.26427310705184937
-3.917642593383789 -1.3224269151687622 -0.26224368810653687
-3.8618662357330322 -1.3907148838043213 -0.26033085584640503
-3.8065755367279053 -1.4579325914382935 -0.2585272789001465
-3.7517354488372803 -1.5241315364837646 -0.2568323016166687
-3.6973044872283936 -1.5893726348876953 -0.25524353981018066
-3.444451093673706 -1.5634821653366089 -0.23991090059280396
-3.3253209590911865 -1.5908176898956299 -0.23379456996917725
-3.283287286758423 -1.652650237083435 -0.2331293225288391
-3.2406980991363525 -1.713746190071106 -0.23250555992126465
-3.197549819946289 -1.7741203308105469 -0.2319238781929016
-3.1538517475128174 -1.8337757587432861 -0.2313830852508545
-3.1095988750457764 -1.8927263021469116 -0.23088198900222778
-3.0647923946380615 -1.9509830474853516 -0.230421781539917
-3.085756301879883 -2.0526819229125977 -0.2350543737411499
-3.108985424041748 -2.1595630645751953 -0.24008429050445557
-3.1318771839141846 -2.270174741744995 -0.24532842636108398
-3.154397487640381 -2.3847155570983887 -0.25079959630966187
-3.176511287689209 -2.5033960342407227 -0.2565094232559204
-3.1981751918792725 -2.626431941986084 -0.2624719738960266
-3.2193448543548584 -2.754061222076416 -0.2687011957168579
-3.239971876144409 -2.8865442276000977 -0.2752130627632141
-3.2203898429870605 -2.9874138832092285 -0.27859747409820557
-3.1995224952697754 -3.0900676250457764 -0.2821118235588074
-3.177809953689575 -3.1950809955596924 -0.28580689430236816
-3.1552062034606934 -3.3026068210601807 -0.28968876600265503
-3.1316606998443604 -3.4128105640411377 -0.2937713861465454
-3.1071245670318604 -3.5258519649505615 -0.2980615496635437
-3.0815377235412598 -3.6419243812561035 -0.30257266759872437
-3.054839849472046 -3.7612249851226807 -0.30731815099716187
-3.0269627571105957 -3.883979320526123 -0.3123096227645874
-2.997836112976074 -4.010406017303467 -0.3175622820854187
-2.967379093170166 -4.14076566696167 -0.32309389114379883
-2.9355037212371826 -4.275344371795654 -0.32892096042633057
-2.9021213054656982 -4.4144158363342285 -0.3350604772567749
-2.8671274185180664 -4.558315753936768 -0.34153687953948975
-2.830408811569214 -4.70740270614624 -0.348372220993042
-2.7918410301208496 -4.8620710372924805 -0.3555896282196045
-2.7512919902801514 -5.022731781005859 -0.36321964859962463
-2.708610773086548 -5.189864158630371 -0.371290922164917
-2.66363263130188 -5.363984107971191 -0.37983769178390503
-2.616173267364502 -5.545670509338379 -0.3888983428478241
-2.566032886505127 -5.735542297363281 -0.39851322770118713
-2.4580321311950684 -5.804540157318115 -0.39979130029678345
-2.3421850204467773 -5.856245994567871 -0.4000268876552582
-2.344024896621704 -6.220860004425049 -0.4216272234916687
-2.145120143890381 -6.059590816497803 -0.40769046545028687
-1.9446682929992676 -5.865747451782227 -0.39193791151046753
-1.7587063312530518 -5.685130596160889 -0.3774286210536957
-1.585648536682129 -5.516288757324219 -0.36402836441993713
-1.4241430759429932 -5.357987403869629 -0.3516198992729187
-1.272996425628662 -5.209133625030518 -0.34010255336761475
-1.1311872005462646 -5.068793296813965 -0.32938843965530396
-0.9978148937225342 -4.936142444610596 -0.31939947605133057
-0.8748757839202881 -4.825735569000244 -0.31105291843414307
-0.7899028062820435 -4.91862154006958 -0.3159515857696533
-0.7018713355064392 -5.012353897094727 -0.32100164890289307
-0.6106701493263245 -5.106934070587158 -0.3262054920196533
-0.5161978006362915 -5.2023420333862305 -0.3315698504447937
-0.41833892464637756 -5.298574924468994 -0.3370984196662903
-0.3169700503349304 -5.395625591278076 -0.34279847145080566
-0.21196410059928894 -5.493483543395996 -0.34867435693740845
-0.10321044921875 -5.592116355895996 -0.35473087430000305
0.009428553283214569 -5.691512107849121 -0.360975980758667
0.1239401176571846 -5.692851543426514 -0.36114567518234253
0.23658767342567444 -5.645903587341309 -0.3583960235118866
0.34744277596473694 -5.597553730010986 -0.35569828748703003
0.4565151631832123 -5.547841548919678 -0.3530517816543579
0.5638128519058228 -5.496811866760254 -0.35045474767684937
0.6693432331085205 -5.444508075714111 -0.3479083776473999
0.773106038570404 -5.390976905822754 -0.345412015914917
0.8751171231269836 -5.33626127243042 -0.3429645299911499
0.9753817319869995 -5.280396461486816 -0.3405664563179016
1.073913812637329 -5.223418235778809 -0.33821535110473633
1.1707210540771484 -5.165372371673584 -0.3359143137931824
1.265808343887329 -5.106293678283691 -0.33366090059280396
1.359194278717041 -5.046210765838623 -0.33145391941070557
1.4508839845657349 -4.985169410705566 -0.32929444313049316
1.540890097618103 -4.92319393157959 -0.3271820545196533
1.6292269229888916 -4.860317707061768 -0.32511478662490845
1.7176659107208252 -4.8014750480651855 -0.32342469692230225
1.8138267993927002 -4.765837669372559 -0.32341617345809937
1.9093660116195679 -4.728554725646973 -0.3234265446662903
2.00425386428833 -4.689635753631592 -0.3234570622444153
2.098480224609375 -4.649085521697998 -0.32350587844848633
2.1920108795166016 -4.606918811798096 -0.3235742449760437
2.28482723236084 -4.563141345977783 -0.3236621618270874
2.3769116401672363 -4.517760753631592 -0.3237689733505249
2.4682488441467285 -4.470779895782471 -0.32389527559280396
2.55880069732666 -4.4222211837768555 -0.32403993606567383
2.6485543251037598 -4.372082233428955 -0.32420414686203003
2.73748779296875 -4.32037878036499 -0.32438725233078003
2.8255834579467773 -4.267114162445068 -0.3245905041694641
2.912809133529663 -4.212303161621094 -0.3248114585876465
2.999150037765503 -4.155953884124756 -0.3250519037246704
3.0845837593078613 -4.098074436187744 -0.32531189918518066
3.16909122467041 -4.03867244720459 -0.3255908489227295
3.2526421546936035 -3.977764844894409 -0.3258892893791199
3.335216760635376 -3.915356397628784 -0.3262054920196533
3.416797399520874 -3.851457357406616 -0.32654237747192383
3.497363328933716 -3.7860772609710693 -0.3268970251083374
3.5768823623657227 -3.719231367111206 -0.32727116346359253
3.655336856842041 -3.650930643081665 -0.3276636004447937
3.7327051162719727 -3.5811822414398193 -0.3280768394470215
3.808966636657715 -3.5099968910217285 -0.3285077214241028
3.88409423828125 -3.437390089035034 -0.3289569616317749
3.958066463470459 -3.3633720874786377 -0.32942628860473633
4.030858993530273 -3.287956476211548 -0.32991456985473633
4.102456092834473 -3.211146831512451 -0.33041995763778687
4.172822952270508 -3.132969856262207 -0.3309454917907715
4.241940975189209 -3.053431272506714 -0.3314899206161499
4.309786796569824 -2.972546339035034 -0.3320520520210266
4.376344203948975 -2.8903210163116455 -0.33263248205184937
4.441573619842529 -2.806779623031616 -0.33323246240615845
4.505462646484375 -2.7219316959381104 -0.3338501453399658
4.567983627319336 -2.635793924331665 -0.33448731899261475
4.629114151000977 -2.5483765602111816 -0.3351428508758545
4.6888275146484375 -2.4597034454345703 -0.33581608533859253
4.747100353240967 -2.369785785675049 -0.3365076184272766
4.803909778594971 -2.278635025024414 -0.337216854095459
4.859227180480957 -2.1862759590148926 -0.3379443883895874
4.913031578063965 -2.092724323272705 -0.3386914134025574
2.8641748428344727 3.7725155353546143 -0.4211175739765167
2.7657785415649414 3.799198627471924 -0.41780155897140503
2.6681017875671387 3.8243589401245117 -0.4145825505256653
2.571138381958008 3.8480303287506104 -0.41145938634872437
2.4748716354370117 3.8702447414398193 -0.4084295928478241
2.3792972564697266 3.8910326957702637 -0.40549135208129883
2.2844038009643555 3.910423517227173 -0.40264102816581726
2.190178871154785 3.928445339202881 -0.3998797833919525
2.0966134071350098 3.94512677192688 -0.3972040116786957
2.0037002563476562 3.960491895675659 -0.39461490511894226
1.9114259481430054 3.974567174911499 -0.3921075761318207
1.8197802305221558 3.9873766899108887 -0.3896802067756653
1.7287541627883911 3.998944044113159 -0.3873346149921417
1.638338565826416 4.00929069519043 -0.38506656885147095
1.5485204458236694 4.018438339233398 -0.3828766345977783
1.4592931270599365 4.026406764984131 -0.3807617425918579
1.3706436157226562 4.033215045928955 -0.3787219524383545
1.2825640439987183 4.038883686065674 -0.37675541639328003
1.1950451135635376 4.043428421020508 -0.374861478805542
1.1080737113952637 4.0468668937683105 -0.37303897738456726
1.021645426750183 4.049215793609619 -0.3712848126888275
0.9357452392578125 4.050487995147705 -0.3696014881134033
0.8503667712211609 4.05070161819458 -0.36798709630966187
0.7655001282691956 4.049869537353516 -0.366438627243042
0.6811355352401733 4.048003673553467 -0.36495426297187805
0.5972646474838257 4.045116901397705 -0.3635382354259491
0.5138775110244751 4.0412211418151855 -0.3621869385242462
0.43096694350242615 4.036327362060547 -0.3608972430229187
0.34852033853530884 4.030445575714111 -0.35967227816581726
0.2665330469608307 4.023586750030518 -0.3585095703601837
0.18499496579170227 4.015758991241455 -0.35740727186203003
0.10389693826436996 4.0069708824157715 -0.356367826461792
0.02323104441165924 3.99722957611084 -0.35538700222969055
-0.05700897425413132 3.986544132232666 -0.35446780920028687
-0.13683411478996277 3.9749200344085693 -0.35360783338546753
-0.21625198423862457 3.9623632431030273 -0.35280641913414
-0.2952679395675659 3.9488799571990967 -0.35206303000450134
-0.3738914430141449 3.9344749450683594 -0.3513782024383545
-0.45213010907173157 3.9191529750823975 -0.3507513701915741
-0.529990553855896 3.902916669845581 -0.35018190741539
-0.6074804663658142 3.885769844055176 -0.3496692180633545
-0.6846061944961548 3.8677165508270264 -0.34921330213546753
-0.7613751292228699 3.848757743835449 -0.3488122820854187
-0.8377946615219116 3.8288958072662354 -0.34846925735473633
-0.9138712882995605 3.808130979537964 -0.3481830358505249
-0.9896090030670166 3.7864654064178467 -0.34795045852661133
-1.073707938194275 3.7946064472198486 -0.3506128191947937
-1.1587378978729248 3.801567316055298 -0.35333865880966187
-1.244707465171814 3.8073384761810303 -0.3561291992664337
-1.331626534461975 3.811892032623291 -0.35898807644844055
-1.4194941520690918 3.8151967525482178 -0.36191532015800476
-1.5083144903182983 3.8172214031219482 -0.3649115264415741
-1.598091721534729 3.8179333209991455 -0.3679773211479187
-1.6888267993927002 3.8172988891601562 -0.37111514806747437
-1.7805191278457642 3.815281867980957 -0.3743249773979187
-1.8731728792190552 3.8118486404418945 -0.37760868668556213
-1.966787576675415 3.806962728500366 -0.38096684217453003
-2.061356782913208 3.8005857467651367 -0.38440006971359253
-2.1568851470947266 3.792677879333496 -0.38790959119796753
-2.2533671855926514 3.783201217651367 -0.3914960026741028
-2.3507986068725586 3.772113561630249 -0.3951623737812042
-2.449176549911499 3.7593724727630615 -0.3989081084728241
-2.5484938621520996 3.744936466217041 -0.4027343988418579
-2.5219147205352783 3.550220012664795 -0.38717105984687805
-2.317349910736084 3.1270861625671387 -0.34603947401046753
-2.1503002643585205 2.782879590988159 -0.31267213821411133
-2.196951389312744 2.72805118560791 -0.31141358613967896
-2.2910614013671875 2.7306294441223145 -0.31690430641174316
-2.355907678604126 2.695896625518799 -0.31830936670303345
-2.4052164554595947 2.6431078910827637 -0.3177240490913391
-2.454052686691284 2.590161085128784 -0.3172290325164795
-2.502436637878418 2.537036180496216 -0.31682252883911133
-2.550394296646118 2.483708381652832 -0.3165051341056824
-2.597944498062134 2.430159330368042 -0.3162762522697449
-2.645111322402954 2.37636137008667 -0.31613588333129883
-2.691911458969116 2.3222978115081787 -0.31608277559280396
-2.738368272781372 2.2679412364959717 -0.31611698865890503
-2.784501075744629 2.2132699489593506 -0.3162396550178528
-2.8303282260894775 2.1582610607147217 -0.3164496421813965
-2.8758692741394043 2.102888345718384 -0.31674808263778687
-2.921142339706421 2.047128438949585 -0.3171350359916687
-2.966167449951172 1.9909555912017822 -0.31761234998703003
-3.0109617710113525 1.9343435764312744 -0.3181775212287903
-3.0555429458618164 1.8772666454315186 -0.3188336491584778
-3.099928379058838 1.8196972608566284 -0.3195813298225403
-3.144136905670166 1.7616060972213745 -0.32042181491851807
-3.1881847381591797 1.7029664516448975 -0.32135438919067383
-3.2320892810821533 1.6437479257583618 -0.32238221168518066
-3.275869607925415 1.5839179754257202 -0.32350587844848633
-3.319540500640869 1.5234476327896118 -0.32472658157348633
-3.36311936378479 1.462303638458252 -0.3260461688041687
-3.4066245555877686 1.4004510641098022 -0.327467679977417
-3.450073003768921 1.3378541469573975 -0.32899051904678345
-3.493480682373047 1.2744789123535156 -0.33061832189559937
-3.5368666648864746 1.210286021232605 -0.33235418796539307
-3.5802488327026367 1.1452327966690063 -0.3341968059539795
-3.623643398284912 1.079283595085144 -0.33615362644195557
-3.6670689582824707 1.0123926401138306 -0.3382251262664795
-3.7105445861816406 0.9445149898529053 -0.3404138684272766
-3.75408673286438 0.8756063580513 -0.34272342920303345
-3.797715663909912 0.8056166172027588 -0.34515631198883057
-3.8414528369903564 0.7344909310340881 -0.3477185368537903
-3.885313034057617 0.6621819734573364 -0.35041263699531555
-3.9293205738067627 0.5886291265487671 -0.3532422184944153
-3.9734935760498047 0.5137763619422913 -0.35621219873428345
-4.017856597900391 0.43755781650543213 -0.359328031539917
-4.322944641113281 0.3829948306083679 -0.3858465850353241
-3.7023727893829346 0.25309064984321594 -0.3299347162246704
-3.7351768016815186 0.17995712161064148 -0.33246827125549316
-3.7342967987060547 0.10470031201839447 -0.3321356773376465
-3.7308456897735596 0.029545286670327187 -0.331709623336792
-3.726832151412964 -0.04544158652424812 -0.33136600255966187
-3.7220218181610107 -0.12027832120656967 -0.3310864567756653
-3.7131950855255127 -0.1948077380657196 -0.3305829167366028
-3.7037901878356934 -0.26909559965133667 -0.33016055822372437
-3.6938066482543945 -0.3431698679924011 -0.32981938123703003
-3.6832423210144043 -0.4170536696910858 -0.32955873012542725
-3.672095775604248 -0.4907691776752472 -0.32937872409820557
-3.660364866256714 -0.5643439888954163 -0.3292773962020874
-3.648045539855957 -0.6378000974655151 -0.32925665378570557
-3.4597926139831543 -0.67685467004776 -0.31343144178390503
-3.161870241165161 -0.684866189956665 -0.2876312732696533
-2.989830732345581 -0.7108378410339355 -0.27322638034820557
-2.9637820720672607 -0.7679301500320435 -0.27220219373703003
-2.937096118927002 -0.8243897557258606 -0.27121949195861816
-2.909780502319336 -0.8802201747894287 -0.270277738571167
-2.881843090057373 -0.935425877571106 -0.2693750262260437
-2.853290319442749 -0.9900117516517639 -0.2685144543647766
-2.824126720428467 -1.043985366821289 -0.26769107580184937
-2.7943620681762695 -1.0973466634750366 -0.2669079899787903
-2.7640016078948975 -1.1501026153564453 -0.26616334915161133
-2.7330470085144043 -1.2022593021392822 -0.26545780897140503
-2.701507806777954 -1.2538169622421265 -0.26479005813598633
-2.669387102127075 -1.3047809600830078 -0.2641614079475403
-2.636688470840454 -1.3551570177078247 -0.26356935501098633
-2.6034159660339355 -1.4049464464187622 -0.26301515102386475
-2.569575309753418 -1.4541523456573486 -0.26249945163726807
-2.535168409347534 -1.5027803182601929 -0.26201844215393066
-2.500199317932129 -1.5508310794830322 -0.2615741491317749
-2.464670181274414 -1.598308801651001 -0.2611682415008545
-2.4285848140716553 -1.6452162265777588 -0.26079773902893066
-2.3919432163238525 -1.6915556192398071 -0.260465145111084
-2.354749917984009 -1.7373276948928833 -0.26016664505004883
-2.3170039653778076 -1.7825376987457275 -0.2599060535430908
-2.2787089347839355 -1.8271851539611816 -0.25968021154403687
-2.239866256713867 -1.8712724447250366 -0.25949162244796753
-2.2004761695861816 -1.9148011207580566 -0.2593371868133545
-2.1804773807525635 -1.975841760635376 -0.261610746383667
-2.1758806705474854 -2.0528571605682373 -0.2659595012664795
-2.1700851917266846 -2.131488084793091 -0.2704370617866516
-2.163033962249756 -2.2117667198181152 -0.27504581212997437
-2.1546645164489746 -2.293724775314331 -0.2797924876213074
-2.1449151039123535 -2.377393960952759 -0.28467774391174316
-2.133718967437744 -2.4628074169158936 -0.2897089123725891
-2.121004581451416 -2.549995183944702 -0.29488587379455566
-2.1066994667053223 -2.6389899253845215 -0.30021733045578003
-2.0907278060913086 -2.7298169136047363 -0.3057025671005249
-2.073009967803955 -2.8225042819976807 -0.31135135889053345
-2.0534615516662598 -2.9170825481414795 -0.31716370582580566
-2.0319976806640625 -3.0135693550109863 -0.32314515113830566
-2.008524179458618 -3.1119866371154785 -0.32930058240890503
-1.9829481840133667 -3.212360143661499 -0.33563297986984253
-1.955172061920166 -3.314695358276367 -0.342146635055542
-1.925093650817871 -3.4190099239349365 -0.34884709119796753
-1.8926036357879639 -3.525317907333374 -0.3557373285293579
-1.8575962781906128 -3.6336095333099365 -0.3628210723400116
-1.8199565410614014 -3.743889093399048 -0.37010258436203003
-1.779565453529358 -3.8561527729034424 -0.37758487462997437
-1.7363035678863525 -3.970383882522583 -0.3852734863758087
-1.6900454759597778 -4.086557388305664 -0.39316776394844055
-1.6406619548797607 -4.204657077789307 -0.40127506852149963
-1.5880262851715088 -4.324624538421631 -0.40959233045578003
-1.5320037603378296 -4.446427345275879 -0.41812562942504883
-1.4724539518356323 -4.570010662078857 -0.42687565088272095
-1.409246802330017 -4.695288181304932 -0.43584108352661133
-1.278131365776062 -4.591874122619629 -0.4237695634365082
-1.1518594026565552 -4.485544204711914 -0.411735862493515
-1.0323050022125244 -4.384133338928223 -0.40044069290161133
-0.9189019203186035 -4.287223815917969 -0.3898217976093292
-0.8111491203308105 -4.1944475173950195 -0.3798260986804962
-0.7086113095283508 -4.105482578277588 -0.37040409445762634
-0.6108828783035278 -4.020029067993164 -0.36151188611984253
-0.5176048278808594 -3.937824010848999 -0.35311159491539
-0.4284460246562958 -3.8586175441741943 -0.3451666831970215
-0.34311994910240173 -3.7822020053863525 -0.3376452922821045
-0.26135528087615967 -3.7083752155303955 -0.330519437789917
-0.18706360459327698 -3.7195866107940674 -0.3311145305633545
-0.11354095488786697 -3.7662596702575684 -0.3349987864494324
-0.03822632133960724 -3.8123180866241455 -0.33895939588546753
0.03890395909547806 -3.857717275619507 -0.3429950475692749
0.11787521094083786 -3.9024059772491455 -0.3471100330352783
0.19870102405548096 -3.94633412361145 -0.351301908493042
0.28139936923980713 -3.9894402027130127 -0.35557010769844055
0.3659907579421997 -4.031673908233643 -0.3599182367324829
0.44535335898399353 -4.008718013763428 -0.35859623551368713
0.523087739944458 -3.9777445793151855 -0.3566937744617462
0.5998116731643677 -3.9456090927124023 -0.35482242703437805
0.6755135655403137 -3.9123406410217285 -0.35298100113868713
0.7501860857009888 -3.8779661655426025 -0.3511700928211212
0.8238216638565063 -3.842515230178833 -0.3493896722793579
0.8964138627052307 -3.806011199951172 -0.347639799118042
0.9679616689682007 -3.768481969833374 -0.3459198474884033
1.0384570360183716 -3.729952335357666 -0.3442322015762329
1.107893943786621 -3.690452814102173 -0.342573881149292
1.1762676239013672 -3.6500017642974854 -0.3409454822540283
1.243579387664795 -3.6086266040802 -0.3393493890762329
1.30982506275177 -3.5663511753082275 -0.337782621383667
1.3806051015853882 -3.537562847137451 -0.3376172184944153
1.451528549194336 -3.5092339515686035 -0.33763188123703003
1.521938443183899 -3.4796392917633057 -0.33766239881515503
1.5918163061141968 -3.4487833976745605 -0.3377063274383545
1.6611406803131104 -3.416675329208374 -0.3377649188041687
1.7298943996429443 -3.383321523666382 -0.33783936500549316
1.7980566024780273 -3.348733425140381 -0.3379291296005249
1.86561119556427 -3.312915563583374 -0.3380334973335266
1.932534098625183 -3.275881767272949 -0.3381512761116028
1.9988142251968384 -3.237632989883423 -0.338284969329834
2.0644259452819824 -3.1981847286224365 -0.33843445777893066
2.1293506622314453 -3.157546281814575 -0.33859682083129883
2.1935698986053467 -3.1157262325286865 -0.33877629041671753
2.257068634033203 -3.0727312564849854 -0.33896851539611816
2.3198251724243164 -3.028574228286743 -0.3391754627227783
2.381821870803833 -2.9832634925842285 -0.33939820528030396
2.443037986755371 -2.9368114471435547 -0.3396356701850891
2.5034589767456055 -2.8892247676849365 -0.33988648653030396
2.5630581378936768 -2.8405210971832275 -0.34015321731567383
2.621826171875 -2.790703773498535 -0.34043335914611816
2.6797375679016113 -2.7397894859313965 -0.34072941541671753
2.7367794513702393 -2.687786102294922 -0.34103822708129883
2.7929301261901855 -2.6347076892852783 -0.3413623571395874
2.8481709957122803 -2.5805652141571045 -0.3417016863822937
2.902482271194458 -2.5253710746765137 -0.342055082321167
2.9558496475219727 -2.4691388607025146 -0.342421293258667
3.008251905441284 -2.4118802547454834 -0.3428027629852295
3.0596723556518555 -2.353606939315796 -0.3431970477104187
3.1100897789001465 -2.294337034225464 -0.34360718727111816
3.1594927310943604 -2.2340760231018066 -0.34403079748153687
3.2078521251678467 -2.172846555709839 -0.34446781873703003
3.255157470703125 -2.1106584072113037 -0.34491944313049316
3.301389694213867 -2.04752779006958 -0.34538519382476807
3.346529006958008 -1.9834668636322021 -0.3458636999130249
3.390559673309326 -1.9184949398040771 -0.34635621309280396
3.4334638118743896 -1.852622151374817 -0.3468616008758545
3.4752197265625 -1.7858704328536987 -0.34738099575042725
3.515812397003174 -1.7182526588439941 -0.3479132652282715
3.5552239418029785 -1.649787425994873 -0.3484588861465454
3.593437433242798 -1.580487847328186 -0.34901857376098633
3.63043212890625 -1.5103766918182373 -0.34958988428115845
3.666196346282959 -1.439466118812561 -0.35017460584640503
3.70070743560791 -1.3677775859832764 -0.3507721424102783
3.733950138092041 -1.295328140258789 -0.3513824939727783
3.765903949737549 -1.2221403121948242 -0.35200566053390503
3.796560764312744 -1.1482279300689697 -0.3526397943496704
3.8258941173553467 -1.073615550994873 -0.35328739881515503
3.8538928031921387 -0.9983198046684265 -0.3539471924304962
3.880537748336792 -0.9223639965057373 -0.3546185791492462
3.9058146476745605 -0.8457639813423157 -0.3553033769130707
3.929706573486328 -0.7685459852218628 -0.35599735379219055
3.9521961212158203 -0.6907328367233276 -0.35670414566993713
3.973266124725342 -0.6123448014259338 -0.35742253065109253
3.992906093597412 -0.5334047079086304 -0.3581506609916687
4.011096000671387 -0.45393553376197815 -0.3588910400867462
4.027824878692627 -0.37395980954170227 -0.35964235663414
4.0430731773376465 -0.29350417852401733 -0.36040347814559937
4.056826114654541 -0.21259474754333496 -0.36117497086524963
4.069074630737305 -0.13125060498714447 -0.3619580566883087
4.079800605773926 -0.04950500279664993 -0.3627502918243408
4.088991165161133 0.032623291015625 -0.36355167627334595
4.096633434295654 0.11510177701711655 -0.364363431930542
4.1027116775512695 0.19790755212306976 -0.36518436670303345
4.107217788696289 0.2810102701187134 -0.3660138249397278
4.111856460571289 0.3645368814468384 -0.3670068681240082
4.115757465362549 0.448466032743454 -0.3680853545665741
4.1180901527404785 0.5327206254005432 -0.36917850375175476
4.118839740753174 0.6172690987586975 -0.370283842086792
4.117989540100098 0.7020890712738037 -0.3714013993740082
4.115528106689453 0.7871478199958801 -0.3725323975086212
4.111439228057861 0.8724213242530823 -0.3736749589443207
4.105712413787842 0.9578751921653748 -0.37482914328575134
4.098329544067383 1.0434856414794922 -0.3759961426258087
4.089283466339111 1.1292163133621216 -0.37717410922050476
4.078558444976807 1.215040922164917 -0.3783612549304962
4.066143035888672 1.3009237051010132 -0.379561185836792
4.052028179168701 1.3868364095687866 -0.3807702958583832
4.036200046539307 1.4727414846420288 -0.38198795914649963
4.018650054931641 1.5586092472076416 -0.3832171857357025
3.999368190765381 1.6444017887115479 -0.38445499539375305
3.9783434867858887 1.7300875186920166 -0.3857019245624542
3.955570697784424 1.8156275749206543 -0.386955589056015
3.9310412406921387 1.9009895324707031 -0.3882184326648712
3.904745578765869 1.986131191253662 -0.38948795199394226
3.876678466796875 2.071021556854248 -0.3907648026943207
3.8468377590179443 2.155616521835327 -0.3920465409755707
3.815211772918701 2.2398815155029297 -0.39333561062812805
3.7818024158477783 2.3237736225128174 -0.3946307599544525
3.7466022968292236 2.4072580337524414 -0.39592960476875305
3.7096099853515625 2.490288257598877 -0.3972345292568207
3.670825242996216 2.572828531265259 -0.39854130148887634
3.6302490234375 2.654834270477295 -0.39985355734825134
3.5838654041290283 2.733206033706665 -0.40071842074394226
3.4559223651885986 2.7472877502441406 -0.39251285791397095
3.433281898498535 2.843817710876465 -0.39635685086250305
3.408255100250244 2.9406371116638184 -0.4002154767513275
3.380800247192383 3.037665367126465 -0.40408390760421753
3.350864887237549 3.1348235607147217 -0.4079602360725403
3.318406343460083 3.2320213317871094 -0.4118402302265167
3.283385753631592 3.329174757003784 -0.41572025418281555
3.2457568645477295 3.4261839389801025 -0.41959598660469055
3.2054882049560547 3.522953510284424 -0.42346620559692383
3.1625452041625977 3.6193792819976807 -0.4273236393928528
3.1052374839782715 3.701457977294922 -0.4295532703399658
3.0050618648529053 3.731968402862549 -0.42599430680274963
2.905625343322754 3.7608721256256104 -0.4225366413593292
2.806927442550659 3.788203001022339 -0.4191797077655792
2.708949565887451 3.813998222351074 -0.41591984033584595
2.611690044403076 3.838289737701416 -0.41275638341903687
2.515130043029785 3.8611106872558594 -0.40968751907348633
2.41926908493042 3.8824925422668457 -0.4067102372646332
2.324089288711548 3.9024658203125 -0.40382450819015503
2.229586601257324 3.9210574626922607 -0.40102604031562805
2.1357460021972656 3.9382972717285156 -0.39831608533859253
2.04256272315979 3.954210042953491 -0.3956897258758545
1.9500187635421753 3.9688236713409424 -0.3931482136249542
1.8581124544143677 3.982161521911621 -0.3906872868537903
1.766827940940857 3.9942474365234375 -0.3883081376552582
1.6761574745178223 4.005101680755615 -0.38600772619247437
1.586090326309204 4.014750003814697 -0.38378483057022095
1.4966164827346802 4.023209095001221 -0.3816388249397278
1.4077260494232178 4.030501842498779 -0.37956851720809937
1.319409728050232 4.036645412445068 -0.37757083773612976
1.231655478477478 4.041658878326416 -0.37564700841903687
1.1444576978683472 4.045558929443359 -0.37379521131515503
1.0578014850616455 4.048362731933594 -0.3720117509365082
0.9716814756393433 4.050084590911865 -0.3702991008758545
0.8860845565795898 4.050741672515869 -0.3686548173427582
0.8010061383247375 4.050344944000244 -0.3670782744884491
0.7164318561553955 4.048910617828369 -0.3655688762664795
0.6323549747467041 4.046449661254883 -0.3641248047351837
0.5487664341926575 4.042975902557373 -0.362746000289917
0.46565762162208557 4.038499355316162 -0.36142948269844055
0.3830174207687378 4.0330305099487305 -0.36017826199531555
0.3008401393890381 4.026580333709717 -0.35898929834365845
0.21911317110061646 4.0191569328308105 -0.35786136984825134
0.13783034682273865 4.010769844055176 -0.35679569840431213
0.05698516219854355 4.00142765045166 -0.3557916581630707
-0.023433685302734375 3.9911375045776367 -0.3548462390899658
-0.10343047976493835 3.979905843734741 -0.3539606034755707
-0.18301880359649658 3.967738628387451 -0.35313481092453003
-0.26220017671585083 3.954643726348877 -0.35236820578575134
-0.3409898281097412 3.9406239986419678 -0.3516583740711212
-0.4193882644176483 3.9256858825683594 -0.3510071039199829
-0.4974058270454407 3.909832000732422 -0.35041263699531555
-0.5750492811203003 3.8930675983428955 -0.3498767614364624
-0.6523278951644897 3.8753936290740967 -0.34939640760421753
-0.7292447090148926 3.8568131923675537 -0.3489740490913391
-0.8058122396469116 3.837329626083374 -0.34860658645629883
-0.88202965259552 3.8169426918029785 -0.3482959270477295
-0.957909882068634 3.795654773712158 -0.3480408191680908
-1.0383496284484863 3.791341543197632 -0.34948980808258057
-1.1229875087738037 3.798792600631714 -0.35218876600265503
-1.2085620164871216 3.805065870285034 -0.3549512028694153
-1.2950842380523682 3.810134172439575 -0.357780784368515
-1.382554292678833 3.8139662742614746 -0.36067995429039
-1.4709761142730713 3.816530704498291 -0.36364689469337463
-1.5603511333465576 3.8177969455718994 -0.36668339371681213
-1.6506844758987427 3.8177311420440674 -0.36979129910469055
-1.741974115371704 3.8162972927093506 -0.37297123670578003
-1.8342269659042358 3.813462495803833 -0.3762238025665283
-1.927437424659729 3.809190034866333 -0.3795495927333832
-2.021605968475342 3.8034427165985107 -0.3829510807991028
-2.1167309284210205 3.7961809635162354 -0.38642948865890503
-2.212815761566162 3.7873666286468506 -0.38998356461524963
-2.309849739074707 3.776959180831909 -0.39361637830734253
-2.407834053039551 3.764916181564331 -0.39732789993286133
-2.506756544113159 3.7511961460113525 -0.4011206328868866
-2.6066136360168457 3.7357537746429443 -0.40499332547187805
-2.397817850112915 3.293344020843506 -0.3621869385242462
-2.216447353363037 2.9190094470977783 -0.3258569836616516
-2.158470630645752 2.727003335952759 -0.30920660495758057
-2.2512176036834717 2.729534864425659 -0.31456422805786133
-2.3350942134857178 2.7179806232452393 -0.3185809850692749
-2.3846094608306885 2.665250301361084 -0.31795716285705566
-2.433640480041504 2.612372398376465 -0.31742554903030396
-2.482213258743286 2.5593228340148926 -0.3169824481010437
-2.530346632003784 2.5060832500457764 -0.3166278600692749
-2.5780649185180664 2.452629327774048 -0.31636112928390503
-2.6253905296325684 2.398937702178955 -0.3161846995353699
-2.672340154647827 2.3449902534484863 -0.3160938024520874
-2.7189409732818604 2.290757179260254 -0.31609195470809937
-2.765204906463623 2.236222505569458 -0.31617677211761475
-2.811157464981079 2.1813580989837646 -0.31635135412216187
-2.8568167686462402 2.1261403560638428 -0.3166126012802124
-2.902200222015381 2.0705456733703613 -0.31696170568466187
-2.947326421737671 2.014549732208252 -0.31740057468414307
-2.9922165870666504 1.9581234455108643 -0.3179284930229187
-3.036884069442749 1.9012451171875 -0.3185480237007141
-3.0813493728637695 1.8438857793807983 -0.3192572593688965
-3.1256284713745117 1.7860183715820312 -0.3200586438179016
-3.169743299484253 1.7276110649108887 -0.3209521770477295
-3.21370530128479 1.6686391830444336 -0.32193970680236816
-3.257534980773926 1.609069585800171 -0.3230224847793579
-3.3012502193450928 1.5488709211349487 -0.324202299118042
-3.344864845275879 1.488013744354248 -0.32548218965530396
-3.3883981704711914 1.4264626502990723 -0.32685917615890503
-3.431871175765991 1.3641785383224487 -0.32833927869796753
-3.4752910137176514 1.3011382818222046 -0.329923152923584
-3.518686294555664 1.2372891902923584 -0.3316131830215454
-3.5620665550231934 1.1726038455963135 -0.33341068029403687
-3.605454444885254 1.107034683227539 -0.3353198766708374
-3.6488661766052246 1.0405417680740356 -0.3373425602912903
-3.692317247390747 0.9730849862098694 -0.3394806385040283
-3.7358286380767822 0.9046151638031006 -0.34174013137817383
-3.7794206142425537 0.8350813984870911 -0.34412235021591187
-3.8231074810028076 0.7644428610801697 -0.34662967920303345
-3.866914749145508 0.6926342844963074 -0.3492676019668579
-3.9108574390411377 0.6196112036705017 -0.3520398437976837
-3.954957962036133 0.5453112721443176 -0.35495060682296753
-3.9992406368255615 0.4696687161922455 -0.3580041825771332
-4.399659156799316 0.42719268798828125 -0.39299991726875305
-3.6886472702026367 0.2834080457687378 -0.32891297340393066
-3.7214200496673584 0.210743248462677 -0.33139103651046753
-3.7355759143829346 0.13625822961330414 -0.3323395252227783
-3.732360601425171 0.06101898103952408 -0.3318774700164795
-3.7285826206207275 -0.014033965766429901 -0.33149969577789307
-3.724242925643921 -0.08893325924873352 -0.3312060832977295
-3.7169642448425293 -0.16360381245613098 -0.33078432083129883
-3.7078020572662354 -0.23798918724060059 -0.33032840490341187
-3.698060989379883 -0.31214919686317444 -0.3299524188041687
-3.6877403259277344 -0.38611143827438354 -0.3296588659286499
-3.6768381595611572 -0.45989349484443665 -0.32944339513778687
-3.6653528213500977 -0.5335233807563782 -0.32930970191955566
-3.6532797813415527 -0.6070301532745361 -0.3292554020881653
-3.5993473529815674 -0.6727070212364197 -0.32554876804351807
-3.2811710834503174 -0.6818049550056458 -0.2979511022567749
-3.00826096534729 -0.6884840130805969 -0.27437078952789307
-2.9747776985168457 -0.7440803647041321 -0.2726263999938965
-2.948356866836548 -0.8008061051368713 -0.2716272473335266
-2.921304225921631 -0.856898307800293 -0.2706677317619324
-2.893627166748047 -0.912364661693573 -0.26974916458129883
-2.8653297424316406 -0.9672120213508606 -0.26887089014053345
-2.836423873901367 -1.0214375257492065 -0.26803165674209595
-2.8069095611572266 -1.0750571489334106 -0.26723146438598633
-2.7767980098724365 -1.1280661821365356 -0.2664715647697449
-2.7460920810699463 -1.1804718971252441 -0.2657501697540283
-2.7147955894470215 -1.2322828769683838 -0.2650659680366516
-2.6829185485839844 -1.2834949493408203 -0.26442021131515503
-2.6504616737365723 -1.334115982055664 -0.2638123035430908
-2.6174299716949463 -1.3841495513916016 -0.2632434368133545
-2.5838255882263184 -1.433603048324585 -0.26270997524261475
-2.549656629562378 -1.48247230052948 -0.2622150182723999
-2.514923095703125 -1.5307636260986328 -0.26175665855407715
-2.479628562927246 -1.5784809589385986 -0.26133424043655396
-2.4437742233276367 -1.625628113746643 -0.2609485387802124
-2.4073667526245117 -1.6722041368484497 -0.26059937477111816
-2.3704047203063965 -1.7182139158248901 -0.2602875232696533
-2.332890272140503 -1.7636582851409912 -0.26001042127609253
-2.2948250770568848 -1.808542013168335 -0.2597711682319641
-2.256211519241333 -1.8528645038604736 -0.259566068649292
-2.217050552368164 -1.896626353263855 -0.2593957781791687
-2.1820614337921143 -1.944034218788147 -0.2598254680633545
-2.1779496669769287 -2.02038836479187 -0.2641217112541199
-2.172663688659668 -2.098337173461914 -0.2685449719429016
-2.1661453247070312 -2.1779191493988037 -0.2730981707572937
-2.1583364009857178 -2.259167194366455 -0.27778691053390503
-2.1491737365722656 -2.342118978500366 -0.28261417150497437
-2.1385912895202637 -2.4267966747283936 -0.28758305311203003
-2.1265218257904053 -2.5132362842559814 -0.29269838333129883
-2.1128933429718018 -2.6014678478240967 -0.2979639172554016
-2.0976295471191406 -2.691525936126709 -0.30338501930236816
-2.0806541442871094 -2.7834312915802 -0.30896425247192383
-2.0618836879730225 -2.877211332321167 -0.31470704078674316
-2.041231155395508 -2.9729020595550537 -0.32061707973480225
-2.018611192703247 -3.0705082416534424 -0.3266986608505249
-1.99392831325531 -3.1700572967529297 -0.33295655250549316
-1.9670875072479248 -3.2715678215026855 -0.3393939733505249
-1.9379847049713135 -3.3750548362731934 -0.3460156321525574
-1.9065191745758057 -3.4805235862731934 -0.35282596945762634
-1.8725825548171997 -3.5879814624786377 -0.35982730984687805
-1.8360592126846313 -3.6974284648895264 -0.36702701449394226
-1.796834111213684 -3.808865785598755 -0.3744256794452667
-1.7547924518585205 -3.9222710132598877 -0.38202640414237976
-1.7098052501678467 -4.037634372711182 -0.3898340165615082
-1.6617498397827148 -4.1549248695373535 -0.39785036444664
-1.6104910373687744 -4.274118423461914 -0.406080961227417
-1.5559042692184448 -4.39516019821167 -0.4145233631134033
-1.4978512525558472 -4.517999649047852 -0.42318180203437805
-1.4361920356750488 -4.642581462860107 -0.43205690383911133
-1.333186388015747 -4.638000011444092 -0.4290478825569153
-1.2039285898208618 -4.529483318328857 -0.41668644547462463
-1.0816302299499512 -4.426063537597656 -0.4050879180431366
-0.9657131433486938 -4.327314853668213 -0.3941931426525116
-0.8556475639343262 -4.232846736907959 -0.38394230604171753
-0.7509765625 -4.142322063446045 -0.3742840886116028
-0.651280403137207 -4.05543327331543 -0.3651758134365082
-0.5561779737472534 -3.971897602081299 -0.35657474398612976
-0.46532729268074036 -3.8914592266082764 -0.3484424352645874
-0.3784312307834625 -3.81390118598938 -0.34074831008911133
-0.2952059805393219 -3.7390129566192627 -0.3334594964981079
-0.21735092997550964 -3.6998541355133057 -0.32951050996780396
-0.14456787705421448 -3.7467730045318604 -0.3333618640899658
-0.07000778615474701 -3.793093681335449 -0.33729004859924316
0.00635894387960434 -3.838775634765625 -0.3412945866584778
0.0845530703663826 -3.883767604827881 -0.3453754186630249
0.16460096836090088 -3.928020477294922 -0.3495343327522278
0.24651122093200684 -3.971478223800659 -0.35377201437950134
0.33030715584754944 -4.014083385467529 -0.358085960149765
0.41247281432151794 -4.021347999572754 -0.3594018816947937
0.49063292145729065 -3.990867853164673 -0.3574872314929962
0.567781925201416 -3.9592161178588867 -0.3556036651134491
0.6439114212989807 -3.926420211791992 -0.3537500202655792
0.7190133333206177 -3.8925061225891113 -0.3519262969493866
0.7930868268013 -3.8575005531311035 -0.3501324951648712
0.8661196231842041 -3.821434259414673 -0.34837037324905396
0.9381048679351807 -3.7843339443206787 -0.3466370105743408
1.0090422630310059 -3.746220111846924 -0.34493595361709595
1.078920841217041 -3.7071239948272705 -0.3432648181915283
1.1477413177490234 -3.667069673538208 -0.34162479639053345
1.2154977321624756 -3.6260790824890137 -0.34001410007476807
1.2821933031082153 -3.584176540374756 -0.33843570947647095
1.350732684135437 -3.549055814743042 -0.33761537075042725
1.4218648672103882 -3.5212626457214355 -0.3376239538192749
1.4924917221069336 -3.4921977519989014 -0.3376477360725403
1.562597632408142 -3.461867570877075 -0.3376861810684204
1.632155418395996 -3.430283784866333 -0.33773869276046753
1.7011501789093018 -3.397451162338257 -0.3378070592880249
1.7695610523223877 -3.3633806705474854 -0.33789002895355225
1.837377905845642 -3.3280742168426514 -0.3379877209663391
1.9045666456222534 -3.29154896736145 -0.33810001611709595
1.9711159467697144 -3.253809690475464 -0.3382275700569153
2.03700852394104 -3.21486496925354 -0.33836978673934937
2.1022253036499023 -3.1747233867645264 -0.33852726221084595
2.166743755340576 -3.1333959102630615 -0.33869874477386475
2.2305469512939453 -3.0908923149108887 -0.3388855457305908
2.29361629486084 -3.0472209453582764 -0.33908694982528687
2.3559343814849854 -3.0023913383483887 -0.3393036127090454
2.417478322982788 -2.956416606903076 -0.33953434228897095
2.4782333374023438 -2.909306049346924 -0.3397790789604187
2.538177728652954 -2.861070394515991 -0.3400397300720215
2.597301483154297 -2.8117151260375977 -0.3403143882751465
2.6555728912353516 -2.7612597942352295 -0.3406030535697937
2.712982177734375 -2.709711790084839 -0.34090638160705566
2.7695064544677734 -2.657083034515381 -0.3412250280380249
2.825131893157959 -2.603383779525757 -0.3415582776069641
2.8798348903656006 -2.5486295223236084 -0.34190434217453003
2.9335999488830566 -2.4928317070007324 -0.34226566553115845
2.986407995223999 -2.436002254486084 -0.3426416516304016
3.0382447242736816 -2.378150701522827 -0.3430304527282715
3.089085102081299 -2.3192954063415527 -0.34343385696411133
3.138913631439209 -2.2594494819641113 -0.34385132789611816
3.1877100467681885 -2.1986262798309326 -0.34428346157073975
3.2354626655578613 -2.1368350982666016 -0.34472906589508057
3.282146692276001 -2.0740983486175537 -0.34518861770629883
3.3277478218078613 -2.010425329208374 -0.34566164016723633
3.3722431659698486 -1.9458353519439697 -0.3461468815803528
3.415623188018799 -1.8803354501724243 -0.3466479778289795
3.457859516143799 -1.8139528036117554 -0.3471618890762329
3.498940944671631 -1.746697187423706 -0.3476880192756653
3.5388524532318115 -1.6785813570022583 -0.3482288122177124
3.5775701999664307 -1.609628677368164 -0.348783016204834
3.615077495574951 -1.5398566722869873 -0.349348783493042
2.0762908458709717 2.73476505279541 -0.39317265152931213
2.0327906608581543 2.7923338413238525 -0.395491361618042
1.9876388311386108 2.8490097522735596 -0.3977752923965454
1.9408491849899292 2.9047255516052246 -0.4000220000743866
1.8924312591552734 2.959416389465332 -0.4022308588027954
1.8424041271209717 3.013014793395996 -0.4043976068496704
1.7907885313034058 3.065457582473755 -0.40651920437812805
1.7376012802124023 3.11667537689209 -0.4085937738418579
1.6828713417053223 3.166602611541748 -0.41061830520629883
1.6266262531280518 3.215174436569214 -0.4125915765762329
1.5688985586166382 3.2623252868652344 -0.4145081043243408
1.509717345237732 3.307990074157715 -0.41636723279953003
1.4478304386138916 3.349111557006836 -0.4177936017513275
1.3734127283096313 3.360974073410034 -0.4157434403896332
1.2993144989013672 3.371743679046631 -0.4137597978115082
1.2255349159240723 3.3814351558685303 -0.4118402302265167
1.152075171470642 3.3900628089904785 -0.40998539328575134
1.0789339542388916 3.397639751434326 -0.40819522738456726
1.0061135292053223 3.404179573059082 -0.4064667224884033
0.933610200881958 3.409696578979492 -0.40480107069015503
0.8614263534545898 3.414201259613037 -0.40319767594337463
0.7895596027374268 3.417705535888672 -0.4016546905040741
0.7180095911026001 3.4202215671539307 -0.40017154812812805
0.6467751860618591 3.421759605407715 -0.39874881505966187
0.5758569240570068 3.422330141067505 -0.3973858952522278
0.5052526593208313 3.421942710876465 -0.39608034491539
0.43496111035346985 3.420607805252075 -0.3948327898979187
0.36498212814331055 3.418333053588867 -0.3936450481414795
0.2953132688999176 3.4151275157928467 -0.3925110101699829
0.22595322132110596 3.4109997749328613 -0.3914361894130707
0.15690338611602783 3.405956268310547 -0.3904156982898712
0.08815840631723404 3.400005340576172 -0.38945072889328003
0.019719846546649933 3.393152952194214 -0.388542503118515
-0.04841247946023941 3.385406732559204 -0.387688010931015
-0.11624420434236526 3.3767712116241455 -0.3868896961212158
-0.1837731897830963 3.367252826690674 -0.3861444294452667
-0.2510009706020355 3.356856107711792 -0.38545292615890503
-0.3179304599761963 3.3455867767333984 -0.3848157227039337
-0.38456085324287415 3.3334476947784424 -0.38423100113868713
-0.45089444518089294 3.320444345474243 -0.3836999833583832
-0.5169328451156616 3.30657958984375 -0.38322147727012634
-0.5826765298843384 3.291856527328491 -0.382796049118042
-0.6481248736381531 3.2762794494628906 -0.3824237287044525
-0.7132823467254639 3.2598483562469482 -0.38210269808769226
-0.778147280216217 3.242567300796509 -0.3818347454071045
-0.8427205085754395 3.224437713623047 -0.3816186785697937
-0.9070038795471191 3.2054600715637207 -0.38145390152931213
-0.9709973335266113 3.185635805130005 -0.38134220242500305
-1.0347007513046265 3.164966583251953 -0.38128238916397095
-1.098116397857666 3.143451452255249 -0.3812744617462158
-1.1612424850463867 3.12109112739563 -0.3813183903694153
-1.224079966545105 3.0978846549987793 -0.3814142048358917
-1.2866290807724 3.073831796646118 -0.38156193494796753
-1.348889946937561 3.0489308834075928 -0.3817608952522278
-1.4181487560272217 3.038796901702881 -0.383986234664917
-1.4892876148223877 3.0306522846221924 -0.38666385412216187
-1.5608710050582886 3.02126145362854 -0.3893933594226837
-1.6328855752944946 3.010601043701172 -0.39217227697372437
-1.7053221464157104 2.9986467361450195 -0.395003080368042
-1.778161644935608 2.9853737354278564 -0.3978857696056366
-1.706575632095337 2.7383861541748047 -0.36946842074394226
-1.7800172567367554 2.7322447299957275 -0.37339481711387634
-1.8609275817871094 2.734576940536499 -0.3787524700164795
-1.9240553379058838 2.708584785461426 -0.3804352283477783
-1.9722517728805542 2.661403179168701 -0.37930363416671753
-2.0198755264282227 2.6140847206115723 -0.3782733380794525
-2.066946029663086 2.566617488861084 -0.37734439969062805
-2.113485097885132 2.518982172012329 -0.3765149414539337
-2.1595141887664795 2.471162796020508 -0.37578433752059937
-2.2050507068634033 2.423145294189453 -0.3751513957977295
-2.250115156173706 2.3749120235443115 -0.37461552023887634
-2.29472279548645 2.326448917388916 -0.37417545914649963
-2.3388938903808594 2.277737617492676 -0.37383121252059937
-2.382643222808838 2.2287635803222656 -0.3735834062099457
-2.4259912967681885 2.179504156112671 -0.3734308183193207
-2.4689486026763916 2.129948616027832 -0.3733728229999542
-2.511535167694092 2.0800750255584717 -0.3734106719493866
-2.5537641048431396 2.0298683643341064 -0.3735431134700775
-2.5956504344940186 1.9793086051940918 -0.37377017736434937
-2.637209415435791 1.928376317024231 -0.37409427762031555
-2.678454637527466 1.877052664756775 -0.3745129704475403
-2.7193989753723145 1.8253196477890015 -0.3750293254852295
-2.760057210922241 1.773154616355896 -0.3756421208381653
-2.8004424571990967 1.720537543296814 -0.3763519525527954
-2.8405661582946777 1.6674482822418213 -0.3771606683731079
-2.8804421424865723 1.613863468170166 -0.3780682682991028
-2.9200830459594727 1.5597597360610962 -0.3790771961212158
-2.9595000743865967 1.5051167011260986 -0.38018742203712463
-2.9987056255340576 1.4499069452285767 -0.38139957189559937
-3.0377118587493896 1.3941072225570679 -0.3827173113822937
-3.0765292644500732 1.3376928567886353 -0.38414067029953003
-3.115170955657959 1.2806347608566284 -0.3856702148914337
-3.1536476612091064 1.2229069471359253 -0.38731083273887634
-3.1919689178466797 1.1644810438156128 -0.3890625238418579
-3.2301464080810547 1.1053290367126465 -0.3909265398979187
-3.2681944370269775 1.045413613319397 -0.39290651679039
-3.306118965148926 0.9847115278244019 -0.39500492811203003
-3.3439347743988037 0.9231829643249512 -0.39722415804862976
-3.3816511631011963 0.8607953190803528 -0.39956730604171753
-3.4192771911621094 0.7975152134895325 -0.4020361602306366
-3.4568259716033936 0.7333025932312012 -0.4046350419521332
-3.4943082332611084 0.668116569519043 -0.4073669910430908
-3.5317325592041016 0.6019213795661926 -0.4102356433868408
-3.5691123008728027 0.5346685647964478 -0.4132440388202667
-3.606456756591797 0.46631789207458496 -0.41639775037765503
-3.49416184425354 0.3805290162563324 -0.4024682939052582
-3.280608654022217 0.2906501591205597 -0.37712040543556213
-3.0864932537078857 0.2109902948141098 -0.3542456328868866
-2.9093821048736572 0.14017227292060852 -0.3335278630256653
-2.747201919555664 0.07702590525150299 -0.3146936297416687
-2.6808979511260986 0.021230926737189293 -0.30698853731155396
-2.6688597202301025 -0.03254150226712227 -0.30562257766723633
-2.6560890674591064 -0.08583236485719681 -0.3042963147163391
-2.6425986289978027 -0.13864043354988098 -0.30300843715667725
-2.6283986568450928 -0.19096389412879944 -0.30176031589508057
-2.613499641418457 -0.24280470609664917 -0.30054932832717896
-2.5979113578796387 -0.29416152834892273 -0.29937684535980225
-2.5816445350646973 -0.34503188729286194 -0.2982410192489624
-2.5647077560424805 -0.39541885256767273 -0.2971435785293579
-2.547110080718994 -0.44532012939453125 -0.2960827946662903
-2.528862714767456 -0.49473464488983154 -0.29505860805511475
-2.5099711418151855 -0.5436643958091736 -0.29407167434692383
-2.490446090698242 -0.5921083092689514 -0.293118953704834
-2.470294713973999 -0.6400651335716248 -0.2922046184539795
-2.449524164199829 -0.6875370740890503 -0.2913239002227783
-2.4281439781188965 -0.7345231175422668 -0.2904791831970215
-2.4061591625213623 -0.7810221910476685 -0.289670467376709
-2.3835787773132324 -0.8270347118377686 -0.2888959050178528
-2.360405683517456 -0.8725633025169373 -0.2881561517715454
-2.3366520404815674 -0.9176042079925537 -0.28745120763778687
-2.312319278717041 -0.9621580243110657 -0.2867810130119324
-2.2874155044555664 -1.0062274932861328 -0.28614503145217896
-2.2619454860687256 -1.0498087406158447 -0.28554201126098633
-2.2359161376953125 -1.0929030179977417 -0.28497254848480225
-2.2093307971954346 -1.1355116367340088 -0.28443849086761475
-2.1821956634521484 -1.1776319742202759 -0.2839367985725403
-2.1545145511627197 -1.2192652225494385 -0.2834705114364624
-2.1262946128845215 -1.2604105472564697 -0.28303468227386475
-2.097536325454712 -1.3010667562484741 -0.2826324701309204
-2.0682473182678223 -1.3412333726882935 -0.2822644114494324
-2.0384304523468018 -1.3809105157852173 -0.2819287180900574
-2.0080883502960205 -1.4200974702835083 -0.2816253900527954
-1.9772257804870605 -1.458791971206665 -0.281355619430542
-1.9458457231521606 -1.4969947338104248 -0.28111881017684937
-1.91395103931427 -1.5347038507461548 -0.2809131145477295
-1.881545901298523 -1.571916937828064 -0.2807403802871704
-1.8486319780349731 -1.608635663986206 -0.2806012034416199
-1.8152127265930176 -1.6448560953140259 -0.28049319982528687
-1.781291127204895 -1.6805769205093384 -0.2804180979728699
-1.7468680143356323 -1.7157975435256958 -0.28037601709365845
-1.711946964263916 -1.750516414642334 -0.28036564588546753
-1.6765284538269043 -1.784730076789856 -0.2803875803947449
-1.6406162977218628 -1.8184367418289185 -0.28044193983078003
-1.6042122840881348 -1.8516340255737305 -0.28052860498428345
-1.5673176050186157 -1.8843199014663696 -0.2806488275527954
-1.5299327373504639 -1.9164938926696777 -0.2808002233505249
-1.508562445640564 -1.9696967601776123 -0.28409063816070557
-1.488123893737793 -2.0261523723602295 -0.2878583073616028
-1.4663676023483276 -2.0830750465393066 -0.29169678688049316
-1.4432568550109863 -2.140434980392456 -0.29560303688049316
-1.418756127357483 -2.198206663131714 -0.2995813488960266
-1.3928248882293701 -2.2563655376434326 -0.3036273717880249
-1.3654288053512573 -2.314875364303589 -0.3077423572540283
-1.336527943611145 -2.373704671859741 -0.31192630529403687
-1.3060845136642456 -2.43281888961792 -0.3161786198616028
-1.274063229560852 -2.4921698570251465 -0.3204968571662903
-1.2404271364212036 -2.55172061920166 -0.3248804211616516
-1.2051382064819336 -2.6114251613616943 -0.329329252243042
-1.1681636571884155 -2.67122483253479 -0.3338397741317749
-1.1294690370559692 -2.7310752868652344 -0.33841192722320557
-1.0890190601348877 -2.7909131050109863 -0.34304261207580566
-1.0467844009399414 -2.8506767749786377 -0.3477301597595215
-1.0027351379394531 -2.91030216217041 -0.35247257351875305
-0.9568427801132202 -2.969719886779785 -0.35726505517959595
-0.9090815186500549 -3.0288524627685547 -0.36210697889328003
-0.8594294190406799 -3.087625026702881 -0.3669916093349457
-0.8078610301017761 -3.1459546089172363 -0.37191715836524963
-0.754368007183075 -3.2037510871887207 -0.3768811523914337
-0.6989303827285767 -3.2609269618988037 -0.38187626004219055
-0.6415382623672485 -3.3173863887786865 -0.3868982195854187
-0.5821881294250488 -3.3730266094207764 -0.3919427692890167
-0.5208804607391357 -3.4277453422546387 -0.39700260758399963
-0.45739713311195374 -3.4797794818878174 -0.4018823504447937
-0.3796031177043915 -3.4187352657318115 -0.39387089014053345
-0.30476057529449463 -3.3593761920928955 -0.3862482011318207
-0.2326866090297699 -3.3015942573547363 -0.37898990511894226
-0.16321015357971191 -3.245286703109741 -0.3720734119415283
-0.09617920219898224 -3.19036602973938 -0.3654816150665283
-0.031452178955078125 -3.1367485523223877 -0.3591943681240082
0.031105346977710724 -3.0843517780303955 -0.35319462418556213
0.09161742776632309 -3.033101797103882 -0.3474658727645874
0.15019378066062927 -2.982936382293701 -0.3419964909553528
0.2098933458328247 -2.975698709487915 -0.3415820598602295
0.2721443176269531 -2.997884511947632 -0.34468692541122437
0.335407555103302 -3.0190746784210205 -0.34782838821411133
0.39966994524002075 -3.0392260551452637 -0.35100528597831726
0.4649227559566498 -3.0582988262176514 -0.3542163372039795
0.5311523079872131 -3.076251745223999 -0.3574603497982025
0.5937560796737671 -3.069326162338257 -0.35797184705734253
0.6527276039123535 -3.044487953186035 -0.3565332293510437
0.710982620716095 -3.018704652786255 -0.35511723160743713
0.768516480922699 -2.992000102996826 -0.35372194647789
0.8253173232078552 -2.9643914699554443 -0.35235050320625305
0.8813729286193848 -2.935901403427124 -0.3510003983974457
0.9366778135299683 -2.906545400619507 -0.34967291355133057
0.9912240505218506 -2.87634015083313 -0.3483661413192749
1.0450048446655273 -2.8453080654144287 -0.3470837473869324
1.098798155784607 -2.8154821395874023 -0.34607183933258057
1.155233383178711 -2.7929136753082275 -0.346083402633667
1.2112526893615723 -2.76930832862854 -0.34610599279403687
1.266831874847412 -2.744676351547241 -0.3461432456970215
1.321954607963562 -2.7190263271331787 -0.34619206190109253
1.3766067028045654 -2.692363739013672 -0.34625184535980225
1.4307726621627808 -2.6646947860717773 -0.34632450342178345
1.484433889389038 -2.6360278129577637 -0.34640932083129883
1.5375738143920898 -2.606372594833374 -0.34650635719299316
1.5901784896850586 -2.5757341384887695 -0.3466150164604187
1.642228603363037 -2.5441226959228516 -0.3467370867729187
1.693710207939148 -2.5115463733673096 -0.3468701243400574
1.744602918624878 -2.4780147075653076 -0.34701478481292725
1.7948939800262451 -2.4435365200042725 -0.34717226028442383
1.8445699214935303 -2.408118963241577 -0.3473413586616516
1.8936114311218262 -2.3717713356018066 -0.3475220203399658
1.9420007467269897 -2.334507465362549 -0.3477160930633545
1.9897276163101196 -2.2963318824768066 -0.3479187488555908
2.0367703437805176 -2.2572591304779053 -0.3481366038322449
2.0831170082092285 -2.2172958850860596 -0.3483654856681824
2.1287505626678467 -2.17645525932312 -0.34860479831695557
2.173657178878784 -2.1347458362579346 -0.3488556146621704
2.2178211212158203 -2.0921790599823 -0.3491199016571045
2.261225700378418 -2.0487658977508545 -0.3493945598602295
2.303854465484619 -2.0045201778411865 -0.34968143701553345
2.345696449279785 -1.95945143699646 -0.34997808933258057
2.386733055114746 -1.913573980331421 -0.35028812289237976
2.426950454711914 -1.8668951988220215 -0.35060855746269226
2.4663338661193848 -1.8194327354431152 -0.3509399890899658
2.5048699378967285 -1.7711936235427856 -0.35128360986709595
2.542541742324829 -1.722196102142334 -0.3516363799571991
2.5793356895446777 -1.6724516153335571 -0.3520025908946991
2.615236759185791 -1.6219743490219116 -0.35237735509872437
2.6502315998077393 -1.5707749128341675 -0.35276493430137634
2.6843061447143555 -1.5188713073730469 -0.3531622588634491
2.7174439430236816 -1.4662744998931885 -0.3535705804824829
2.749634027481079 -1.4130021333694458 -0.35398930311203003
2.7808620929718018 -1.3590675592422485 -0.3544183671474457
2.8111133575439453 -1.3044859170913696 -0.35485783219337463
2.84037446975708 -1.2492716312408447 -0.35530826449394226
2.8686323165893555 -1.1934434175491333 -0.3557678461074829
2.895874261856079 -1.1370136737823486 -0.35623782873153687
2.922086477279663 -1.0799998044967651 -0.3567187786102295
2.9472556114196777 -1.02242112159729 -0.35720768570899963
2.971369743347168 -0.964291512966156 -0.35770878195762634
2.994417190551758 -0.905628502368927 -0.3582165837287903
3.0163838863372803 -0.8464518785476685 -0.35873478651046753
3.037257671356201 -0.7867768406867981 -0.35926273465156555
3.0570287704467773 -0.7266233563423157 -0.3597998321056366
3.07568359375 -0.6660066246986389 -0.3603454828262329
3.0932116508483887 -0.6049491763114929 -0.36090153455734253
3.1095972061157227 -0.5434712171554565 -0.361464262008667
3.1248364448547363 -0.4815882742404938 -0.36203616857528687
3.1389148235321045 -0.41932204365730286 -0.3626178205013275
3.1518213748931885 -0.35669127106666565 -0.3632062077522278
3.164013147354126 -0.2937605082988739 -0.36385563015937805
3.1759064197540283 -0.23055267333984375 -0.364616721868515
3.186633825302124 -0.16699233651161194 -0.3653882145881653
3.1961846351623535 -0.10309509187936783 -0.36617252230644226
3.2045464515686035 -0.03888382017612457 -0.36696657538414
3.2117114067077637 0.02562454156577587 -0.3677716553211212
3.2176666259765625 0.09040603786706924 -0.36858707666397095
3.222405433654785 0.15544387698173523 -0.3694128692150116
3.22591495513916 0.22071227431297302 -0.37024906277656555
3.228184223175049 0.2861945927143097 -0.3710962235927582
3.2292072772979736 0.351864755153656 -0.3719513416290283
3.228973388671875 0.41770339012145996 -0.372816801071167
3.227473735809326 0.48368483781814575 -0.3736908435821533
3.224700927734375 0.549789547920227 -0.3745752274990082
3.220646381378174 0.6159901022911072 -0.37546756863594055
3.215301513671875 0.6822662353515625 -0.37636783719062805
3.2086615562438965 0.7485910058021545 -0.3772766590118408
3.200716495513916 0.8149423003196716 -0.3781934082508087
3.1914641857147217 0.8812915682792664 -0.3791186809539795
3.180891752243042 0.9476176500320435 -0.380049467086792
3.1690001487731934 1.0138911008834839 -0.38098880648612976
3.1557793617248535 1.08008873462677 -0.38193362951278687
3.141228675842285 1.1461811065673828 -0.38288578391075134
3.125340700149536 1.2121446132659912 -0.383842796087265
3.1081151962280273 1.2779490947723389 -0.38480594754219055
3.0895447731018066 1.343569278717041 -0.3857751786708832
3.069628953933716 1.4089752435684204 -0.38674870133399963
3.0483644008636475 1.4741406440734863 -0.3877270817756653
3.025752067565918 1.539035439491272 -0.3887103497982025
3.001788854598999 1.6036324501037598 -0.3896966874599457
2.9764761924743652 1.6679000854492188 -0.39068669080734253
2.94981050491333 1.731811761856079 -0.3916791081428528
2.921797752380371 1.7953336238861084 -0.39267581701278687
2.8924367427825928 1.8584425449371338 -0.3936731219291687
2.8617310523986816 1.9211002588272095 -0.39467471837997437
2.829681634902954 1.9832825660705566 -0.39567509293556213
2.7962942123413086 2.0449562072753906 -0.39667850732803345
2.761570692062378 2.1060903072357178 -0.39768069982528687
2.7255184650421143 2.166653871536255 -0.3986847400665283
2.6881465911865234 2.2266151905059814 -0.39968937635421753
2.649454116821289 2.2859442234039307 -0.40069034695625305
2.6094536781311035 2.3446080684661865 -0.40169191360473633
2.56815242767334 2.402576446533203 -0.402693510055542
2.5255613327026367 2.459815740585327 -0.4036896228790283
2.4816863536834717 2.516296148300171 -0.40468630194664
2.4365410804748535 2.57198429107666 -0.40567752718925476
2.39013671875 2.6268510818481445 -0.40666627883911133
2.3424863815307617 2.680861234664917 -0.4076513946056366
2.291499137878418 2.731478214263916 -0.408256858587265
2.2002573013305664 2.7324883937835693 -0.4017120599746704
2.111837863922119 2.7334420680999756 -0.3955273926258087
2.051222324371338 2.768312931060791 -0.39452335238456726
2.0067625045776367 2.8253703117370605 -0.3968213200569153
1.9606584310531616 2.8814961910247803 -0.39908573031425476
1.9129191637039185 2.9366252422332764 -0.40131044387817383
1.8635653257369995 2.9906890392303467 -0.40349429845809937
1.8126122951507568 3.0436248779296875 -0.40563541650772095
1.7600796222686768 3.0953636169433594 -0.40773075819015503
1.705993890762329 3.1458404064178467 -0.4097760319709778
1.6503804922103882 3.194988250732422 -0.4117700457572937
1.5932695865631104 3.2427423000335693 -0.41371220350265503
1.5346944332122803 3.2890374660491943 -0.41559574007987976
1.4746865034103394 3.333810567855835 -0.41742008924484253
1.4045629501342773 3.3561370372772217 -0.41659489274024963
1.330329179763794 3.3673620223999023 -0.4145825505256653
1.2564175128936768 3.3775038719177246 -0.4126361310482025
1.1828234195709229 3.386575222015381 -0.4107544422149658
1.1095495223999023 3.3945915699005127 -0.4089380204677582
1.0365935564041138 3.401564359664917 -0.4071832597255707
0.9639577865600586 3.407508373260498 -0.4054925739765167
0.8916390538215637 3.41243577003479 -0.403862327337265
0.8196404576301575 3.4163572788238525 -0.40229374170303345
0.7479568123817444 3.4192869663238525 -0.40078678727149963
0.6765920519828796 3.4212334156036377 -0.3993390202522278
0.6055407524108887 3.422208070755005 -0.39794987440109253
0.5348043441772461 3.4222209453582764 -0.396620512008667
0.46438172459602356 3.4212820529937744 -0.3953491449356079
0.3942733705043793 3.419400453567505 -0.3941357731819153
0.32447296380996704 3.416583776473999 -0.3929791748523712
0.25498488545417786 3.4128410816192627 -0.3918786942958832
0.18580475449562073 3.4081811904907227 -0.3908362090587616
0.1169309988617897 3.40260910987854 -0.3898492753505707
0.048365168273448944 3.396134376525879 -0.38891667127609253
-0.01989639550447464 3.388761520385742 -0.3880401849746704
-0.08785293996334076 3.380497932434082 -0.38721683621406555
-0.1555093377828598 3.3713483810424805 -0.3864496052265167
-0.2228616327047348 3.3613200187683105 -0.3857361078262329
-0.289917916059494 3.3504152297973633 -0.3850763142108917
-0.3566729724407196 3.3386406898498535 -0.3844696283340454
-0.42313140630722046 3.3259992599487305 -0.3839166462421417
-0.4892921447753906 3.312494993209839 -0.3834167718887329
-0.5551597476005554 3.298131227493286 -0.3829681873321533
-0.6207313537597656 3.282912015914917 -0.3825738728046417
-0.6860121488571167 3.2668375968933105 -0.3822302520275116
-0.7509983777999878 3.2499139308929443 -0.3819403350353241
-0.8156945705413818 3.2321386337280273 -0.3817017078399658
-0.8800987601280212 3.2135167121887207 -0.3815167546272278
-0.9442137479782104 3.1940464973449707 -0.3813836872577667
-1.0080382823944092 3.173732280731201 -0.381300687789917
-1.0715746879577637 3.1525707244873047 -0.38127079606056213
-1.1348224878311157 3.1305651664733887 -0.38129276037216187
-1.1977815628051758 3.107712984085083 -0.3813672363758087
-1.2604502439498901 3.084015369415283 -0.38149294257164
-1.322832465171814 3.059469223022461 -0.3816705644130707
-1.3884707689285278 3.0418455600738525 -0.38287967443466187
-1.4594210386276245 3.03421688079834 -0.38553592562675476
-1.5308175086975098 3.02535080909729 -0.3882434368133545
-1.6026525497436523 3.0152251720428467 -0.39100101590156555
-1.6749130487442017 3.0038161277770996 -0.39381107687950134
-1.7475873231887817 2.991098642349243 -0.39667177200317383
-1.7466011047363281 2.8559606075286865 -0.38333195447921753
-1.7467859983444214 2.731295347213745 -0.3712402582168579
-1.8267337083816528 2.733588218688965 -0.3764691650867462
-1.9090217351913452 2.735976457595825 -0.38200992345809937
-1.952122688293457 2.6811935901641846 -0.3797662556171417
-1.999984860420227 2.6339333057403564 -0.37869328260421753
-2.0472843647003174 2.5865304470062256 -0.37772220373153687
-2.0940444469451904 2.538966655731201 -0.3768506348133087
-2.140284776687622 2.4912266731262207 -0.37607914209365845
-2.186025619506836 2.4432942867279053 -0.3754046857357025
-2.2312841415405273 2.3951549530029297 -0.37482792139053345
-2.276082992553711 2.3467886447906494 -0.3743469715118408
-2.3204338550567627 2.2981839179992676 -0.3739636540412903
-2.3643581867218018 2.2493209838867188 -0.3736755847930908
-2.4078726768493652 2.2001826763153076 -0.3734833002090454
-2.450991153717041 2.1507551670074463 -0.3733856678009033
-2.4937331676483154 2.101015329360962 -0.37338322401046753
-2.53610897064209 2.0509512424468994 -0.3734765946865082
-2.578136682510376 2.0005416870117188 -0.37366458773612976
-2.6198318004608154 1.949767827987671 -0.37394779920578003
-2.6612062454223633 1.8986108303070068 -0.3743261992931366
-2.7022745609283447 1.8470526933670044 -0.37480106949806213
-2.7430527210235596 1.7950687408447266 -0.37537235021591187
-2.783550262451172 1.7426449060440063 -0.3760431110858917
-2.8237810134887695 1.6897573471069336 -0.3768097162246704
-2.8637590408325195 1.636382818222046 -0.37767642736434937
-2.9034976959228516 1.5824987888336182 -0.37864261865615845
-2.943006753921509 1.5280849933624268 -0.3797088861465454
-2.9822990894317627 1.473116397857666 -0.3808789551258087
-3.021388053894043 1.417565941810608 -0.38215214014053345
-3.0602834224700928 1.3614122867584229 -0.3835309147834778
-3.09899640083313 1.304628849029541 -0.38501590490341187
-3.137542486190796 1.2471823692321777 -0.386610746383667
-3.1759250164031982 1.189056158065796 -0.3883136212825775
-3.214163303375244 1.13020920753479 -0.39013126492500305
-3.252263307571411 1.070618987083435 -0.3920624256134033
-3.290238857269287 1.0102500915527344 -0.39411136507987976
-3.3281002044677734 0.9490697383880615 -0.3962787091732025
-3.365856170654297 0.887048065662384 -0.39857059717178345
-3.4035184383392334 0.8241473436355591 -0.40098515152931213
-3.4410996437072754 0.7603274583816528 -0.40352970361709595
-3.4786059856414795 0.6955587863922119 -0.4062054753303528
-3.516054630279541 0.629789412021637 -0.4090173542499542
-3.553450345993042 0.5629861354827881 -0.41196659207344055
-3.590808153152466 0.49510177969932556 -0.4150574207305908
-3.590122699737549 0.4216241240501404 -0.4139154255390167
-3.367581367492676 0.32698118686676025 -0.38742130994796753
-3.165649890899658 0.24322615563869476 -0.3635547161102295
-2.9816722869873047 0.1688520759344101 -0.3419659733772278
-2.8134779930114746 0.10262496769428253 -0.32237493991851807
-2.6857221126556396 0.04390716552734375 -0.30757206678390503
-2.6739940643310547 -0.010064544156193733 -0.30618900060653687
-2.661529302597046 -0.06355620920658112 -0.3048480749130249
-2.64833927154541 -0.11656783521175385 -0.30354374647140503
-2.6344361305236816 -0.1690942347049713 -0.30227911472320557
-2.619828224182129 -0.22113677859306335 -0.3010522723197937
-2.604527235031128 -0.2726975977420807 -0.2998645305633545
-2.5885438919067383 -0.323771208524704 -0.29871219396591187
-2.5718865394592285 -0.3743598759174347 -0.2975994944572449
-2.5545644760131836 -0.42446744441986084 -0.296522855758667
-2.536588668823242 -0.4740827977657318 -0.29548341035842896
-2.517965793609619 -0.5232173204421997 -0.29448002576828003
-2.4987053871154785 -0.5718650817871094 -0.29351383447647095
-2.478816270828247 -0.6200254559516907 -0.29258304834365845
-2.458303928375244 -0.6677027940750122 -0.2916882634162903
-2.437178611755371 -0.7148905992507935 -0.2908288836479187
-2.4154462814331055 -0.7615934610366821 -0.2900049090385437
-2.393113613128662 -0.8078120350837708 -0.28921574354171753
-2.370189666748047 -0.8535404801368713 -0.28846192359924316
-2.346677780151367 -0.8987861275672913 -0.2877429723739624
-2.322587013244629 -0.9435441493988037 -0.2870575189590454
-2.297921895980835 -0.9878156781196594 -0.28640687465667725
-2.272688150405884 -1.0316041707992554 -0.2857898473739624
-2.246892213821411 -1.0749027729034424 -0.28520816564559937
-2.2205395698547363 -1.1177144050598145 -0.28465884923934937
-2.1936347484588623 -1.1600382328033447 -0.2841430902481079
-2.1661808490753174 -1.2018778324127197 -0.28366029262542725
-2.138185739517212 -1.2432270050048828 -0.28321290016174316
-2.1096537113189697 -1.2840873003005981 -0.28279727697372437
-2.080587387084961 -1.3244593143463135 -0.2824152112007141
-2.050989866256714 -1.3643430471420288 -0.28206485509872437
-2.0208680629730225 -1.403734564781189 -0.28174930810928345
-1.9902230501174927 -1.4426350593566895 -0.2814648747444153
-1.9590603113174438 -1.4810428619384766 -0.2812134027481079
-1.927380084991455 -1.5189601182937622 -0.28099489212036133
-1.895188331604004 -1.5563822984695435 -0.2808087468147278
-1.8624874353408813 -1.5933072566986084 -0.2806561589241028
-1.8292802572250366 -1.6297361850738525 -0.2805340886116028
-1.7955670356750488 -1.6656687259674072 -0.28044557571411133
-1.7613545656204224 -1.7010987997055054 -0.2803894281387329
-1.7266422510147095 -1.7360267639160156 -0.28036564588546753
-1.691433072090149 -1.7704514265060425 -0.2803729772567749
-1.655727505683899 -1.8043723106384277 -0.28041505813598633
-1.619529128074646 -1.8377833366394043 -0.28048956394195557
-1.582839846611023 -1.870684027671814 -0.28059327602386475
-1.5456604957580566 -1.9030717611312866 -0.28073185682296753
-1.5167458057403564 -1.946178674697876 -0.28253239393234253
-1.496848702430725 -2.002434730529785 -0.28627079725265503
-1.4756481647491455 -2.0591626167297363 -0.29007935523986816
-1.4531091451644897 -2.1163458824157715 -0.29395753145217896
-1.4291949272155762 -2.1739485263824463 -0.2979053258895874
-1.4038686752319336 -2.231947183609009 -0.30192261934280396
-1.3770908117294312 -2.290313720703125 -0.30600953102111816
-1.3488236665725708 -2.349015951156616 -0.31016480922698975
-1.3190323114395142 -2.408013105392456 -0.3143884539604187
-1.2876776456832886 -2.4672696590423584 -0.318678617477417
-1.2547239065170288 -2.526742696762085 -0.32303470373153687
-1.2201299667358398 -2.5863890647888184 -0.32745790481567383
-1.1838661432266235 -2.6461546421051025 -0.33194220066070557
-1.1458977460861206 -2.705991268157959 -0.3364880681037903
-1.1061879396438599 -2.765839099884033 -0.34109562635421753
-1.0647038221359253 -2.8256444931030273 -0.34575992822647095
-1.0214197635650635 -2.885333299636841 -0.35047855973243713
-0.9763038158416748 -2.9448466300964355 -0.35524967312812805
-0.9293261170387268 -3.004110097885132 -0.36007145047187805
-0.8804670572280884 -3.0630438327789307 -0.3649383783340454
-0.8297069072723389 -3.121568441390991 -0.36984866857528687
-0.7770222425460815 -3.179600238800049 -0.37479618191719055
-0.7224012613296509 -3.2370457649230957 -0.3797784745693207
-0.6658264398574829 -3.2938201427459717 -0.38479068875312805
-0.6072996854782104 -3.3498144149780273 -0.38982608914375305
-0.5468127727508545 -3.404933452606201 -0.3948797881603241
-0.4843671917915344 -3.45906662940979 -0.39994877576828003
-0.4118333160877228 -3.4441051483154297 -0.39717897772789
-0.3357810974121094 -3.38405704498291 -0.38939639925956726
-0.2625682055950165 -3.3256261348724365 -0.38198918104171753
-0.19202330708503723 -3.2687127590179443 -0.374931663274765
-0.12398147583007812 -3.213218927383423 -0.36820682883262634
-0.05830490216612816 -3.1590631008148193 -0.36179324984550476
0.00514587014913559 -3.1061651706695557 -0.35567447543144226
0.06649855524301529 -3.0544464588165283 -0.34983521699905396
0.125873863697052 -3.0038323402404785 -0.34425783157348633
0.18410736322402954 -2.966113328933716 -0.34029054641723633
0.24593138694763184 -2.98870587348938 -0.3433801531791687
0.3087702989578247 -3.0103180408477783 -0.34650760889053345
0.3726174831390381 -3.030910015106201 -0.34966981410980225
0.4374554455280304 -3.0504393577575684 -0.35286685824394226
0.5032763481140137 -3.068866014480591 -0.3560968339443207
0.5688284039497375 -3.0794525146484375 -0.35858097672462463
0.628098726272583 -3.0550127029418945 -0.3571332097053528
0.6866567730903625 -3.029620885848999 -0.35570865869522095
0.7444936633110046 -3.003302574157715 -0.35430485010147095
0.8016030192375183 -2.976069927215576 -0.3529230058193207
0.8579708337783813 -2.9479479789733887 -0.35156315565109253
0.913590669631958 -2.9189512729644775 -0.35022586584091187
0.9684563875198364 -2.889103889465332 -0.3489105701446533
1.022560954093933 -2.858412981033325 -0.3476178050041199
1.0758929252624512 -2.8269102573394775 -0.3463495373725891
1.1316323280334473 -2.8024988174438477 -0.3460766673088074
1.1878267526626587 -2.7793266773223877 -0.34609436988830566
1.2435925006866455 -2.755124568939209 -0.3461267352104187
1.2989083528518677 -2.7299017906188965 -0.3461700677871704
1.3537590503692627 -2.703660726547241 -0.3462250232696533
1.4081310033798218 -2.67641282081604 -0.34629273414611816
1.4620095491409302 -2.6481616497039795 -0.3463733196258545
1.515369176864624 -2.6189208030700684 -0.3464648723602295
1.5681984424591064 -2.588693857192993 -0.34656864404678345
1.6204805374145508 -2.557490587234497 -0.34668397903442383
1.6722038984298706 -2.525315999984741 -0.34681278467178345
1.7233452796936035 -2.4921841621398926 -0.3469531536102295
1.773891806602478 -2.4581010341644287 -0.347104549407959
1.823826789855957 -2.4230759143829346 -0.3472687005996704
1.8731377124786377 -2.3871171474456787 -0.34744513034820557
1.9217997789382935 -2.350236654281616 -0.3476330637931824
1.9698060750961304 -2.31244158744812 -0.3478332757949829
2.0171375274658203 -2.273744583129883 -0.3480450510978699
2.063781261444092 -2.2341501712799072 -0.34826725721359253
2.109714984893799 -2.193676471710205 -0.3485028147697449
2.1549270153045654 -2.1523303985595703 -0.34874939918518066
2.1994028091430664 -2.1101224422454834 -0.3490082025527954
2.2431282997131348 -2.067063093185425 -0.34927797317504883
2.286083936691284 -2.023164749145508 -0.34955936670303345
2.328256607055664 -1.9784404039382935 -0.34985291957855225
2.3696322441101074 -1.9329001903533936 -0.3501574993133545
2.4101972579956055 -1.8865528106689453 -0.3504718244075775
2.449932098388672 -1.839417576789856 -0.35080021619796753
2.4888224601745605 -1.7915043830871582 -0.3511377274990082
2.526858329772949 -1.7428241968154907 -0.35148686170578003
2.5640220642089844 -1.6933900117874146 -0.35184818506240845
2.600299835205078 -1.6432181596755981 -0.35221928358078003
2.6356759071350098 -1.5923188924789429 -0.35260075330734253
2.6701366901397705 -1.5407099723815918 -0.3529931902885437
2.7036702632904053 -1.4884006977081299 -0.3533990681171417
2.736259698867798 -1.4354106187820435 -0.35381168127059937
2.7678909301757812 -1.3817517757415771 -0.3542371094226837
2.7985546588897705 -1.3274372816085815 -0.3546728789806366
2.828233003616333 -1.2724864482879639 -0.35511845350265503
2.856912612915039 -1.2169132232666016 -0.3555731475353241
1.7511303424835205 2.3064818382263184 -0.4061615467071533
1.7076070308685303 2.345646381378174 -0.40692874789237976
1.6631906032562256 2.3839564323425293 -0.40768861770629883
1.617897868156433 2.4213876724243164 -0.40844181180000305
1.571744680404663 2.457919120788574 -0.4091876447200775
1.524747610092163 2.493527889251709 -0.40992802381515503
1.4769268035888672 2.5281920433044434 -0.41066044569015503
1.4282991886138916 2.561889886856079 -0.41138431429862976
1.378883957862854 2.5945990085601807 -0.41209840774536133
1.3287023305892944 2.6262993812561035 -0.41280582547187805
1.2777745723724365 2.6569693088531494 -0.41350221633911133
1.2261199951171875 2.6865899562835693 -0.41419070959091187
1.1737627983093262 2.7151403427124023 -0.4148688018321991
1.1156303882598877 2.7301409244537354 -0.413649320602417
1.0522572994232178 2.7306299209594727 -0.4104321599006653
0.9898278713226318 2.7310855388641357 -0.40742558240890503
0.928272008895874 2.73150897026062 -0.40462160110473633
0.8675261735916138 2.7319018840789795 -0.40201419591903687
0.8075265288352966 2.7322640419006348 -0.39959660172462463
0.7482125163078308 2.7325973510742188 -0.39736393094062805
0.6895284652709961 2.7329020500183105 -0.3953119218349457
0.6333794593811035 2.7416610717773438 -0.3946557939052582
0.5791845321655273 2.758938789367676 -0.39538639783859253
0.5244756937026978 2.774737596511841 -0.39605778455734253
0.46929439902305603 2.789032459259033 -0.3966705799102783
0.4136875569820404 2.8018057346343994 -0.39722293615341187
0.3577014207839966 2.813040018081665 -0.39771610498428345
0.3013850450515747 2.8227193355560303 -0.398146390914917
0.24478819966316223 2.8308300971984863 -0.3985162675380707
0.18795472383499146 2.8373613357543945 -0.3988220691680908
0.13093674182891846 2.842302083969116 -0.3990655839443207
0.0737827941775322 2.8456478118896484 -0.39924687147140503
0.016548454761505127 2.8473896980285645 -0.39936283230781555
-0.040721286088228226 2.8475289344787598 -0.3994171619415283
-0.09797515720129013 2.8460612297058105 -0.399406760931015
-0.15516310930252075 2.8429906368255615 -0.39933353662490845
-0.212230384349823 2.8383188247680664 -0.39919498562812805
-0.26912933588027954 2.8320531845092773 -0.3989947736263275
-0.3258126676082611 2.824199676513672 -0.39873170852661133
-0.3822273015975952 2.8147706985473633 -0.3984057903289795
-0.43832868337631226 2.8037755489349365 -0.39801639318466187
-0.49406448006629944 2.791231870651245 -0.3975653350353241
-0.5493881106376648 2.777153491973877 -0.3970544636249542
-0.6042543053627014 2.76155948638916 -0.3964819610118866
-0.6586152911186218 2.7444677352905273 -0.39585086703300476
-0.7140758037567139 2.732213020324707 -0.3960748612880707
-0.7729957699775696 2.7318499088287354 -0.3981946110725403
-0.8325631618499756 2.731457471847534 -0.40049687027931213
-0.892841100692749 2.731034994125366 -0.4029877185821533
-0.9538874626159668 2.730581283569336 -0.40567082166671753
-1.0157676935195923 2.730095863342285 -0.40855106711387634
-1.0785503387451172 2.729576587677002 -0.41163578629493713
-1.1423017978668213 2.7290234565734863 -0.41493290662765503
-1.207098364830017 2.7284348011016846 -0.4184509515762329
-1.2730164527893066 2.727809190750122 -0.42219609022140503
-1.3401405811309814 2.727144718170166 -0.4261792302131653
-1.406955361366272 2.7233386039733887 -0.42992067337036133
-1.461197853088379 2.69405460357666 -0.42984989285469055
-1.514763355255127 2.663567543029785 -0.42976078391075134
-1.5600969791412354 2.619260787963867 -0.42758792638778687
-1.6013543605804443 2.569547653198242 -0.42464479804039
-1.6413507461547852 2.5193965435028076 -0.42172670364379883
-1.6938949823379517 2.4891319274902344 -0.42227908968925476
-1.773511290550232 2.4966564178466797 -0.4295209050178528
-1.8183594942092896 2.453737735748291 -0.4283423125743866
-1.8626617193222046 2.410623073577881 -0.4272705316543579
-1.9064332246780396 2.3673019409179688 -0.4263013005256653
-1.9496911764144897 2.3237626552581787 -0.42543765902519226
-1.992453694343567 2.279991865158081 -0.424675315618515
-2.0347323417663574 2.235980749130249 -0.42401552200317383
-2.0765442848205566 2.191715955734253 -0.4234558343887329
-2.1179027557373047 2.147185802459717 -0.42299684882164
-2.158823251724243 2.1023759841918945 -0.42263859510421753
-2.19931697845459 2.057276487350464 -0.42237919569015503
-2.2393999099731445 2.011871099472046 -0.4222198724746704
-2.279080629348755 1.9661506414413452 -0.42216068506240845
-2.3183743953704834 1.9200975894927979 -0.4221985340118408
-2.3572912216186523 1.8737008571624756 -0.4223382771015167
-2.3958427906036377 1.8269448280334473 -0.4225757122039795
-2.434039831161499 1.7798150777816772 -0.42291325330734253
-2.4718947410583496 1.7322957515716553 -0.42334964871406555
-2.5094144344329834 1.6843737363815308 -0.4238879680633545
-2.54661226272583 1.6360301971435547 -0.4245263934135437
-2.538170099258423 1.5594042539596558 -0.4178064167499542
-2.517051935195923 1.477545142173767 -0.409355491399765
-2.49147891998291 1.395933747291565 -0.40054935216903687
-2.4618706703186035 1.3150088787078857 -0.3914569318294525
-2.428650140762329 1.2351436614990234 -0.38214725255966187
-2.3922412395477295 1.1566776037216187 -0.3726819157600403
-2.353048801422119 1.0798949003219604 -0.36311954259872437
-2.3114826679229736 1.0050479173660278 -0.3535132110118866
-2.303185224533081 0.9468311071395874 -0.3492615222930908
-2.3093338012695312 0.8955037593841553 -0.34739136695861816
-2.314594268798828 0.8444018959999084 -0.3455585241317749
-2.3189797401428223 0.7935354709625244 -0.34375977516174316
-2.322502851486206 0.7429102659225464 -0.3419983386993408
-2.325174331665039 0.6925411820411682 -0.34027165174484253
-2.327007293701172 0.642432689666748 -0.3385803699493408
-2.328015089035034 0.5925936698913574 -0.33692508935928345
-2.3282084465026855 0.5430335998535156 -0.3353046178817749
-2.327598810195923 0.4937574565410614 -0.3337188959121704
-2.3261966705322266 0.44477203488349915 -0.332167387008667
-2.3240158557891846 0.3960868716239929 -0.3306518793106079
-2.321065902709961 0.3477053642272949 -0.3291705846786499
-2.3173577785491943 0.2996360659599304 -0.32772278785705566
-2.312901735305786 0.25188276171684265 -0.3263104557991028
-2.3077094554901123 0.2044525146484375 -0.32493287324905396
-2.301790714263916 0.1573478728532791 -0.32358765602111816
-2.2951552867889404 0.11057785153388977 -0.32227665185928345
-2.287813186645508 0.06414443999528885 -0.3210003972053528
-2.2797749042510986 0.018054045736789703 -0.3197571039199829
-2.2710487842559814 -0.027691343799233437 -0.3185455799102783
-2.2616448402404785 -0.0730854794383049 -0.3173688054084778
-2.251572847366333 -0.11812591552734375 -0.31622564792633057
-2.240840196609497 -0.16280654072761536 -0.31511354446411133
-2.229456901550293 -0.20712615549564362 -0.31403565406799316
-2.217430830001831 -0.2510797083377838 -0.3129895329475403
-2.20477032661438 -0.29466384649276733 -0.31197696924209595
-2.191483974456787 -0.3378765881061554 -0.31099551916122437
-2.1775786876678467 -0.38071349263191223 -0.31004583835601807
-2.1630637645721436 -0.4231715202331543 -0.3091290593147278
-2.1479454040527344 -0.46524885296821594 -0.30824345350265503
-2.1322312355041504 -0.5069419741630554 -0.30738896131515503
-2.1159298419952393 -0.548247218132019 -0.3065655827522278
-2.099045991897583 -0.5891639590263367 -0.30577516555786133
-2.081587076187134 -0.6296888589859009 -0.3050159215927124
-2.0635604858398438 -0.6698170304298401 -0.30428653955459595
-2.044973373413086 -0.7095484733581543 -0.30358827114105225
-2.025829315185547 -0.7488816380500793 -0.3029230237007141
-2.0061376094818115 -0.7878111004829407 -0.30228638648986816
-1.985903263092041 -0.826335608959198 -0.301680326461792
-1.9651294946670532 -0.8644551038742065 -0.3011047840118408
-1.9438254833221436 -0.9021635055541992 -0.3005596995353699
-1.9219945669174194 -0.9394599795341492 -0.3000451922416687
-1.8996418714523315 -0.9763432145118713 -0.29956120252609253
-1.8767743110656738 -1.0128108263015747 -0.29910707473754883
-1.8533961772918701 -1.0488578081130981 -0.2986835241317749
-1.8295109272003174 -1.0844852924346924 -0.29828983545303345
-1.8051252365112305 -1.119688868522644 -0.29792481660842896
-1.7802430391311646 -1.1544657945632935 -0.297590970993042
-1.7548677921295166 -1.1888151168823242 -0.29728639125823975
-1.729005217552185 -1.2227330207824707 -0.297011137008667
-1.702659010887146 -1.2562168836593628 -0.29676514863967896
-1.6758321523666382 -1.2892662286758423 -0.29655033349990845
-1.6485306024551392 -1.3218762874603271 -0.2963641881942749
-1.6207571029663086 -1.3540446758270264 -0.2962067127227783
-1.5925158262252808 -1.3857691287994385 -0.2960803508758545
-1.5638093948364258 -1.4170472621917725 -0.2959827184677124
-1.5346424579620361 -1.4478739500045776 -0.29591435194015503
-1.5050181150436401 -1.4782493114471436 -0.2958752512931824
-1.474938154220581 -1.5081684589385986 -0.295865535736084
-1.4444084167480469 -1.5376288890838623 -0.29588568210601807
-1.4134304523468018 -1.5666266679763794 -0.29593509435653687
-1.3820087909698486 -1.5951588153839111 -0.2960144281387329
-1.3501447439193726 -1.6232221126556396 -0.29612308740615845
-1.3178410530090332 -1.6508140563964844 -0.29626041650772095
-1.285102367401123 -1.6779289245605469 -0.29642701148986816
-1.2519301176071167 -1.7045631408691406 -0.2966247797012329
-1.218326210975647 -1.7307153940200806 -0.29685062170028687
-1.1842963695526123 -1.7563800811767578 -0.2971069812774658
-1.1498407125473022 -1.7815519571304321 -0.2973926067352295
-1.1149615049362183 -1.806228756904602 -0.2977081537246704
-1.0796639919281006 -1.8304051160812378 -0.2980530261993408
-1.0439480543136597 -1.8540760278701782 -0.2984277606010437
-1.0078160762786865 -1.877239465713501 -0.2988336682319641
-0.9712729454040527 -1.8998874425888062 -0.2992682456970215
-0.9395154118537903 -1.932706356048584 -0.3013995885848999
-0.9097652435302734 -1.971377968788147 -0.30451542139053345
-0.8789026737213135 -2.0097768306732178 -0.30765384435653687
-0.846917450428009 -2.0478601455688477 -0.3108136057853699
-0.8137997388839722 -2.085589647293091 -0.31399112939834595
-0.7795477509498596 -2.122918128967285 -0.31718695163726807
-0.7441531419754028 -2.1598029136657715 -0.3203961253166199
-0.7076132297515869 -2.196197271347046 -0.32361817359924316
-0.6699280142784119 -2.2320497035980225 -0.32684940099716187
-0.6310972571372986 -2.2673141956329346 -0.33008790016174316
-0.5911235213279724 -2.3019368648529053 -0.33333075046539307
-0.5500117540359497 -2.3358654975891113 -0.33657288551330566
-0.5077688694000244 -2.3690474033355713 -0.33981388807296753
-0.4644027650356293 -2.401425838470459 -0.34304875135421753
-0.4199293255805969 -2.432945966720581 -0.3462750315666199
-0.3743612468242645 -2.4635493755340576 -0.3494885563850403
-0.32771316170692444 -2.4931790828704834 -0.3526855707168579
-0.2800077795982361 -2.521775960922241 -0.35586124658584595
-0.23127013444900513 -2.5492799282073975 -0.3590143024921417
-0.18152344226837158 -2.5756335258483887 -0.36213749647140503
-0.1307966560125351 -2.6007745265960693 -0.36522892117500305
-0.07912460714578629 -2.6246423721313477 -0.3682824969291687
-0.026541903614997864 -2.64717960357666 -0.3712952136993408
0.02690993994474411 -2.6683239936828613 -0.374260276556015
0.08119399100542068 -2.6880223751068115 -0.37717655301094055
0.13626036047935486 -2.706211566925049 -0.3800366520881653
0.18846145272254944 -2.671842098236084 -0.37566593289375305
0.23887908458709717 -2.6314404010772705 -0.37058719992637634
0.28791701793670654 -2.591603994369507 -0.36571720242500305
0.3356376588344574 -2.552302598953247 -0.3610498309135437
0.38210371136665344 -2.51350736618042 -0.35657840967178345
0.42737194895744324 -2.475189208984375 -0.35229068994522095
0.471495658159256 -2.4373230934143066 -0.3481805920600891
0.5237984657287598 -2.443132162094116 -0.35044559836387634
0.576941192150116 -2.449589967727661 -0.3529651165008545
0.6305761337280273 -2.454970121383667 -0.35549503564834595
0.6840914487838745 -2.4571337699890137 -0.3577295243740082
0.7310351133346558 -2.435117244720459 -0.3565918207168579
0.7774081230163574 -2.4123260974884033 -0.3554718494415283
0.8232021927833557 -2.3887736797332764 -0.35436955094337463
0.8684096932411194 -2.36448073387146 -0.35328617691993713
0.9130184650421143 -2.3394532203674316 -0.3522198796272278
0.958451509475708 -2.3171684741973877 -0.35169559717178345
1.004915714263916 -2.2975575923919678 -0.35171574354171753
1.0510073900222778 -2.27708101272583 -0.35174626111984253
1.0967150926589966 -2.255746603012085 -0.35178714990615845
1.1420202255249023 -2.233560562133789 -0.35183781385421753
1.1869127750396729 -2.2105281352996826 -0.35189884901046753
1.2313772439956665 -2.1866562366485596 -0.35197147727012634
1.2753973007202148 -2.1619527339935303 -0.3520520329475403
1.3189611434936523 -2.136423110961914 -0.3521448075771332
1.3620529174804688 -2.1100778579711914 -0.3522467315196991
1.4046578407287598 -2.082923650741577 -0.3523590564727783
1.4467641115188599 -2.054967164993286 -0.3524805009365082
1.4883538484573364 -2.0262181758880615 -0.3526129424571991
1.5294182300567627 -1.996683120727539 -0.3527557849884033
1.5699419975280762 -1.9663703441619873 -0.3529083728790283
1.6099069118499756 -1.935293436050415 -0.3530707061290741
1.649304747581482 -1.903454065322876 -0.3532434403896332
1.68812096118927 -1.8708665370941162 -0.3534253239631653
1.7263405323028564 -1.8375380039215088 -0.35361698269844055
1.7639507055282593 -1.8034788370132446 -0.3538196086883545
1.800938367843628 -1.7686982154846191 -0.35403019189834595
1.8372902870178223 -1.7332074642181396 -0.3542511463165283
1.8729946613311768 -1.6970136165618896 -0.35448306798934937
1.908037543296814 -1.6601309776306152 -0.3547235429286957
1.942405104637146 -1.622567892074585 -0.3549743890762329
1.9760860204696655 -1.5843364000320435 -0.3552337884902954
2.0090689659118652 -1.5454460382461548 -0.3555023670196533
2.041337251663208 -1.5059105157852173 -0.35578128695487976
2.0728847980499268 -1.4657368659973145 -0.3560693562030792
2.103693962097168 -1.424942135810852 -0.35636600852012634
2.1337554454803467 -1.3835352659225464 -0.3566717803478241
2.163054943084717 -1.3415299654006958 -0.35698550939559937
2.191584587097168 -1.2989368438720703 -0.35730960965156555
2.219327449798584 -1.2557716369628906 -0.35764285922050476
2.2462780475616455 -1.2120423316955566 -0.357985258102417
2.2724194526672363 -1.1677665710449219 -0.3583349883556366
2.297743320465088 -1.1229560375213623 -0.35869449377059937
2.322237968444824 -1.0776252746582031 -0.359062522649765
2.345892906188965 -1.031786322593689 -0.3594385087490082
2.368696689605713 -0.9854548573493958 -0.3598218262195587
2.3906421661376953 -0.938642680644989 -0.36021488904953003
2.411712884902954 -0.8913676142692566 -0.3606164753437042
2.431903839111328 -0.8436418175697327 -0.3610242009162903
2.451202630996704 -0.7954829335212708 -0.3614404499530792
2.470017671585083 -0.7470298409461975 -0.3619256913661957
2.4882125854492188 -0.6982377171516418 -0.3624615967273712
2.5055179595947266 -0.6490336656570435 -0.36300724744796753
2.5219192504882812 -0.5994343161582947 -0.36356204748153687
2.537410259246826 -0.549449622631073 -0.364128440618515
2.5519802570343018 -0.4990992546081543 -0.3647058308124542
2.565619468688965 -0.4483985900878906 -0.3652917742729187
2.5783190727233887 -0.39736053347587585 -0.3658880889415741
2.5900704860687256 -0.3460024893283844 -0.3664935529232025
2.6008663177490234 -0.294339120388031 -0.367110013961792
2.6106958389282227 -0.24238769710063934 -0.3677344024181366
2.619551658630371 -0.1901644915342331 -0.36836856603622437
2.627425193786621 -0.13768768310546875 -0.369011253118515
2.634307861328125 -0.08497161418199539 -0.3696637451648712
2.6401944160461426 -0.032036591321229935 -0.37032350897789
2.645076274871826 0.021103210747241974 -0.37099307775497437
2.64894437789917 0.07442672550678253 -0.3716711699962616
2.6517934799194336 0.12791824340820312 -0.37235599756240845
2.6536173820495605 0.18155653774738312 -0.3730493485927582
2.6544082164764404 0.23532669246196747 -0.3737500309944153
2.6541614532470703 0.2892054617404938 -0.3744586408138275
2.652869701385498 0.34317824244499207 -0.37517520785331726
2.650529146194458 0.39722105860710144 -0.3758978545665741
2.6471328735351562 0.45131805539131165 -0.37662723660469055
2.642676830291748 0.5054461359977722 -0.377363920211792
2.6371564865112305 0.5595880150794983 -0.3781067132949829
2.6305673122406006 0.6137199401855469 -0.3788543939590454
2.622906446456909 0.6678245663642883 -0.37960880994796753
2.6141695976257324 0.7218775749206543 -0.3803686797618866
2.6043527126312256 0.7758613228797913 -0.38113468885421753
2.5934553146362305 0.8297511339187622 -0.3819049298763275
2.581472873687744 0.8835284113883972 -0.3826794922351837
2.5684051513671875 0.9371677041053772 -0.38345950841903687
2.5542502403259277 0.9906505942344666 -0.3842431902885437
2.5390067100524902 1.0439515113830566 -0.38503116369247437
2.5226731300354004 1.0970510244369507 -0.3858215808868408
2.505251884460449 1.149923324584961 -0.3866174519062042
2.486741065979004 1.202548623085022 -0.38741520047187805
2.4671425819396973 1.2549010515213013 -0.3882153630256653
2.4464569091796875 1.3069602251052856 -0.38901859521865845
2.424687147140503 1.358699917793274 -0.38982364535331726
2.401834487915039 1.4100987911224365 -0.39063113927841187
2.3779025077819824 1.4611307382583618 -0.3914392292499542
2.3528928756713867 1.5117754936218262 -0.39224857091903687
2.3268117904663086 1.5620059967041016 -0.393059104681015
2.2996625900268555 1.6118007898330688 -0.39386966824531555
2.2714507579803467 1.6611328125 -0.3946802020072937
2.242180109024048 1.709981083869934 -0.395491361618042
2.211859703063965 1.758319616317749 -0.39630070328712463
2.180494785308838 1.8061236143112183 -0.39710941910743713
2.148092746734619 1.8533706665039062 -0.3979175090789795
2.1146621704101562 1.9000349044799805 -0.39872318506240845
2.0802102088928223 1.946092963218689 -0.39952701330184937
2.044748306274414 1.9915193319320679 -0.40032902359962463
2.0082833766937256 2.0362918376922607 -0.40112733840942383
1.970828890800476 2.08038330078125 -0.40192264318466187
1.9323927164077759 2.1237733364105225 -0.4027154743671417
1.8929909467697144 2.1664352416992188 -0.40350285172462463
1.8526318073272705 2.2083468437194824 -0.4042871296405792
1.8113311529159546 2.2494823932647705 -0.40506595373153687
1.7691009044647217 2.289820432662964 -0.4058404862880707
1.725956678390503 2.3293352127075195 -0.40660831332206726
1.6819124221801758 2.3680062294006348 -0.40737125277519226
1.6369860172271729 2.405808925628662 -0.40812748670578003
1.5911898612976074 2.442720651626587 -0.4088769853115082
1.5445455312728882 2.4787182807922363 -0.40961918234825134
1.4970674514770508 2.513781785964966 -0.41035404801368713
1.4487758874893188 2.5478858947753906 -0.41108158230781555
1.3996880054473877 2.581012725830078 -0.41179996728897095
1.3498257398605347 2.61313796043396 -0.41251039505004883
1.2992064952850342 2.644243001937866 -0.4132111072540283
1.2478548288345337 2.674304962158203 -0.4139038324356079
1.195788860321045 2.7033069133758545 -0.41458559036254883
1.1424877643585205 2.729926109313965 -0.4150598347187042
1.0786983966827393 2.73042893409729 -0.41175541281700134
1.0158822536468506 2.730898380279541 -0.40866154432296753
0.9539681673049927 2.731335401535034 -0.40577396750450134
0.8928893804550171 2.731740951538086 -0.4030841290950775
0.8325817584991455 2.7321159839630127 -0.400587797164917
0.7729907035827637 2.732461452484131 -0.39827761054039
0.7140511870384216 2.7327775955200195 -0.3961499333381653
0.6559273600578308 2.7339847087860107 -0.39433231949806213
0.6019625663757324 2.7518773078918457 -0.39508670568466187
0.5474642515182495 2.7682976722717285 -0.39578312635421753
0.4924737513065338 2.7832260131835938 -0.3964209258556366
0.4370417892932892 2.7966389656066895 -0.39699894189834595
0.38120895624160767 2.808520555496216 -0.39751774072647095
0.32502487301826477 2.8188531398773193 -0.3979736566543579
0.26853880286216736 2.827622652053833 -0.398369163274765
0.2117973268032074 2.834817409515381 -0.39870119094848633
0.15485107898712158 2.8404247760772705 -0.39897221326828003
0.09774947911500931 2.84443998336792 -0.3991791009902954
0.04054122418165207 2.8468546867370605 -0.39932194352149963
-0.0167195126414299 2.8476665019989014 -0.3994019031524658
-0.07398666441440582 2.8468730449676514 -0.3994195759296417
-0.13120895624160767 2.844472646713257 -0.3993713855743408
-0.18832901120185852 2.840471029281616 -0.39926090836524963
-0.24530792236328125 2.8348724842071533 -0.3990863263607025
-0.3020873963832855 2.8276846408843994 -0.39884892106056213
-0.3586224317550659 2.818913459777832 -0.3985498249530792
-0.4148580729961395 2.8085734844207764 -0.3981872797012329
-0.4707537591457367 2.7966768741607666 -0.39776188135147095
-0.5262532234191895 2.783238649368286 -0.3972766399383545
-0.5813198685646057 2.7682769298553467 -0.39672917127609253
-0.6358963251113892 2.7518115043640137 -0.3961212635040283
-0.6899453997612 2.7338616847991943 -0.39545658230781555
-0.7482267618179321 2.7320055961608887 -0.39728519320487976
-0.8075146675109863 2.731625556945801 -0.3995111286640167
-0.8674876689910889 2.731215715408325 -0.40192079544067383
-0.9282057285308838 2.7307753562927246 -0.40452152490615845
-0.9897298216819763 2.7303032875061035 -0.40731877088546753
-1.0521267652511597 2.7297983169555664 -0.4103167951107025
-1.1154606342315674 2.729259490966797 -0.41352543234825134
-1.1798102855682373 2.7286858558654785 -0.4169495105743408
-1.2452483177185059 2.7280757427215576 -0.42059755325317383
-1.3118587732315063 2.7274279594421387 -0.42448124289512634
-1.3797211647033691 2.726740598678589 -0.4286065995693207
-1.43854558467865 2.706474542617798 -0.42988163232803345
-1.492397427558899 2.6764910221099854 -0.4297998249530792
-1.5424294471740723 2.639957904815674 -0.4288293719291687
-1.5842171907424927 2.590437889099121 -0.4258752763271332
-1.624741792678833 2.5404655933380127 -0.42294740676879883
-1.664007306098938 2.4900782108306885 -0.4200451970100403
-1.74149751663208 2.4958839416503906 -0.4268469512462616
-1.7996304035186768 2.4717490673065186 -0.42882388830184937
-1.8441604375839233 2.4287166595458984 -0.4277063310146332
-1.8881515264511108 2.385483741760254 -0.4266955852508545
-1.9316242933273315 2.342036008834839 -0.42578738927841187
-1.9745912551879883 2.298365354537964 -0.4249817132949829
-2.01707124710083 2.25445556640625 -0.42427858710289
-2.0590758323669434 2.2102999687194824 -0.4236780107021332
-2.1006247997283936 2.165879964828491 -0.4231775104999542
-2.1417267322540283 2.121189832687378 -0.4227765202522278
-2.1823980808258057 2.0762131214141846 -0.42247623205184937
-2.222651481628418 2.030937671661377 -0.4222748279571533
-2.262498140335083 1.985351800918579 -0.4221740961074829
-2.3019537925720215 1.9394385814666748 -0.42217105627059937
-2.3410258293151855 1.8931888341903687 -0.42226627469062805
-2.3797290325164795 1.8465855121612549 -0.4224640130996704
-2.418074369430542 1.799613356590271 -0.42275944352149963
-2.456070899963379 1.752259373664856 -0.4231543242931366
-2.493729591369629 1.7045081853866577 -0.4236505329608917
-2.5310628414154053 1.6563416719436646 -0.42424747347831726
-2.5455968379974365 1.5936743021011353 -0.42122501134872437
-2.526468276977539 1.5118471384048462 -0.41294559836387634
-2.5027151107788086 1.430080533027649 -0.40427860617637634
-2.474745035171509 1.3488174676895142 -0.3952985107898712
-2.442986011505127 1.2684636116027832 -0.3860718011856079
-2.4078621864318848 1.1893726587295532 -0.37666386365890503
-2.369788885116577 1.1118510961532593 -0.3671356439590454
-2.3291704654693604 1.0361677408218384 -0.3575415313243866
-2.3003416061401367 0.9684075713157654 -0.3500549793243408
-2.306866407394409 0.9169859886169434 -0.34817081689834595
-2.312497615814209 0.8657913208007812 -0.3463226556777954
-2.3172478675842285 0.8148226737976074 -0.3445093035697937
-2.3211302757263184 0.764097273349762 -0.3427332043647766
-2.324157476425171 0.7136198282241821 -0.34099066257476807
-2.326341152191162 0.6633990406990051 -0.33928531408309937
-2.327692985534668 0.6134472489356995 -0.3376147747039795
-2.328226089477539 0.5637698173522949 -0.33597904443740845
-2.3279504776000977 0.5143721103668213 -0.334378719329834
-2.3268799781799316 0.46526777744293213 -0.33281373977661133
-2.3250248432159424 0.41645416617393494 -0.331282377243042
-2.3223955631256104 0.3679451048374176 -0.329787015914917
-2.3190033435821533 0.3197450041770935 -0.32832586765289307
-2.314859390258789 0.2718554735183716 -0.32689881324768066
-2.309973955154419 0.22428984940052032 -0.3255060315132141
-2.304358720779419 0.17704971134662628 -0.32414674758911133
-2.2980217933654785 0.13013625144958496 -0.3228222727775574
-2.290975570678711 0.08356521278619766 -0.321530818939209
-2.2832272052764893 0.03732757642865181 -0.32027286291122437
-2.2747888565063477 -0.00856246892362833 -0.3190491199493408
-2.2656688690185547 -0.05410308763384819 -0.31785833835601807
-2.2558748722076416 -0.09929336607456207 -0.31670045852661133
-2.245418071746826 -0.14412474632263184 -0.3155750036239624
-2.234306573867798 -0.1885952651500702 -0.31448429822921753
-2.222548723220825 -0.23270384967327118 -0.3134247064590454
-2.210153102874756 -0.2764430046081543 -0.31239748001098633
-2.1971280574798584 -0.31981077790260315 -0.3114026188850403
-2.183481454849243 -0.3628082275390625 -0.31043946743011475
-2.1692211627960205 -0.4054226577281952 -0.30950993299484253
-2.1543540954589844 -0.4476611316204071 -0.3086102604866028
-2.1388890743255615 -0.48951584100723267 -0.30774354934692383
-2.122833013534546 -0.5309840440750122 -0.3069073557853699
-2.106191396713257 -0.5720646381378174 -0.30610352754592896
-2.0889735221862793 -0.61275315284729 -0.30533087253570557
-2.0711851119995117 -0.6530473232269287 -0.3045886754989624
-2.052830696105957 -0.6929472088813782 -0.30387818813323975
-2.0339202880859375 -0.7324445843696594 -0.30319827795028687
-2.0144572257995605 -0.7715449333190918 -0.302548885345459
-1.994449257850647 -0.8102393746376038 -0.3019312024116516
-1.973901629447937 -0.8485279679298401 -0.30134278535842896
-1.9528177976608276 -0.8864109516143799 -0.3007843494415283
-1.9312069416046143 -0.9238801598548889 -0.30025821924209595
-1.9090733528137207 -0.960936427116394 -0.29976141452789307
-1.8864212036132812 -0.9975776672363281 -0.2992938756942749
-1.8632546663284302 -1.0338032245635986 -0.29885804653167725
-1.8395822048187256 -1.0696064233779907 -0.29845094680786133
-1.8154057264328003 -1.1049870252609253 -0.2980743646621704
-1.7907311916351318 -1.1399424076080322 -0.2977258563041687
-1.7655614614486694 -1.174472451210022 -0.29740971326828003
-1.7399029731750488 -1.2085713148117065 -0.2971222400665283
-1.7137593030929565 -1.2422373294830322 -0.2968652844429016
-1.6871337890625 -1.2754685878753662 -0.29663699865341187
-1.660030484199524 -1.3082634210586548 -0.29643863439559937
-1.6324540376663208 -1.3406175374984741 -0.29626893997192383
-1.6044085025787354 -1.3725275993347168 -0.29612982273101807
-1.575897216796875 -1.4039924144744873 -0.2960193157196045
-1.5469212532043457 -1.435010552406311 -0.29593873023986816
-1.5174877643585205 -1.465575098991394 -0.29588747024536133
-1.487599492073059 -1.4956849813461304 -0.2958667278289795
-1.457258939743042 -1.5253376960754395 -0.29587405920028687
-1.426467776298523 -1.5545305013656616 -0.29591065645217896
-1.3952313661575317 -1.5832581520080566 -0.29597723484039307
-1.363552451133728 -1.6115177869796753 -0.2960736155509949
-1.3314332962036133 -1.6393067836761475 -0.29619812965393066
-1.2988755702972412 -1.6666233539581299 -0.296353816986084
-1.2658851146697998 -1.6934596300125122 -0.29653871059417725
-1.2324628829956055 -1.7198139429092407 -0.29675233364105225
-1.1986082792282104 -1.7456846237182617 -0.2969958782196045
-1.1643309593200684 -1.7710633277893066 -0.297269344329834
-1.1296298503875732 -1.7959476709365845 -0.29757142066955566
-1.0945076942443848 -1.8203339576721191 -0.2979053258895874
-1.0589654445648193 -1.8442186117172241 -0.29826784133911133
-1.023008108139038 -1.8675947189331055 -0.29865968227386475
-0.9866381287574768 -1.8904584646224976 -0.2990814447402954
-0.9516546726226807 -1.916427731513977 -0.30010074377059937
-0.9223683476448059 -1.9552026987075806 -0.303206205368042
-0.8919728994369507 -1.9937195777893066 -0.30633610486984253
-0.8604590892791748 -2.031940221786499 -0.3094860911369324
-0.827817440032959 -2.0698225498199463 -0.31265687942504883
-0.7940417528152466 -2.1073262691497803 -0.31584596633911133
-0.759126603603363 -2.144402265548706 -0.31905031204223633
-0.7230677604675293 -2.181006669998169 -0.3222668766975403
-0.6858620047569275 -2.217092990875244 -0.3254944086074829
-0.6475094556808472 -2.252610206604004 -0.32872986793518066
-0.6080144047737122 -2.287508010864258 -0.33197087049484253
-0.5673791766166687 -2.3217341899871826 -0.3352142572402954
-0.5256102085113525 -2.3552348613739014 -0.33845585584640503
-0.4827133119106293 -2.38795804977417 -0.34169435501098633
-0.43870222568511963 -2.419844388961792 -0.34492433071136475
-0.3935902416706085 -2.4508392810821533 -0.3481433391571045
-0.3473931849002838 -2.4808833599090576 -0.3513476848602295
-0.3001272678375244 -2.5099215507507324 -0.35453251004219055
-0.25182053446769714 -2.5378901958465576 -0.35769718885421753
-0.20249313116073608 -2.564732551574707 -0.360832542181015
-0.15217360854148865 -2.5903892517089844 -0.36393803358078003
-0.10089141875505447 -2.6147990226745605 -0.3670074939727783
-0.048685457557439804 -2.6379008293151855 -0.3700384795665741
0.00440581887960434 -2.6596367359161377 -0.3730243146419525
0.05834532529115677 -2.6799468994140625 -0.37596195936203003
0.11309065669775009 -2.698775053024292 -0.37884587049484253
0.16690385341644287 -2.688950777053833 -0.37786075472831726
0.2179206907749176 -2.648301839828491 -0.3726898431777954
0.26752838492393494 -2.608232259750366 -0.36773258447647095
0.315794974565506 -2.5687096118927 -0.36298343539237976
0.36277878284454346 -2.529707670211792 -0.3584302067756653
0.408540815114975 -2.491194009780884 -0.35406559705734253
0.453138142824173 -2.4531409740448 -0.3498828411102295
0.5016769170761108 -2.440110921859741 -0.34939152002334595
0.5546090602874756 -2.4470114707946777 -0.3519073724746704
0.6080397963523865 -2.452847957611084 -0.3544324040412903
0.6619493961334229 -2.457587480545044 -0.35697025060653687
0.7114303112030029 -2.4444403648376465 -0.35706669092178345
0.7580434679985046 -2.4219725131988525 -0.355940580368042
0.8040804862976074 -2.398737668991089 -0.3548303544521332
0.8495367169380188 -2.374750852584839 -0.3537372052669525
0.8943960070610046 -2.3500282764434814 -0.3526642322540283
0.9388741254806519 -2.3251266479492188 -0.3516900837421417
0.9854854345321655 -2.3058829307556152 -0.35170596837997437
1.031736135482788 -2.2857682704925537 -0.3517328202724457
1.0776070356369019 -2.26479172706604 -0.35176882147789
1.123081922531128 -2.2429630756378174 -0.3518158197402954
1.168148398399353 -2.2202835083007812 -0.35187381505966187
1.2127965688705444 -2.1967618465423584 -0.35193851590156555
1.2570058107376099 -2.1724050045013428 -0.3520178496837616
1.3007603883743286 -2.1472220420837402 -0.3521057367324829
1.3440508842468262 -2.1212193965911865 -0.35220280289649963
1.3868629932403564 -2.0944020748138428 -0.35231083631515503
1.429179072380066 -2.0667808055877686 -0.35242801904678345
1.4709877967834473 -2.0383622646331787 -0.3525555729866028
1.5122737884521484 -2.0091559886932373 -0.3526947498321533
1.5530266761779785 -1.9791675806045532 -0.3528430461883545
1.5932281017303467 -1.9484091997146606 -0.3530011475086212
1.6328645944595337 -1.9168885946273804 -0.3531701862812042
1.6719231605529785 -1.8846162557601929 -0.35334843397140503
1.7103970050811768 -1.8515946865081787 -0.3535352051258087
1.7482625246047974 -1.817841649055481 -0.3537335693836212
1.7855141162872314 -1.7833616733551025 -0.3539404571056366
1.8221334218978882 -1.7481675148010254 -0.3541577458381653
1.85811185836792 -1.7122660875320435 -0.35438480973243713
1.8934319019317627 -1.6756718158721924 -0.35462161898612976
1.928085207939148 -1.638392448425293 -0.3548675775527954
1.9620541334152222 -1.6004410982131958 -0.35512393712997437
1.9953335523605347 -1.5618226528167725 -0.35538822412490845
2.027902603149414 -1.5225565433502197 -0.35566288232803345
2.059752941131592 -1.4826499223709106 -0.3559472858905792
2.0908713340759277 -1.4421159029006958 -0.35623905062675476
2.121248722076416 -1.400961995124817 -0.3565423786640167
2.1508688926696777 -1.3592069149017334 -0.35685306787490845
2.179720878601074 -1.316859245300293 -0.35717350244522095
2.207796573638916 -1.2739317417144775 -0.3575036823749542
2.2350807189941406 -1.2304365634918213 -0.35784000158309937
2.2615623474121094 -1.1863887310028076 -0.3581872880458832
2.2872304916381836 -1.1418009996414185 -0.35854312777519226
2.312074661254883 -1.0966852903366089 -0.3589074909687042
2.3360836505889893 -1.0510563850402832 -0.3592798113822937
2.359245538711548 -1.0049302577972412 -0.35965946316719055
1.4659563302993774 1.9308686256408691 -0.40288394689559937
1.429081678390503 1.963051438331604 -0.4035211503505707
1.3914867639541626 1.9945049285888672 -0.40415042638778687
1.353184461593628 2.0252108573913574 -0.40477603673934937
1.3141894340515137 2.0551509857177734 -0.4053943157196045
1.2745168209075928 2.0843069553375244 -0.40600651502609253
1.2341821193695068 2.1126632690429688 -0.4066125750541687
1.1932003498077393 2.140202045440674 -0.40721073746681213
1.1515902280807495 2.16690731048584 -0.4078027606010437
1.1093666553497314 2.1927621364593506 -0.40838566422462463
1.0665475130081177 2.217750310897827 -0.40896183252334595
1.02315092086792 2.2418582439422607 -0.409529447555542
0.9791954755783081 2.265068769454956 -0.4100891351699829
0.9346990585327148 2.287368059158325 -0.41063907742500305
0.8896816372871399 2.3087406158447266 -0.4111798405647278
0.8441640734672546 2.3291738033294678 -0.41171208024024963
0.7981634140014648 2.3486530780792236 -0.4122345447540283
0.7517025470733643 2.3671655654907227 -0.41274601221084595
0.7048034071922302 2.3846981525421143 -0.4132477045059204
0.6574844121932983 2.401240110397339 -0.41373905539512634
0.6097695231437683 2.416778326034546 -0.41421937942504883
0.5616799592971802 2.4313015937805176 -0.41468754410743713
0.5132384896278381 2.4448013305664062 -0.41514530777931213
0.4644680917263031 2.4572651386260986 -0.41559267044067383
0.4153920114040375 2.4686837196350098 -0.41602542996406555
0.3660336136817932 2.4790501594543457 -0.41644716262817383
0.31641677021980286 2.4883530139923096 -0.4168561100959778
0.26656538248062134 2.496586322784424 -0.4172540605068207
0.21650314331054688 2.503743886947632 -0.4176385700702667
0.16625654697418213 2.509817123413086 -0.4180084466934204
0.11585021764039993 2.5147998332977295 -0.41836613416671753
0.0653071478009224 2.518688678741455 -0.4187091290950775
0.014654234051704407 2.5214779376983643 -0.4190393388271332
-0.03608246147632599 2.5231637954711914 -0.4193548858165741
-0.08687850832939148 2.5237419605255127 -0.4196563959121704
-0.1377081274986267 2.5232110023498535 -0.41994449496269226
-0.1885441541671753 2.521568775177002 -0.4202173054218292
-0.23936232924461365 2.5188136100769043 -0.4204742908477783
-0.29013457894325256 2.514944553375244 -0.4207184314727783
-0.3408364951610565 2.5099611282348633 -0.4209466874599457
-0.39144086837768555 2.50386643409729 -0.4211590886116028
-0.4419216811656952 2.496659278869629 -0.4213574528694153
-0.4922526478767395 2.4883434772491455 -0.42153996229171753
-0.5424090623855591 2.47892165184021 -0.42170658707618713
-0.5923635959625244 2.4683966636657715 -0.4218573272228241
-0.642088770866394 2.456773042678833 -0.42199283838272095
-0.6915605068206787 2.444056272506714 -0.4221130609512329
-0.7407530546188354 2.430251359939575 -0.4222162067890167
-0.7896389961242676 2.41536545753479 -0.4223034977912903
-0.8381951451301575 2.399404525756836 -0.4223761260509491
-0.886394739151001 2.3823771476745605 -0.42243167757987976
-0.9342120885848999 2.364290714263916 -0.42247074842453003
-0.9816240072250366 2.345156192779541 -0.4224945306777954
-1.0286046266555786 2.324981212615967 -0.4225018620491028
-1.0751289129257202 2.3037774562835693 -0.42249271273612976
-1.121174931526184 2.281555652618408 -0.4224676787853241
-1.1667170524597168 2.2583274841308594 -0.4224255681037903
-1.2117310762405396 2.2341055870056152 -0.4223687946796417
-1.2561962604522705 2.208902359008789 -0.4222961664199829
-1.2984495162963867 2.1799795627593994 -0.4216742217540741
-1.3343286514282227 2.141075611114502 -0.4192560017108917
-1.3692235946655273 2.1016952991485596 -0.416853666305542
-1.4031366109848022 2.061866521835327 -0.4144671857357025
-1.4360642433166504 2.0216166973114014 -0.4120996296405792
-1.468012809753418 1.9809709787368774 -0.40975040197372437
-1.49898099899292 1.9399545192718506 -0.40742069482803345
-1.5289725065231323 1.898592233657837 -0.40510988235473633
-1.5579895973205566 1.8569096326828003 -0.40282106399536133
-1.5860390663146973 1.8149259090423584 -0.40055423974990845
-1.613121509552002 1.7726696729660034 -0.398308128118515
-1.6392436027526855 1.7301608324050903 -0.3960852324962616
-1.6644097566604614 1.6874217987060547 -0.39388492703437805
-1.6886259317398071 1.6444731950759888 -0.39170902967453003
-1.7118972539901733 1.6013365983963013 -0.38955754041671753
-1.7342320680618286 1.5580297708511353 -0.3874298334121704
-1.7556345462799072 1.5145761966705322 -0.38532719016075134
-1.7761117219924927 1.4709924459457397 -0.38324955105781555
-1.79567289352417 1.4272972345352173 -0.3811993896961212
-1.8143233060836792 1.3835095167160034 -0.37917360663414
-1.8320715427398682 1.3396450281143188 -0.3771759271621704
-1.848926067352295 1.295721411705017 -0.3752038776874542
-1.8648933172225952 1.2517563104629517 -0.3732593059539795
-1.8799822330474854 1.2077640295028687 -0.3713422119617462
-1.894201397895813 1.1637605428695679 -0.36945194005966187
-1.907558560371399 1.1197612285614014 -0.36759036779403687
-1.9200642108917236 1.0757789611816406 -0.3657562732696533
-1.9317245483398438 1.031828761100769 -0.3639502227306366
-1.942549228668213 0.9879248738288879 -0.3621728718280792
-1.9525480270385742 0.9440782070159912 -0.36042362451553345
-1.9617284536361694 0.9003022313117981 -0.35870304703712463
-1.970099925994873 0.8566112518310547 -0.3570111393928528
-1.9776719808578491 0.8130131363868713 -0.3553479313850403
-1.9844523668289185 0.7695222496986389 -0.353712797164917
-1.9904502630233765 0.7261491417884827 -0.35210758447647095
-1.995675802230835 0.6829034090042114 -0.35053104162216187
-2.0001370906829834 0.6397933959960938 -0.34898442029953003
-2.0038418769836426 0.5968337655067444 -0.3474658727645874
-2.0068001747131348 0.5540308952331543 -0.3459765911102295
-2.009021759033203 0.5113940238952637 -0.3445160388946533
-2.0105128288269043 0.46893414855003357 -0.34308475255966187
-2.011284112930298 0.42665770649909973 -0.3416827917098999
-2.011343479156494 0.38457152247428894 -0.3403095006942749
-2.01069974899292 0.34268781542778015 -0.3389667272567749
-2.0093607902526855 0.30101072788238525 -0.33765262365341187
-2.0073349475860596 0.2595503032207489 -0.3363659977912903
-2.004631757736206 0.21831130981445312 -0.33510929346084595
-2.001258134841919 0.17730270326137543 -0.33388185501098633
-1.9972225427627563 0.1365281641483307 -0.33268314599990845
-1.9925332069396973 0.09599807858467102 -0.3315137028694153
-1.9871975183486938 0.05571609362959862 -0.33037233352661133
-1.9812240600585938 0.015689697116613388 -0.32926028966903687
-1.9746193885803223 -0.02407638542354107 -0.32817691564559937
-1.967392086982727 -0.06357696652412415 -0.32712221145629883
-1.9595489501953125 -0.10280517488718033 -0.32609623670578003
-1.9510977268218994 -0.1417558193206787 -0.32509827613830566
-1.9420452117919922 -0.18042418360710144 -0.32412970066070557
-1.9323986768722534 -0.2188056856393814 -0.3231884837150574
-1.9221667051315308 -0.25689437985420227 -0.32227540016174316
-1.9113537073135376 -0.29468703269958496 -0.32139164209365845
-1.8999677896499634 -0.33217787742614746 -0.3205353021621704
-1.8880151510238647 -0.3693620264530182 -0.31970828771591187
-1.8755019903182983 -0.406236857175827 -0.31890809535980225
-1.862436056137085 -0.44279783964157104 -0.31813663244247437
-1.8488225936889648 -0.4790385365486145 -0.31739258766174316
-1.8346672058105469 -0.5149577260017395 -0.3166772723197937
-1.8199779987335205 -0.5505504012107849 -0.31598877906799316
-1.804758906364441 -0.5858113169670105 -0.3153284192085266
-1.7890172004699707 -0.620738685131073 -0.3146960735321045
-1.7727570533752441 -0.6553288102149963 -0.31409120559692383
-1.7559858560562134 -0.6895759701728821 -0.31351321935653687
-1.7387089729309082 -0.7234779000282288 -0.31296390295028687
-1.7209292650222778 -0.7570319771766663 -0.31244146823883057
-1.70265531539917 -0.7902320623397827 -0.31194519996643066
-1.6838903427124023 -0.8230763077735901 -0.31147831678390503
-1.6646403074264526 -0.855561375617981 -0.31103765964508057
-1.6449098587036133 -0.8876838684082031 -0.3106244206428528
-1.6247042417526245 -0.9194386005401611 -0.3102380633354187
-1.6040277481079102 -0.9508247375488281 -0.30987977981567383
-1.5828847885131836 -0.9818366765975952 -0.3095471262931824
-1.5612821578979492 -1.0124726295471191 -0.3092426061630249
-1.539222002029419 -1.0427284240722656 -0.30896425247192383
-1.5167094469070435 -1.072600245475769 -0.3087146282196045
-1.4937503337860107 -1.1020845174789429 -0.3084900379180908
-1.4703465700149536 -1.131179690361023 -0.3082941174507141
-1.4465036392211914 -1.159880518913269 -0.3081238269805908
-1.4222259521484375 -1.188183069229126 -0.307981014251709
-1.3975170850753784 -1.2160859107971191 -0.30786561965942383
-1.3723809719085693 -1.243584156036377 -0.30777591466903687
-1.3468226194381714 -1.2706739902496338 -0.3077142834663391
-1.3208447694778442 -1.2973520755767822 -0.30767762660980225
-1.2944515943527222 -1.323615550994873 -0.3076702952384949
-1.2676470279693604 -1.3494590520858765 -0.3076874017715454
-1.2404344081878662 -1.3748811483383179 -0.3077331781387329
-1.2128183841705322 -1.3998746871948242 -0.30780458450317383
-1.1848026514053345 -1.4244389533996582 -0.3079047203063965
-1.156388759613037 -1.4485688209533691 -0.30802983045578003
-1.1275831460952759 -1.4722599983215332 -0.30818241834640503
-1.098387598991394 -1.4955081939697266 -0.30836182832717896
-1.0688049793243408 -1.5183112621307373 -0.3085687756538391
-1.038841962814331 -1.540662407875061 -0.30880188941955566
-1.0084987878799438 -1.5625580549240112 -0.30906128883361816
-0.9777796268463135 -1.5839954614639282 -0.3093494176864624
-0.946689784526825 -1.6049680709838867 -0.30966436862945557
-0.9152310490608215 -1.6254719495773315 -0.3100055456161499
-0.8834061622619629 -1.6455039978027344 -0.31037354469299316
-0.8512207269668579 -1.665056586265564 -0.3107696771621704
-0.8186776638031006 -1.6841275691986084 -0.3111932873725891
-0.7857789993286133 -1.7027119398117065 -0.311643123626709
-0.7525309920310974 -1.7208027839660645 -0.31212103366851807
-0.7189347743988037 -1.7383958101272583 -0.31262636184692383
-0.6849931478500366 -1.7554868459701538 -0.31315863132476807
-0.6507132053375244 -1.7720694541931152 -0.313718318939209
-0.6160975694656372 -1.788138508796692 -0.31430667638778687
-0.5811474323272705 -1.8036891222000122 -0.31492066383361816
-0.5458700656890869 -1.8187147378921509 -0.31556278467178345
-0.5102671980857849 -1.8332099914550781 -0.31623291969299316
-0.47434186935424805 -1.8471698760986328 -0.3169323801994324
-0.43810057640075684 -1.8605866432189941 -0.31765687465667725
-0.4015469253063202 -1.8734556436538696 -0.31841129064559937
-0.364682137966156 -1.885771632194519 -0.31919312477111816
-0.3278923034667969 -1.8997092247009277 -0.3203723430633545
-0.29171738028526306 -1.9197007417678833 -0.32268738746643066
-0.25485411286354065 -1.9388740062713623 -0.32498419284820557
-0.21731919050216675 -1.9571939706802368 -0.32725590467453003
-0.17913711071014404 -1.9746243953704834 -0.32950079441070557
-0.1403297483921051 -1.9911314249038696 -0.33171695470809937
-0.1009187325835228 -2.0066797733306885 -0.3339020013809204
-0.06093399226665497 -2.021235704421997 -0.3360516428947449
-0.02040252834558487 -2.0347647666931152 -0.33816468715667725
0.02064620703458786 -2.0472354888916016 -0.3402368426322937
0.06218229979276657 -2.058615207672119 -0.34226685762405396
0.10416900366544724 -2.06887149810791 -0.3442511558532715
0.14657211303710938 -2.0779759883880615 -0.34618592262268066
0.18935593962669373 -2.0858986377716064 -0.34807074069976807
0.23248153924942017 -2.092611789703369 -0.3499005436897278
0.2759079039096832 -2.098090410232544 -0.3516736328601837
0.31959348917007446 -2.1023077964782715 -0.353386253118515
0.3634963929653168 -2.1052424907684326 -0.35503727197647095
0.4075709283351898 -2.10687255859375 -0.3566223382949829
0.4517723023891449 -2.1071794033050537 -0.35813969373703003
0.4960513412952423 -2.1061441898345947 -0.3595862090587616
0.5403640270233154 -2.103753089904785 -0.36096134781837463
0.5846602916717529 -2.0999934673309326 -0.3622601628303528
0.6270922422409058 -2.088879108428955 -0.3624451160430908
0.662992537021637 -2.057291030883789 -0.359205961227417
0.6981405019760132 -2.025871992111206 -0.35610049962997437
0.7380203008651733 -2.0094614028930664 -0.3557525873184204
0.7805694341659546 -2.000075101852417 -0.3567987382411957
0.818543016910553 -1.9789234399795532 -0.3558899164199829
0.8577553629875183 -1.9611002206802368 -0.3557159900665283
0.8970855474472046 -1.9435991048812866 -0.35574284195899963
0.9360809326171875 -1.9253565073013306 -0.3557770252227783
0.9747316837310791 -1.9063788652420044 -0.3558221757411957
1.0130224227905273 -1.886671543121338 -0.3558746576309204
1.050942063331604 -1.8662406206130981 -0.3559356927871704
1.0884737968444824 -1.8450952768325806 -0.3560071289539337
1.125610589981079 -1.8232380151748657 -0.35608646273612976
1.1623351573944092 -1.800679087638855 -0.3561737537384033
1.1986379623413086 -1.7774219512939453 -0.3562701642513275
1.2345049381256104 -1.753476619720459 -0.35637637972831726
1.2699236869812012 -1.7288508415222168 -0.35649052262306213
1.3048839569091797 -1.703549861907959 -0.35661381483078003
1.339372158050537 -1.677581548690796 -0.35674503445625305
1.3733757734298706 -1.6509562730789185 -0.35688480734825134
1.4068856239318848 -1.6236777305603027 -0.35703250765800476
1.439884901046753 -1.5957597494125366 -0.35718998312950134
1.472367763519287 -1.5672062635421753 -0.35735538601875305
1.5043184757232666 -1.538028359413147 -0.35752934217453003
1.5357271432876587 -1.5082346200942993 -0.3577130436897278
1.5665829181671143 -1.4778330326080322 -0.357902854681015
1.5968728065490723 -1.446833610534668 -0.3581024408340454
1.626584768295288 -1.415247917175293 -0.3583093583583832
1.6557124853134155 -1.3830811977386475 -0.3585248291492462
1.684240698814392 -1.3503462076187134 -0.358748197555542
1.7121593952178955 -1.3170524835586548 -0.3589795231819153
1.7394579648971558 -1.2832114696502686 -0.3592187762260437
1.766127586364746 -1.2488300800323486 -0.35946598649024963
1.7921578884124756 -1.2139219045639038 -0.35972172021865845
1.8178023099899292 -1.1786701679229736 -0.36003848910331726
1.842798113822937 -1.1429060697555542 -0.36036258935928345
1.867142915725708 -1.106643795967102 -0.36069706082344055
1.8908272981643677 -1.069894552230835 -0.3610425293445587
1.913843035697937 -1.0326682329177856 -0.3613983392715454
1.9361783266067505 -0.9949772357940674 -0.3617633283138275
1.957823634147644 -0.9568302631378174 -0.3621393144130707
1.9787718057632446 -0.9182413816452026 -0.3625238239765167
1.9990125894546509 -0.8792182803153992 -0.3629181385040283
2.018537998199463 -0.8397770524024963 -0.36332279443740845
2.037336826324463 -0.7999244332313538 -0.3637378215789795
2.0554025173187256 -0.759675145149231 -0.36416080594062805
2.072725296020508 -0.7190406918525696 -0.36459416151046753
2.089296817779541 -0.6780338883399963 -0.36503666639328003
2.105109214782715 -0.636667013168335 -0.3654876947402954
2.12015438079834 -0.5949543714523315 -0.36594852805137634
2.1344223022460938 -0.5529047846794128 -0.36641666293144226
2.1479079723358154 -0.5105354189872742 -0.3668951690196991
2.160602569580078 -0.46785566210746765 -0.36738163232803345
2.172497510910034 -0.4248826503753662 -0.3678766191005707
2.1835873126983643 -0.38163039088249207 -0.3683801591396332
2.1938629150390625 -0.33810973167419434 -0.36889103055000305
2.2033185958862305 -0.29433730244636536 -0.36941105127334595
2.211947441101074 -0.25032562017440796 -0.3699384033679962
2.2197420597076416 -0.20609039068222046 -0.37047427892684937
2.226696014404297 -0.16164565086364746 -0.37101688981056213
2.232804298400879 -0.11700790375471115 -0.3715680241584778
2.238060235977173 -0.07219100743532181 -0.37212589383125305
2.2424583435058594 -0.02720993012189865 -0.37269046902656555
2.2459914684295654 0.017919616773724556 -0.3732629716396332
2.2486581802368164 0.06317977607250214 -0.37384098768234253
2.2504491806030273 0.10855849832296371 -0.37442630529403687
2.2513625621795654 0.1540350317955017 -0.3750177323818207
2.251392364501953 0.19959746301174164 -0.3756158649921417
2.250535011291504 0.24522490799427032 -0.3762195110321045
2.248785972595215 0.2909054458141327 -0.3768286406993866
2.2461423873901367 0.33661818504333496 -0.3774438798427582
2.242600679397583 0.3823480010032654 -0.3780646026134491
2.238157033920288 0.4280763268470764 -0.3786914348602295
2.232809543609619 0.47378799319267273 -0.3793207108974457
2.2265548706054688 0.5194621086120605 -0.379957914352417
2.219390869140625 0.5650848150253296 -0.38059696555137634
2.211317539215088 0.6106339693069458 -0.38124150037765503
2.20233154296875 0.6560950875282288 -0.3818908929824829
2.1924309730529785 0.7014474272727966 -0.3825433552265167
2.1816177368164062 0.7466744780540466 -0.3831982910633087
2.169888973236084 0.7917556762695312 -0.3838580548763275
2.157245635986328 0.8366748094558716 -0.38452214002609253
2.143688917160034 0.8814104199409485 -0.3851867914199829
2.1292173862457275 0.9259458780288696 -0.38585513830184937
2.1138343811035156 0.9702601432800293 -0.3865258991718292
2.097538471221924 1.0143364667892456 -0.38719913363456726
2.0803353786468506 1.0581530332565308 -0.38787296414375305
2.062223196029663 1.101693034172058 -0.38855046033859253
2.043208599090576 1.1449335813522339 -0.38922733068466187
2.023292064666748 1.1878598928451538 -0.3899054229259491
2.0024795532226562 1.23044753074646 -0.39058536291122437
1.9807714223861694 1.2726813554763794 -0.39126530289649963
1.9581750631332397 1.3145378828048706 -0.3919452130794525
1.9346946477890015 1.356000304222107 -0.3926263749599457
1.9103361368179321 1.397046685218811 -0.39330509305000305
1.8851046562194824 1.4376604557037354 -0.3939844071865082
1.8590059280395508 1.4778183698654175 -0.39466312527656555
1.832047939300537 1.5175020694732666 -0.39533939957618713
1.8042376041412354 1.556693196296692 -0.3960144519805908
1.7755825519561768 1.5953701734542847 -0.3966882526874542
1.7460896968841553 1.6335148811340332 -0.39736026525497437
1.7157704830169678 1.6711058616638184 -0.3980286121368408
1.6846319437026978 1.7081267833709717 -0.398695707321167
1.6526857614517212 1.7445558309555054 -0.39935731887817383
1.619938611984253 1.7803748846054077 -0.400017112493515
1.586405873298645 1.8155642747879028 -0.4006744623184204
1.5520949363708496 1.850105881690979 -0.40132570266723633
1.5170202255249023 1.8839792013168335 -0.40197208523750305
1.4811919927597046 1.9171680212020874 -0.4026172161102295
1.4446239471435547 1.949652075767517 -0.40325504541397095
1.4073293209075928 1.981413722038269 -0.4038873612880707
1.369321584701538 2.012434720993042 -0.40451478958129883
1.3306142091751099 2.0426971912384033 -0.40513554215431213
1.2912249565124512 2.072183847427368 -0.40575075149536133
1.2511651515960693 2.100877523422241 -0.4063592851161957
1.210453748703003 2.128760814666748 -0.4069610834121704
1.1691036224365234 2.155817985534668 -0.40755495429039
1.127136468887329 2.182030200958252 -0.40814274549484253
1.0845632553100586 2.2073848247528076 -0.40872257947921753
1.0414074659347534 2.2318637371063232 -0.40929263830184937
0.9976834058761597 2.255451202392578 -0.40985536575317383
0.9534124135971069 2.27813458442688 -0.4104095697402954
0.9086108207702637 2.2998976707458496 -0.41095399856567383
0.8633004426956177 2.320725440979004 -0.41148990392684937
0.8174993395805359 2.3406059741973877 -0.4120166301727295
0.7712292075157166 2.359524965286255 -0.41253238916397095
0.7245104312896729 2.3774702548980713 -0.413038969039917
0.6773650646209717 2.394428253173828 -0.41353458166122437
0.6298131942749023 2.4103896617889404 -0.4140191972255707
0.5818789005279541 2.4253387451171875 -0.4144928455352783
0.5335811972618103 2.4392693042755127 -0.4149554669857025
0.48494628071784973 2.4521679878234863 -0.4154065251350403
0.43599608540534973 2.4640257358551025 -0.41584476828575134
0.3867521584033966 2.4748342037200928 -0.4162726104259491
0.3372410535812378 2.484583616256714 -0.41668766736984253
0.28748488426208496 2.4932665824890137 -0.4170892536640167
0.23750793933868408 2.50087571144104 -0.4174792766571045
0.1873367428779602 2.507403612136841 -0.4178546369075775
0.13699325919151306 2.5128440856933594 -0.41821718215942383
0.08650282770395279 2.5171926021575928 -0.4185663163661957
0.03589416295289993 2.5204434394836426 -0.4189026355743408
-0.014810949563980103 2.5225915908813477 -0.41922426223754883
-0.06558457016944885 2.523634433746338 -0.41953250765800476
-0.11640381067991257 2.523569345474243 -0.41982609033584595
-0.16723906993865967 2.522392749786377 -0.42010441422462463
-0.21806961297988892 2.5201034545898438 -0.42036867141723633
-0.2688636779785156 2.5167012214660645 -0.42061832547187805
-0.31959885358810425 2.5121850967407227 -0.42085331678390503
-0.370246559381485 2.506556749343872 -0.4210717976093292
-0.42078277468681335 2.4998154640197754 -0.42127689719200134
-0.471179336309433 2.4919638633728027 -0.4214654862880707
-0.5214134454727173 2.483004331588745 -0.42163822054862976
-0.5714535713195801 2.4729416370391846 -0.42179569602012634
-0.6212791800498962 2.461777448654175 -0.4219372868537903
-0.6708595156669617 2.449518918991089 -0.4220636188983917
-0.7201727628707886 2.4361696243286133 -0.42217472195625305
-0.7691900730133057 2.421736001968384 -0.4222693145275116
-0.8178879022598267 2.406224012374878 -0.42234745621681213
-0.8662400245666504 2.3896424770355225 -0.4224103093147278
-0.9142208099365234 2.3719987869262695 -0.42245548963546753
-0.9618051052093506 2.353302240371704 -0.4224866032600403
-1.0089695453643799 2.333561420440674 -0.422499418258667
-1.0556873083114624 2.312788248062134 -0.4224981963634491
-1.1019378900527954 2.2909915447235107 -0.42247989773750305
-1.1476935148239136 2.268183946609497 -0.4224450886249542
-1.1929311752319336 2.2443764209747314 -0.4223950505256653
-1.2376285791397095 2.219583511352539 -0.42232853174209595
-1.2817647457122803 2.1938164234161377 -0.4222467243671417
-1.3194111585617065 2.157439708709717 -0.42026737332344055
-1.3547191619873047 2.1182546615600586 -0.41785770654678345
-1.3890434503555298 2.0786116123199463 -0.4154651165008545
-1.4223836660385132 2.03853440284729 -0.41309022903442383
-1.4547423124313354 1.9980528354644775 -0.41073185205459595
-1.4861211776733398 1.957187294960022 -0.4083941876888275
-1.5165213346481323 1.9159671068191528 -0.4060760736465454
-1.5459474325180054 1.874415397644043 -0.40377873182296753
-1.57440185546875 1.8325563669204712 -0.40150150656700134
-1.6018890142440796 1.7904109954833984 -0.39924687147140503
-1.6284115314483643 1.7480062246322632 -0.39701420068740845
-1.6539791822433472 1.7053594589233398 -0.3948034942150116
-1.6785926818847656 1.66249680519104 -0.3926178216934204
-1.7022597789764404 1.619436264038086 -0.390455961227417
-1.7249854803085327 1.5761979818344116 -0.38831791281700134
-1.7467776536941528 1.5328043699264526 -0.3862054646015167
-1.767642617225647 1.4892709255218506 -0.38411745429039
-1.7875868082046509 1.4456216096878052 -0.38205569982528687
-1.8066173791885376 1.4018709659576416 -0.380018949508667
-1.8247429132461548 1.3580360412597656 -0.3780103027820587
-1.841970682144165 1.3141356706619263 -0.3760266602039337
-1.8583084344863892 1.2701869010925293 -0.3740716874599457
-1.873764991760254 1.2262026071548462 -0.37214237451553345
-1.8883476257324219 1.1822031736373901 -0.3702405095100403
-1.9020649194717407 1.1382001638412476 -0.3683667480945587
-1.9149258136749268 1.0942096710205078 -0.3665216267108917
-1.9269399642944336 1.0502433776855469 -0.3647046387195587
-1.9381142854690552 1.0063188076019287 -0.36291447281837463
-1.9484575986862183 0.9624470472335815 -0.3611529767513275
-1.957979679107666 0.9186393022537231 -0.35942021012306213
-1.966689109802246 0.8749117851257324 -0.3577161133289337
-1.9745951890945435 0.8312737941741943 -0.35604128241539
-1.9817062616348267 0.7877340316772461 -0.3543945550918579
-1.988031268119812 0.7443124055862427 -0.3527771234512329
-1.9935792684555054 0.7010102868080139 -0.351188987493515
-1.9983596801757812 0.6578435897827148 -0.34962892532348633
-2.00238037109375 0.6148199439048767 -0.34809815883636475
-2.005650758743286 0.5719488263130188 -0.3465973138809204
-2.0081796646118164 0.5292420983314514 -0.3451245427131653
-2.0099761486053467 0.48670700192451477 -0.3436816930770874
-2.011047840118408 0.44435086846351624 -0.3422675132751465
-2.0114049911499023 0.4021870195865631 -0.34088200330734253
-2.011054039001465 0.3602166771888733 -0.33952581882476807
-2.010005474090576 0.31845274567604065 -0.3381989002227783
-2.008267402648926 0.2769004702568054 -0.33690130710601807
-2.0058467388153076 0.23556563258171082 -0.33563297986984253
-2.002753257751465 0.19446013867855072 -0.33439332246780396
-1.9989941120147705 0.1535879522562027 -0.33318179845809937
-1.9945776462554932 0.11295241862535477 -0.33200013637542725
-1.989512324333191 0.07256942242383957 -0.33084720373153687
-1.9838045835494995 0.03243240341544151 -0.32972294092178345
-1.9774632453918457 -0.0074429321102797985 -0.328627347946167
-1.970496654510498 -0.047054290771484375 -0.32756108045578003
-1.9629102945327759 -0.0863981619477272 -0.326521635055542
-1.9547134637832642 -0.12546539306640625 -0.32551270723342896
-1.9459123611450195 -0.16425231099128723 -0.3245319128036499
-1.936513900756836 -0.2027558833360672 -0.3235791325569153
-1.9265260696411133 -0.240966796875 -0.3226544260978699
-1.915955901145935 -0.2788839638233185 -0.32175904512405396
-1.9048080444335938 -0.3165034353733063 -0.3208911418914795
-1.8930929899215698 -0.35381439328193665 -0.320051908493042
-1.8808135986328125 -0.3908212184906006 -0.31924015283584595
-1.8679783344268799 -0.42751386761665344 -0.3184564709663391
-1.854594111442566 -0.4638887047767639 -0.3177008628845215
-1.8406646251678467 -0.4999442994594574 -0.31697332859039307
-1.8261990547180176 -0.5356742739677429 -0.3162744641304016
-1.8112012147903442 -0.5710740685462952 -0.31560182571411133
-1.7956771850585938 -0.6061433553695679 -0.31495732069015503
-1.779634714126587 -0.6408729553222656 -0.31434082984924316
-1.7630767822265625 -0.6752650141716003 -0.31375187635421753
-1.7460111379623413 -0.7093122601509094 -0.31319093704223633
-1.7284413576126099 -0.7430106997489929 -0.31265687942504883
-1.7103734016418457 -0.7763615250587463 -0.31214970350265503
-1.6918137073516846 -0.809355616569519 -0.31167054176330566
-1.6727665662765503 -0.841991126537323 -0.31121891736984253
-1.6532368659973145 -0.8742649555206299 -0.31079351902008057
-1.6332290172576904 -0.9061762690544128 -0.31039679050445557
-1.6127495765686035 -0.9377167820930481 -0.3100268840789795
-1.5918022394180298 -0.9688853025436401 -0.30968326330184937
-1.5703920125961304 -0.9996790885925293 -0.30936646461486816
-1.5485222339630127 -1.0300953388214111 -0.3090783953666687
-1.526199221611023 -1.0601279735565186 -0.3088165521621704
-1.5034265518188477 -1.0897749662399292 -0.30858099460601807
-1.4802088737487793 -1.1190333366394043 -0.3083728551864624
-1.456549048423767 -1.1479008197784424 -0.30819278955459595
-1.4324531555175781 -1.176370620727539 -0.3080383539199829
-1.4079246520996094 -1.2044413089752197 -0.30791139602661133
-1.3829677104949951 -1.2321088314056396 -0.30781006813049316
-1.3575843572616577 -1.2593711614608765 -0.3077356219291687
-1.331782341003418 -1.2862223386764526 -0.30769044160842896
-1.305562973022461 -1.3126593828201294 -0.3076702952384949
-1.2789311408996582 -1.3386790752410889 -0.3076770305633545
-1.2518882751464844 -1.3642786741256714 -0.30771124362945557
-1.2244420051574707 -1.3894519805908203 -0.3077710270881653
-1.1965930461883545 -1.414196252822876 -0.307858943939209
-1.16834557056427 -1.4385087490081787 -0.3079736828804016
-1.139703392982483 -1.462384819984436 -0.30811524391174316
-1.1106716394424438 -1.485818862915039 -0.30828309059143066
-1.081250786781311 -1.5088087320327759 -0.3084790110588074
-1.05144464969635 -1.531351089477539 -0.30870121717453003
-1.0212602615356445 -1.5534381866455078 -0.3089502453804016
-0.9906991720199585 -1.5750675201416016 -0.30922549962997437
-0.9597643613815308 -1.596234917640686 -0.30952882766723633
-0.9284588098526001 -1.6169370412826538 -0.30985963344573975
-0.8967874050140381 -1.6371665000915527 -0.3102167248725891
-0.8647537231445312 -1.656921148300171 -0.3106018304824829
-0.832360029220581 -1.6761943101882935 -0.3110126256942749
-0.7996090650558472 -1.6949833631515503 -0.31145143508911133
-0.7665072679519653 -1.7132810354232788 -0.311917781829834
-0.7330564856529236 -1.7310831546783447 -0.31241095066070557
-0.6992605924606323 -1.7483854293823242 -0.3129327893257141
-0.6651216149330139 -1.7651820182800293 -0.31348085403442383
-0.6306459307670593 -1.7814668416976929 -0.31405705213546753
-0.5958364605903625 -1.7972348928451538 -0.3146594762802124
-0.5606942772865295 -1.8124817609786987 -0.315291166305542
-0.525225818157196 -1.8272007703781128 -0.31594914197921753
-0.4894360303878784 -1.841385006904602 -0.31663578748703003
-0.4533279240131378 -1.8550300598144531 -0.317349910736084
-0.4169044494628906 -1.8681297302246094 -0.3180920481681824
-0.3801689147949219 -1.8806785345077515 -0.31886231899261475
-0.34312865138053894 -1.892668604850769 -0.31966066360473633
-0.30696243047714233 -1.9114203453063965 -0.3217194080352783
-0.2703854441642761 -1.9309406280517578 -0.32402467727661133
-0.2331291139125824 -1.9496228694915771 -0.3263068199157715
-0.19521652162075043 -1.9674302339553833 -0.32856202125549316
-0.15666869282722473 -1.9843275547027588 -0.33079224824905396
-0.11750778555870056 -2.000281572341919 -0.3329901695251465
-0.07775817811489105 -2.015258550643921 -0.33515506982803345
-0.037451937794685364 -2.0292224884033203 -0.3372833728790283
0.0033827200531959534 -2.042139768600464 -0.3393738269805908
0.044718168675899506 -2.053980588912964 -0.34142154455184937
0.0865197703242302 -2.0647122859954834 -0.34342533349990845
0.12875273823738098 -2.0743024349212646 -0.345381498336792
0.1713801622390747 -2.08272385597229 -0.347287654876709
0.21436798572540283 -2.08994722366333 -0.34914064407348633
0.2576742470264435 -2.095947027206421 -0.35093754529953003
0.30125534534454346 -2.1006946563720703 -0.35267582535743713
0.3450721800327301 -2.1041693687438965 -0.3543524444103241
0.38907912373542786 -2.1063497066497803 -0.3559662103652954
0.4332350194454193 -2.107213258743286 -0.3575122356414795
0.47748902440071106 -2.1067426204681396 -0.35898807644844055
0.5217928886413574 -2.10492205619812 -0.36039432883262634
0.5661013126373291 -2.101736545562744 -0.36172550916671753
0.6103615760803223 -2.0971763134002686 -0.3629791736602783
0.6480395197868347 -2.070509195327759 -0.3605475127696991
0.6834996938705444 -2.039020299911499 -0.3573852777481079
0.7193410992622375 -2.0108094215393066 -0.3549054265022278
0.7639583945274353 -2.00730299949646 -0.356926292181015
0.8026888370513916 -1.9878650903701782 -0.3562701642513275
0.8411736488342285 -1.9682148694992065 -0.35570865869522095
0.8806408047676086 -1.9510252475738525 -0.3557306230068207
0.9197793006896973 -1.9330918788909912 -0.3557617664337158
0.9585763216018677 -1.9144208431243896 -0.3558020293712616
0.9970183372497559 -1.8950196504592896 -0.3558514714241028
1.0350979566574097 -1.8748902082443237 -0.355910062789917
1.0727934837341309 -1.8540431261062622 -0.3559753894805908
1.1100966930389404 -1.8324836492538452 -0.3560510575771332
1.146993637084961 -1.8102192878723145 -0.35613590478897095
1.183476209640503 -1.78725266456604 -0.3562292754650116
1.2195278406143188 -1.7635953426361084 -0.3563311994075775
1.2551357746124268 -1.7392534017562866 -0.35644108057022095
1.2902883291244507 -1.714234709739685 -0.356560081243515
1.3249768018722534 -1.6885443925857544 -0.3566882610321045
1.3591856956481934 -1.6621930599212646 -0.3568243682384491
1.3929030895233154 -1.6351884603500366 -0.3569696247577667
1.426117181777954 -1.6075388193130493 -0.35712283849716187
1.45881986618042 -1.5792487859725952 -0.3572857975959778
1.490993618965149 -1.5503321886062622 -0.3574554920196533
1.5226305723190308 -1.5207960605621338 -0.35763493180274963
1.553717851638794 -1.490648627281189 -0.3578229248523712
1.5842483043670654 -1.4598976373672485 -0.35801762342453003
1.6142034530639648 -1.428557276725769 -0.3582208454608917
1.643575668334961 -1.3966331481933594 -0.3584332764148712
1.672357439994812 -1.364134669303894 -0.35865360498428345
1.7005345821380615 -1.3310718536376953 -0.35888126492500305
1.7280938625335693 -1.2974601984024048 -0.3591180741786957
1.755029559135437 -1.2633036375045776 -0.3593622148036957
1.7813271284103394 -1.228616714477539 -0.35961368680000305
1.8071367740631104 -1.1935093402862549 -0.35990482568740845
1.8324007987976074 -1.1579560041427612 -0.36022526025772095
1.8570199012756348 -1.1219007968902588 -0.36055606603622437
1.8809822797775269 -1.0853546857833862 -0.36089664697647095
1.904279351234436 -1.048326849937439 -0.36124759912490845
1.9269002676010132 -1.0108293294906616 -0.36160892248153687
1.9488366842269897 -0.9728727340698242 -0.36198002099990845
1.9700793027877808 -0.9344666600227356 -0.36236149072647095
1.9906176328659058 -0.8956233263015747 -0.3627527058124542
2.0104429721832275 -0.8563557267189026 -0.363151878118515
1.2591646909713745 1.6584957838058472 -0.40050724148750305
1.2272194623947144 1.6857644319534302 -0.4010498523712158
1.1946706771850586 1.7123970985412598 -0.40158817172050476
1.1615313291549683 1.7383791208267212 -0.40212100744247437
1.1278154850006104 1.7636969089508057 -0.40264835953712463
1.0935354232788086 1.7883352041244507 -0.4031701982021332
1.0587033033370972 1.8122808933258057 -0.40368595719337463
1.0233348608016968 1.835519790649414 -0.40419620275497437
0.987443208694458 1.8580389022827148 -0.40469974279403687
0.9510449171066284 1.8798249959945679 -0.40519657731056213
0.9141530990600586 1.900865077972412 -0.40568608045578003
0.8767827749252319 1.921147108078003 -0.40616825222969055
0.8389513492584229 1.9406580924987793 -0.4066430926322937
0.8006746768951416 1.9593868255615234 -0.40711063146591187
0.7619686722755432 1.9773211479187012 -0.4075702130794525
0.7228503227233887 1.9944508075714111 -0.4080212712287903
0.683335542678833 2.0107643604278564 -0.4084649980068207
0.6434444785118103 2.026251792907715 -0.4088989496231079
0.6031929850578308 2.0409018993377686 -0.40932315587997437
0.5626003742218018 2.0547070503234863 -0.40974125266075134
0.521683931350708 2.0676565170288086 -0.41014713048934937
0.48046234250068665 2.079742193222046 -0.41054385900497437
0.43895581364631653 2.0909557342529297 -0.4109320342540741
0.39718231558799744 2.1012885570526123 -0.4113098382949829
0.35516220331192017 2.110734224319458 -0.41167789697647095
0.3129136562347412 2.1192853450775146 -0.4120343327522278
0.27045899629592896 2.1269354820251465 -0.41237980127334595
0.22781690955162048 2.1336779594421387 -0.41271549463272095
0.18500763177871704 2.1395082473754883 -0.41303959488868713
0.1420518457889557 2.144421100616455 -0.41335329413414
0.09897124022245407 2.148411273956299 -0.41365480422973633
0.055785663425922394 2.1514761447906494 -0.41394472122192383
0.012516625225543976 2.153611183166504 -0.4142230451107025
-0.03081497550010681 2.1548142433166504 -0.41449040174484253
-0.07418762147426605 2.1550822257995605 -0.41474613547325134
-0.11758041381835938 2.1544132232666016 -0.41498783230781555
-0.16097091138362885 2.152805805206299 -0.41521671414375305
-0.2043382227420807 2.1502604484558105 -0.41543522477149963
-0.24766159057617188 2.1467761993408203 -0.41564029455184937
-0.2909175157546997 2.142352819442749 -0.41583317518234253
-0.33408570289611816 2.1369917392730713 -0.4160119891166687
-0.37714430689811707 2.130694627761841 -0.41618046164512634
-0.42007124423980713 2.123462677001953 -0.41633304953575134
-0.46284544467926025 2.115300178527832 -0.41647404432296753
-0.5054457187652588 2.1062076091766357 -0.4166009724140167
-0.5478488206863403 2.09619140625 -0.4167151153087616
-0.5900353789329529 2.085254430770874 -0.41681644320487976
-0.6319835186004639 2.0734012126922607 -0.4169031083583832
-0.6736705303192139 2.060637950897217 -0.41697758436203003
-0.7150775194168091 2.0469701290130615 -0.41703739762306213
-0.7561827301979065 2.032404661178589 -0.41708439588546753
-0.7969648838043213 2.0169475078582764 -0.41711854934692383
-0.837404727935791 2.000607490539551 -0.41713747382164
-0.8774805665016174 1.9833914041519165 -0.4171435832977295
-0.9171721935272217 1.9653089046478271 -0.41713687777519226
-0.9564614295959473 1.9463685750961304 -0.41711491346359253
-0.9953271746635437 1.9265809059143066 -0.41707950830459595
-1.033748984336853 1.9059548377990723 -0.4170318841934204
-1.0717103481292725 1.8845014572143555 -0.4169708490371704
-1.1091911792755127 1.8622324466705322 -0.4168945550918579
-1.1422480344772339 1.8328614234924316 -0.41537904739379883
-1.1730879545211792 1.8006356954574585 -0.41333988308906555
-1.2031280994415283 1.7679615020751953 -0.41131168603897095
-1.2323672771453857 1.734861135482788 -0.409294456243515
-1.2608026266098022 1.7013566493988037 -0.4072906970977783
-1.2884339094161987 1.6674679517745972 -0.4053003191947937
-1.3152601718902588 1.6332159042358398 -0.4033234119415283
-1.3412810564041138 1.5986218452453613 -0.40136173367500305
-1.3664995431900024 1.5637027025222778 -0.39941471815109253
-1.3909121751785278 1.5284820795059204 -0.39748415350914
-1.4145233631134033 1.4929765462875366 -0.39556950330734253
-1.4373337030410767 1.457205891609192 -0.39367252588272095
-1.459346055984497 1.4211883544921875 -0.3917926251888275
-1.4805619716644287 1.384941816329956 -0.3899310529232025
-1.5009865760803223 1.348482608795166 -0.38808780908584595
-1.5206199884414673 1.311830759048462 -0.3862634599208832
-1.5394675731658936 1.2750006914138794 -0.3844592571258545
-1.5575332641601562 1.2380095720291138 -0.38267460465431213
-1.5748193264007568 1.2008750438690186 -0.3809106647968292
-1.591331958770752 1.1636106967926025 -0.37916630506515503
-1.6070753335952759 1.1262332201004028 -0.3774438798427582
-1.6220533847808838 1.0887572765350342 -0.37574222683906555
-1.636271357536316 1.0511966943740845 -0.3740619122982025
-1.6497365236282349 1.0135654211044312 -0.3724048137664795
-1.6624515056610107 0.9758800268173218 -0.37076908349990845
-1.6744226217269897 0.9381504654884338 -0.36915531754493713
-1.6856564283370972 0.9003922939300537 -0.36756595969200134
-1.6961579322814941 0.862617015838623 -0.36599797010421753
-1.7059330940246582 0.8248375654220581 -0.36445316672325134
-1.714987874031067 0.7870650887489319 -0.3629315495491028
-1.7233294248580933 0.749313473701477 -0.36143437027931213
-1.7309623956680298 0.7115919589996338 -0.35996097326278687
-1.7378944158554077 0.6739129424095154 -0.3585107624530792
-1.7441308498382568 0.6362876892089844 -0.3570849895477295
-1.7496789693832397 0.5987255573272705 -0.35568302869796753
-1.7545444965362549 0.5612348914146423 -0.3543054461479187
-1.7587347030639648 0.523830235004425 -0.3529535233974457
-1.7622551918029785 0.48651763796806335 -0.35162419080734253
-1.7651137113571167 0.449307382106781 -0.35032108426094055
-1.767315149307251 0.412210077047348 -0.34904175996780396
-1.7688674926757812 0.3752334415912628 -0.3477874994277954
-1.7697765827178955 0.3383834660053253 -0.34655827283859253
-1.7700495719909668 0.30167311429977417 -0.34535282850265503
-1.769692063331604 0.26510757207870483 -0.34417301416397095
-1.768711805343628 0.22869613766670227 -0.34301823377609253
-1.7671148777008057 0.19244490563869476 -0.34188908338546753
-1.764906644821167 0.15636321902275085 -0.34078431129455566
-1.7620947360992432 0.12045501172542572 -0.339705228805542
-1.7586852312088013 0.08473128825426102 -0.3386499285697937
-1.7546846866607666 0.04919677600264549 -0.3376215100288391
-1.7500994205474854 0.013859252445399761 -0.3366180658340454
-1.7449350357055664 -0.021276244893670082 -0.33563846349716187
-1.7391985654830933 -0.05620284751057625 -0.3346850872039795
-1.732895851135254 -0.09091415256261826 -0.33375614881515503
-1.7260329723358154 -0.12540359795093536 -0.332852840423584
-1.718616008758545 -0.15966643393039703 -0.33197450637817383
-1.71065092086792 -0.19369690120220184 -0.33112186193466187
-1.7021440267562866 -0.22748854756355286 -0.33029425144195557
-1.6931002140045166 -0.261037141084671 -0.3294910192489624
-1.6835262775421143 -0.2943370044231415 -0.3287140130996704
-1.673427700996399 -0.32738158106803894 -0.32796144485473633
-1.6628100872039795 -0.3601676821708679 -0.32723450660705566
-1.651678442955017 -0.39268964529037476 -0.3265320062637329
-1.6400392055511475 -0.42494216561317444 -0.3258545398712158
-1.6278979778289795 -0.45692121982574463 -0.3252026438713074
-1.6152592897415161 -0.4886222779750824 -0.32457584142684937
-1.6021286249160767 -0.5200392007827759 -0.3239734172821045
-1.5885119438171387 -0.5511692762374878 -0.32339727878570557
-1.5744132995605469 -0.5820081830024719 -0.3228442668914795
-1.5598394870758057 -0.6125496029853821 -0.3223169445991516
-1.5447947978973389 -0.6427903771400452 -0.3218151926994324
-1.529282808303833 -0.6727271676063538 -0.32133734226226807
-1.513311505317688 -0.7023545503616333 -0.3208850622177124
-1.4968829154968262 -0.7316679358482361 -0.3204571604728699
-1.4800028800964355 -0.7606651186943054 -0.32005375623703003
-1.462675929069519 -0.7893403172492981 -0.3196747303009033
-1.444907784461975 -0.8176899552345276 -0.3193219304084778
-1.4267022609710693 -0.8457108736038208 -0.3189929723739624
-1.4080642461776733 -0.8733989000320435 -0.31868958473205566
-1.3889981508255005 -0.9007481336593628 -0.3184106945991516
-1.3695074319839478 -0.9277573823928833 -0.31815677881240845
-1.3495985269546509 -0.9544212222099304 -0.31792664527893066
-1.3292739391326904 -0.9807355999946594 -0.3177216053009033
-1.3085399866104126 -1.006697177886963 -0.31754153966903687
-1.2873986959457397 -1.0323023796081543 -0.31738531589508057
-1.265856146812439 -1.05754554271698 -0.3172546625137329
-1.2439156770706177 -1.0824257135391235 -0.31714844703674316
-1.2215811014175415 -1.1069368124008179 -0.31706666946411133
-1.1988579034805298 -1.1310749053955078 -0.3170093297958374
-1.1757482290267944 -1.1548365354537964 -0.31697696447372437
-1.1522585153579712 -1.1782184839248657 -0.3169684410095215
-1.128390908241272 -1.2012159824371338 -0.31698548793792725
-1.1041505336761475 -1.2238248586654663 -0.31702762842178345
-1.079540729522705 -1.2460410594940186 -0.31709355115890503
-1.0545663833618164 -1.2678601741790771 -0.31718385219573975
-1.0292296409606934 -1.2892801761627197 -0.3172992467880249
-1.0035362243652344 -1.3102948665618896 -0.31743961572647095
-0.9774899482727051 -1.3309006690979004 -0.3176037669181824
-0.951093852519989 -1.3510938882827759 -0.3177924156188965
-0.9243528246879578 -1.3708689212799072 -0.318007230758667
-0.897270679473877 -1.3902225494384766 -0.3182452917098999
-0.8698503971099854 -1.4091510772705078 -0.3185083270072937
-0.8420979976654053 -1.4276487827301025 -0.31879639625549316
-0.8140153288841248 -1.4457111358642578 -0.31910955905914307
-0.785606861114502 -1.4633350372314453 -0.31944704055786133
-0.756878674030304 -1.480514645576477 -0.31980961561203003
-0.7278316020965576 -1.4972459077835083 -0.32019656896591187
-0.6984710693359375 -1.5135248899459839 -0.3206079602241516
-0.6688032746315002 -1.5293445587158203 -0.32104557752609253
-0.6388304233551025 -1.5447025299072266 -0.32150697708129883
-0.6085556149482727 -1.5595933198928833 -0.3219922184944153
-0.5779860019683838 -1.5740119218826294 -0.32250428199768066
-0.5471240282058716 -1.587952733039856 -0.32304078340530396
-0.5159738063812256 -1.601410984992981 -0.3236011266708374
-0.48454129695892334 -1.6143823862075806 -0.32418763637542725
-0.45283034443855286 -1.6268607378005981 -0.32479923963546753
-0.42084425687789917 -1.638841986656189 -0.32543522119522095
-0.3885902166366577 -1.6503199338912964 -0.32609623670578003
-0.35607191920280457 -1.6612886190414429 -0.32678288221359253
-0.323293000459671 -1.671744465827942 -0.32749390602111816
-0.2902604639530182 -1.681680679321289 -0.328230619430542
-0.2569781541824341 -1.6910914182662964 -0.32899171113967896
-0.22345168888568878 -1.69997239112854 -0.3297784924507141
-0.18968459963798523 -1.7083168029785156 -0.3305896520614624
-0.15568572282791138 -1.7161191701889038 -0.33142703771591187
-0.1214587390422821 -1.7233738899230957 -0.3322882652282715
-0.08700791001319885 -1.7300748825073242 -0.33317506313323975
-0.05234070122241974 -1.7362161874771118 -0.33408814668655396
-0.01746506243944168 -1.7417924404144287 -0.33502626419067383
0.01761581003665924 -1.7467963695526123 -0.3359888195991516
0.052896879613399506 -1.7512229681015015 -0.3369763493537903
0.0883689895272255 -1.755065679550171 -0.3379901647567749
0.12402494996786118 -1.758318305015564 -0.3390277624130249
0.15985947847366333 -1.7609751224517822 -0.3400909900665283
0.19586622714996338 -1.7630289793014526 -0.3411804437637329
0.2320350706577301 -1.7644740343093872 -0.3422931432723999
0.2683621048927307 -1.7653040885925293 -0.34343206882476807
0.30483779311180115 -1.765512466430664 -0.3445965647697449
0.3414546251296997 -1.7650928497314453 -0.3457849621772766
0.37820371985435486 -1.764039158821106 -0.346998929977417
0.41507795453071594 -1.7623448371887207 -0.34823673963546753
0.45206984877586365 -1.760002851486206 -0.34949952363967896
0.4891689717769623 -1.7570075988769531 -0.3507886230945587
0.5263659358024597 -1.753352165222168 -0.3521008789539337
0.5636507868766785 -1.7490302324295044 -0.35343876481056213
0.6010165214538574 -1.7440351247787476 -0.3547998368740082
0.6384533047676086 -1.7383607625961304 -0.35618534684181213
0.6759481430053711 -1.732001781463623 -0.35759708285331726
0.7134923934936523 -1.7249500751495361 -0.35903018712997437
0.7484743595123291 -1.7112507820129395 -0.3592407703399658
0.782743513584137 -1.6958692073822021 -0.35924381017684937
0.8167192935943604 -1.6798481941223145 -0.3592584431171417
0.8503915071487427 -1.6631938219070435 -0.3592810332775116
0.883750855922699 -1.6459107398986816 -0.35931462049484253
0.9167821407318115 -1.6280030012130737 -0.359358549118042
0.9494774341583252 -1.6094788312911987 -0.35941287875175476
0.9818270206451416 -1.5903407335281372 -0.35947635769844055
1.013818621635437 -1.5705980062484741 -0.35954898595809937
1.045442819595337 -1.5502527952194214 -0.35963383316993713
1.0766875743865967 -1.5293149948120117 -0.3597272038459778
1.1075429916381836 -1.507789134979248 -0.3598315715789795
1.138000726699829 -1.4856812953948975 -0.35994571447372437
1.1680501699447632 -1.462997555732727 -0.36006900668144226
1.197678804397583 -1.4397462606430054 -0.3602032959461212
1.2268786430358887 -1.41593337059021 -0.3603454828262329
1.2556381225585938 -1.3915656805038452 -0.36049869656562805
1.2839488983154297 -1.366651177406311 -0.36066287755966187
1.3118008375167847 -1.3411976099014282 -0.36083438992500305
1.3391833305358887 -1.3152095079421997 -0.36101749539375305
1.366089105606079 -1.2886981964111328 -0.3612091541290283
1.3925063610076904 -1.261669397354126 -0.36141178011894226
1.4184255599975586 -1.2341327667236328 -0.3616223633289337
1.4438371658325195 -1.2060939073562622 -0.3618432879447937
1.4687347412109375 -1.1775645017623901 -0.3620733916759491
1.4931063652038574 -1.1485499143600464 -0.3623138666152954
1.5169429779052734 -1.1190595626831055 -0.362562894821167
1.5402376651763916 -1.089102029800415 -0.3628210723400116
1.5629791021347046 -1.0586879253387451 -0.36308902502059937
1.5851598978042603 -1.0278242826461792 -0.36336490511894226
1.6067702770233154 -0.996522068977356 -0.3636505603790283
1.6278045177459717 -0.9647892713546753 -0.363945335149765
1.6482501029968262 -0.932636559009552 -0.36424869298934937
1.6681026220321655 -0.9000712633132935 -0.3645617961883545
1.6873501539230347 -0.8671076893806458 -0.364882230758667
1.7059872150421143 -0.8337528705596924 -0.3652118146419525
1.7240041494369507 -0.800017237663269 -0.36555057764053345
1.741396427154541 -0.7659119963645935 -0.36589786410331726
1.7581515312194824 -0.7314475774765015 -0.36625248193740845
1.7742648124694824 -0.6966334581375122 -0.3666156232357025
1.7897295951843262 -0.6614823937416077 -0.366987943649292
1.804535150527954 -0.6260038614273071 -0.3673681914806366
1.818677306175232 -0.590211033821106 -0.3677551746368408
1.8321483135223389 -0.5541136264801025 -0.3681519031524658
1.844940423965454 -0.5177238583564758 -0.3685547113418579
1.8570482730865479 -0.48105329275131226 -0.3689654767513275
1.8684645891189575 -0.4441148340702057 -0.36938419938087463
1.8791835308074951 -0.4069175720214844 -0.3698108196258545
1.889197587966919 -0.3694770634174347 -0.3702447712421417
1.8985015153884888 -0.33180496096611023 -0.3706842362880707
1.9070903062820435 -0.2939130961894989 -0.3711322247982025
1.9149569272994995 -0.255815714597702 -0.3715863525867462
1.9220973253250122 -0.21752379834651947 -0.3720477521419525
1.9285043478012085 -0.17905013263225555 -0.3725152909755707
1.9341744184494019 -0.1404101550579071 -0.3729901611804962
1.939102053642273 -0.10161666572093964 -0.3734704852104187
1.943282961845398 -0.0626818835735321 -0.37395694851875305
1.9467123746871948 -0.023621978238224983 -0.37445011734962463
1.9493860006332397 0.015552520751953125 -0.37494876980781555
1.9513005018234253 0.054825134575366974 -0.37545230984687805
1.9524503946304321 0.0941830426454544 -0.3759637773036957
1.9528344869613647 0.13361023366451263 -0.3764776885509491
1.952447772026062 0.17309433221817017 -0.37699833512306213
1.9512873888015747 0.2126188576221466 -0.37752383947372437
1.9493521451950073 0.2521704137325287 -0.3780542314052582
1.9466365575790405 0.29173263907432556 -0.3785889148712158
1.9431408643722534 0.3312925696372986 -0.3791290521621704
1.9388622045516968 0.3708322048187256 -0.3796722888946533
1.9337981939315796 0.4103398025035858 -0.3802197575569153
1.9279488325119019 0.44979673624038696 -0.3807721436023712
1.9213122129440308 0.4891900420188904 -0.38132694363594055
1.913887858390808 0.528501570224762 -0.3818860352039337
1.9056733846664429 0.5677182078361511 -0.3824475407600403
1.8966710567474365 0.6068217158317566 -0.3830139636993408
1.8868780136108398 0.6457986235618591 -0.38358157873153687
1.876298427581787 0.6846299767494202 -0.3841528594493866
1.8649303913116455 0.7233021259307861 -0.38472720980644226
1.8527748584747314 0.7617974877357483 -0.3853009343147278
1.8398351669311523 0.8001006841659546 -0.38587895035743713
1.826111078262329 0.8381943106651306 -0.38645878434181213
1.8116044998168945 0.8760638236999512 -0.3870404362678528
1.7963192462921143 0.9136895537376404 -0.3876214921474457
1.780257225036621 0.9510591626167297 -0.38820621371269226
1.763421893119812 0.9881521463394165 -0.3887903094291687
1.7458150386810303 1.024954915046692 -0.3893750309944153
1.727443814277649 1.0614490509033203 -0.38995975255966187
1.708309292793274 1.0976194143295288 -0.39054569602012634
1.6884182691574097 1.133447527885437 -0.3911310136318207
1.667773723602295 1.1689189672470093 -0.39171573519706726
1.6463820934295654 1.2040148973464966 -0.3923010528087616
1.6242492198944092 1.2387207746505737 -0.39288395643234253
1.6013805866241455 1.2730189561843872 -0.3934674561023712
1.577783465385437 1.3068923950195312 -0.3940472900867462
1.553464651107788 1.3403267860412598 -0.3946271240711212
1.528430700302124 1.373302936553955 -0.3952051103115082
1.5026891231536865 1.4058070182800293 -0.3957800567150116
1.4762505292892456 1.4378212690353394 -0.39635440707206726
1.4491198062896729 1.4693304300308228 -0.3969244658946991
1.421309471130371 1.500317096710205 -0.3974927067756653
1.3928256034851074 1.5307683944702148 -0.3980572819709778
1.3636800050735474 1.5606646537780762 -0.3986169695854187
1.3338814973831177 1.5899937152862549 -0.3991754353046417
1.3034429550170898 1.6187376976013184 -0.39972904324531555
1.2723711729049683 1.6468833684921265 -0.40027835965156555
1.2406820058822632 1.6744128465652466 -0.4008233845233917
1.2083836793899536 1.7013142108917236 -0.40136295557022095
1.1754919290542603 1.7275696992874146 -0.4018988311290741
1.142014741897583 1.7531685829162598 -0.40242800116539
1.1079692840576172 1.7780930995941162 -0.4029529094696045
1.0733669996261597 1.8023308515548706 -0.4034704864025116
1.038222312927246 1.8258672952651978 -0.40398257970809937
1.0025484561920166 1.8486902713775635 -0.4044891595840454
0.9663610458374023 1.8707845211029053 -0.4049890339374542
0.9296724796295166 1.892139196395874 -0.4054809808731079
0.8925017714500427 1.9127401113510132 -0.40596744418144226
0.8548610806465149 1.932576060295105 -0.40644535422325134
0.8167696595191956 1.9516332149505615 -0.40691593289375305
0.7782406210899353 1.969902753829956 -0.4073779582977295
0.7392928600311279 1.9873713254928589 -0.4078332781791687
0.6999428868293762 2.004028081893921 -0.40828007459640503
0.6602078080177307 2.019861936569214 -0.4087182879447937
0.6201046109199524 2.034864664077759 -0.4091479778289795
0.579653263092041 2.049025297164917 -0.40956729650497437
0.5388696193695068 2.0623342990875244 -0.40997743606567383
0.4977743327617645 2.0747830867767334 -0.41037967801094055
0.4563842713832855 2.086362600326538 -0.41077089309692383
0.4147210419178009 2.0970659255981445 -0.41115236282348633
0.372801810503006 2.1068837642669678 -0.41152408719062805
0.3306465148925781 2.1158108711242676 -0.41188478469848633
0.28827574849128723 2.1238393783569336 -0.41223573684692383
0.24570953845977783 2.130963087081909 -0.4125763177871704
0.20296752452850342 2.137176513671875 -0.4129053056240082
0.16007187962532043 2.1424741744995117 -0.41322270035743713
0.11704040318727493 2.1468515396118164 -0.4135296940803528
0.07389525324106216 2.1503047943115234 -0.41382449865341187
0.030659325420856476 2.152830123901367 -0.41410893201828003
-0.012649387121200562 2.154423713684082 -0.4143805205821991
-0.056007083505392075 2.1550841331481934 -0.4146399199962616
-0.09939407557249069 2.1548073291778564 -0.4148877263069153
-0.14278747141361237 2.1535940170288086 -0.41512271761894226
-0.1861688196659088 2.151441812515259 -0.4153454899787903
-0.22951185703277588 2.148350715637207 -0.4155566692352295
-0.27279892563819885 2.1443207263946533 -0.4157538115978241
-0.3160061538219452 2.139352321624756 -0.41593998670578003
-0.3591136038303375 2.1334474086761475 -0.41611146926879883
-0.4020979106426239 2.1266074180603027 -0.41627079248428345
-0.4449397027492523 2.1188340187072754 -0.41641664505004883
-0.4876147210597992 2.11013126373291 -0.416548490524292
-0.530103325843811 2.100501775741577 -0.4166693389415741
-0.5723828077316284 2.0899498462677 -0.41677433252334595
-0.6144338846206665 2.078479766845703 -0.4168689250946045
-0.6562319993972778 2.0660974979400635 -0.4169476628303528
-0.6977598667144775 2.0528078079223633 -0.41701358556747437
-0.7389937043190002 2.0386173725128174 -0.4170660674571991
-0.7799147367477417 2.023533344268799 -0.41710513830184937
-0.8204996585845947 2.0075621604919434 -0.41713017225265503
-0.860730767250061 1.990712285041809 -0.4171411395072937
-0.9005858898162842 1.9729925394058228 -0.41714054346084595
-0.9400467872619629 1.9544099569320679 -0.41712528467178345
-0.9790910482406616 1.9349761009216309 -0.4170965850353241
-1.0177016258239746 1.9147006273269653 -0.41705387830734253
-1.0558581352233887 1.8935929536819458 -0.4169977009296417
-1.0935429334640503 1.8716633319854736 -0.4169287383556366
-1.1290860176086426 1.846228003501892 -0.4162372052669525
-1.1602600812911987 1.8141958713531494 -0.4141937494277954
-1.1906355619430542 1.7817082405090332 -0.4121606647968292
-1.2202109098434448 1.7487843036651611 -0.4101385772228241
-1.2489829063415527 1.7154470682144165 -0.4081293046474457
-1.2769519090652466 1.6817156076431274 -0.40613222122192383
-1.304115653038025 1.647613525390625 -0.40415042638778687
-1.3304738998413086 1.6131598949432373 -0.40218204259872437
-1.3560279607772827 1.5783761739730835 -0.40022891759872437
-1.3807783126831055 1.5432788133621216 -0.39829105138778687
-1.4047247171401978 1.507891297340393 -0.3963702619075775
-1.4278717041015625 1.472227931022644 -0.39446476101875305
-1.450217843055725 1.436312198638916 -0.39257878065109253
-1.4717680215835571 1.4001586437225342 -0.39070925116539
-1.492523193359375 1.363785982131958 -0.3888574540615082
-1.512487769126892 1.327214002609253 -0.3870263993740082
-1.5316648483276367 1.290454626083374 -0.3852136433124542
-1.5500569343566895 1.253530740737915 -0.3834204375743866
-1.5676689147949219 1.2164552211761475 -0.38164737820625305
-1.5845052003860474 1.179243803024292 -0.37989506125450134
-1.6005706787109375 1.141910433769226 -0.3781628906726837
-1.6158688068389893 1.1044741868972778 -0.3764526844024658
-1.6304059028625488 1.066946029663086 -0.3747638165950775
-1.6441847085952759 1.0293445587158203 -0.3730969727039337
-1.657213568687439 0.9916799068450928 -0.37145206332206726
-1.6694953441619873 0.9539682269096375 -0.3698285222053528
-1.6810379028320312 0.9162182211875916 -0.3682294189929962
-1.691845417022705 0.8784501552581787 -0.366652250289917
-1.7019240856170654 0.8406713008880615 -0.36509770154953003
-1.7112804651260376 0.8028927445411682 -0.36356693506240845
-1.7199199199676514 0.7651322484016418 -0.3620593547821045
-1.7278491258621216 0.7273971438407898 -0.36057499051094055
-1.7350741624832153 0.6896970868110657 -0.35911503434181213
-1.741601586341858 0.652049720287323 -0.357680082321167
-1.747437596321106 0.6144581437110901 -0.35626834630966187
-1.7525883913040161 0.5769376754760742 -0.35487979650497437
-1.7570605278015137 0.5394957065582275 -0.3535168766975403
-1.760860562324524 0.5021423101425171 -0.35217899084091187
-1.7639960050582886 0.46488919854164124 -0.3508636951446533
-1.7664713859558105 0.4277438223361969 -0.34957462549209595
-1.768295407295227 0.3907131850719452 -0.34830933809280396
-1.7694730758666992 0.3538118004798889 -0.3470703363418579
-1.7700119018554688 0.3170413076877594 -0.3458545207977295
-1.7699183225631714 0.28041428327560425 -0.3446643352508545
-1.7691981792449951 0.24393783509731293 -0.3434985876083374
-1.767858624458313 0.2076164186000824 -0.342360258102417
-1.765905737876892 0.17146286368370056 -0.3412439227104187
-1.763346552848816 0.1354820281267166 -0.3401544690132141
-1.7601864337921143 0.0996786504983902 -0.3390887975692749
-1.756433129310608 0.06406737864017487 -0.33804935216903687
-1.7520920038223267 0.028644103556871414 -0.33703553676605225
-1.7471697330474854 -0.006576232612133026 -0.3360455632209778
-1.741672396659851 -0.04159072786569595 -0.3350818157196045
-1.735606074333191 -0.07639358192682266 -0.3341425061225891
-1.7289773225784302 -0.11097640544176102 -0.3332287669181824
-1.7217916250228882 -0.1453346163034439 -0.3323395252227783
-1.7140554189682007 -0.17946410179138184 -0.33147644996643066
-1.7057747840881348 -0.21335601806640625 -0.33063721656799316
-1.6969555616378784 -0.2470063716173172 -0.32982486486434937
-1.6876028776168823 -0.2804124355316162 -0.32903629541397095
-1.6777241230010986 -0.3135630786418915 -0.3282739520072937
-1.667322039604187 -0.34645888209342957 -0.32753604650497437
-1.6564056873321533 -0.37909239530563354 -0.32682377099990845
-1.6449791193008423 -0.41145843267440796 -0.32613587379455566
-1.633046269416809 -0.44355344772338867 -0.32547247409820557
-1.620615839958191 -0.47537094354629517 -0.32483524084091187
-1.6076910495758057 -0.5069074630737305 -0.32422304153442383
-1.5942766666412354 -0.5381593108177185 -0.32363468408584595
-1.5803805589675903 -0.5691182017326355 -0.323073148727417
-1.566004753112793 -0.5997859239578247 -0.32253479957580566
-1.5511566400527954 -0.6301530599594116 -0.32202214002609253
-1.5358408689498901 -0.6602174043655396 -0.3215344548225403
-1.5200600624084473 -0.6899760365486145 -0.32107120752334595
-1.5038225650787354 -0.7194215059280396 -0.32063233852386475
-1.4871314764022827 -0.7485511898994446 -0.3202197551727295
-1.46999192237854 -0.7773618698120117 -0.3198315501213074
-1.4524074792861938 -0.8058497309684753 -0.31946778297424316
-1.4343847036361694 -0.8340089321136475 -0.31912845373153687
-1.4159280061721802 -0.861835777759552 -0.3188135027885437
-1.3970407247543335 -0.8893269300460815 -0.3185248374938965
-1.3777267932891846 -0.916480541229248 -0.3182598948478699
-1.3579926490783691 -0.9432883858680725 -0.31801944971084595
-1.3378429412841797 -0.969750165939331 -0.31780457496643066
-1.3172796964645386 -0.9958592057228088 -0.31761419773101807
-1.296307921409607 -1.0216151475906372 -0.3174469470977783
-1.2749332189559937 -1.0470112562179565 -0.31730717420578003
-1.2531592845916748 -1.0720432996749878 -0.31719058752059937
-1.2309894561767578 -1.096709132194519 -0.31709718704223633
-1.2084276676177979 -1.1210050582885742 -0.317030668258667
-1.1854796409606934 -1.1449247598648071 -0.3169873356819153
-1.1621497869491577 -1.1684659719467163 -0.31697022914886475
-1.1384397745132446 -1.1916242837905884 -0.3169763684272766
-1.1143543720245361 -1.2143968343734741 -0.31700748205184937
-1.0898994207382202 -1.2367780208587646 -0.31706303358078003
-1.065077304840088 -1.2587647438049316 -0.31714296340942383
-1.039892315864563 -1.2803516387939453 -0.31724798679351807
-1.0143474340438843 -1.301537275314331 -0.31737732887268066
-0.9884493350982666 -1.3223146200180054 -0.3175317645072937
-0.9621996879577637 -1.3426810503005981 -0.3177105784416199
-0.9356005191802979 -1.362633228302002 -0.31791383028030396
-0.9086614847183228 -1.382164478302002 -0.3181421160697937
-0.8813832402229309 -1.401270866394043 -0.31839603185653687
-0.8537697792053223 -1.4199488162994385 -0.3186725378036499
-0.8258232474327087 -1.4381953477859497 -0.31897586584091187
-0.7975518703460693 -1.456003189086914 -0.3193017840385437
-0.7689573764801025 -1.4733692407608032 -0.3196539878845215
-0.7400435209274292 -1.4902888536453247 -0.3200305700302124
-0.7108137607574463 -1.506758213043213 -0.320432186126709
-0.6812742948532104 -1.5227705240249634 -0.3208581805229187
-0.6514289975166321 -1.5383225679397583 -0.32131046056747437
-0.6212806701660156 -1.5534098148345947 -0.3217865228652954
-0.5908336043357849 -1.5680269002914429 -0.3222864270210266
-0.5600937008857727 -1.5821681022644043 -0.322812557220459
-0.5290641784667969 -1.5958292484283447 -0.3233630657196045
-0.4977487027645111 -1.6090058088302612 -0.32393860816955566
-0.46615278720855713 -1.6216920614242554 -0.3245404362678528
-0.43428313732147217 -1.633881688117981 -0.32516545057296753
-0.40214094519615173 -1.6455707550048828 -0.32581669092178345
-0.3697323501110077 -1.6567540168762207 -0.32649171352386475
-0.33706098794937134 -1.6674256324768066 -0.3271918296813965
-0.3041345179080963 -1.6775801181793213 -0.3279187083244324
-0.27095627784729004 -1.6872113943099976 -0.32866883277893066
-0.23753157258033752 -1.6963151693344116 -0.3294452428817749
-0.2038644403219223 -1.7048853635787964 -0.33024662733078003
-0.16996261477470398 -1.7129154205322266 -0.3310730457305908
-0.13583022356033325 -1.7204004526138306 -0.33192509412765503
-0.10147354006767273 -1.7273343801498413 -0.3328015208244324
-0.06689468771219254 -1.7337110042572021 -0.3337024450302124
-0.03210556507110596 -1.7395246028900146 -0.33462953567504883
0.0028909295797348022 -1.7447690963745117 -0.33558231592178345
0.03808700293302536 -1.7494382858276367 -0.33655887842178345
0.07348022609949112 -1.753527045249939 -0.3375622630119324
0.10905959457159042 -1.7570277452468872 -0.338590145111084
0.14481902122497559 -1.7599345445632935 -0.33964234590530396
0.18075454235076904 -1.7622416019439697 -0.3407208323478699
0.21685746312141418 -1.7639429569244385 -0.3418237566947937
0.2531189024448395 -1.7650315761566162 -0.34295105934143066
0.28953200578689575 -1.7655009031295776 -0.34410524368286133
0.3260906934738159 -1.7653459310531616 -0.3452832102775574
0.3627856373786926 -1.7645585536956787 -0.3464868664741516
0.3996102809906006 -1.7631330490112305 -0.3477136492729187
0.43655332922935486 -1.7610636949539185 -0.34896790981292725
0.47360900044441223 -1.758342981338501 -0.35024601221084595
0.5107647180557251 -1.7549647092819214 -0.35154789686203003
0.5480135679244995 -1.7509229183197021 -0.35287418961524963
0.5853469371795654 -1.746211051940918 -0.3542267084121704
0.62275630235672 -1.7408219575881958 -0.35560184717178345
0.6602282524108887 -1.734750747680664 -0.3570025861263275
0.6977523565292358 -1.7279902696609497 -0.3584277629852295
0.7340270280838013 -1.7175068855285645 -0.3592419922351837
0.7684170007705688 -1.702393651008606 -0.3592407703399658
0.8025164604187012 -1.6866401433944702 -0.3592505156993866
0.8363174200057983 -1.670250415802002 -0.3592694401741028
0.86980801820755 -1.6532304286956787 -0.3592999577522278
0.9029799699783325 -1.6355830430984497 -0.35933902859687805
0.9358174800872803 -1.6173169612884521 -0.359389066696167
0.9683126211166382 -1.5984361171722412 -0.35944828391075134
1.0004546642303467 -1.5789453983306885 -0.3595166504383087
1.0322353839874268 -1.5588520765304565 -0.3595978021621704
1.0636401176452637 -1.538162350654602 -0.35968753695487976
1.0946599245071411 -1.5168812274932861 -0.35978642106056213
1.1252856254577637 -1.4950165748596191 -0.3598962724208832
1.1555078029632568 -1.4725728034973145 -0.36001530289649963
1.1853121519088745 -1.4495584964752197 -0.3601458966732025
1.214693546295166 -1.4259815216064453 -0.36028507351875305
1.243638277053833 -1.4018455743789673 -0.36043521761894226
1.2721405029296875 -1.377158284187317 -0.3605920672416687
1.300185203552246 -1.351929783821106 -0.3607611358165741
1.327765703201294 -1.3261653184890747 -0.3609393537044525
1.3548721075057983 -1.2998738288879395 -0.361128568649292
1.3814949989318848 -1.2730594873428345 -0.3613257110118866
1.4076241254806519 -1.2457352876663208 -0.36153385043144226
1.4332491159439087 -1.2179063558578491 -0.3617492914199829
1.4583632946014404 -1.1895813941955566 -0.36197635531425476
1.482957124710083 -1.1607673168182373 -0.3622119426727295
1.507019281387329 -1.1314759254455566 -0.36245670914649963
1.5305407047271729 -1.1017128229141235 -0.36271122097969055
1.5535149574279785 -1.071489691734314 -0.36297550797462463
1.5759328603744507 -1.0408128499984741 -0.3632470965385437
1.5977840423583984 -1.0096937417984009 -0.3635297119617462
1.6190600395202637 -0.9781394600868225 -0.3638208210468292
1.639752745628357 -0.946162223815918 -0.36411991715431213
1.659855604171753 -0.913768470287323 -0.3644287586212158
1.6793569326400757 -0.8809705972671509 -0.36474674940109253
1.6982522010803223 -0.8477796912193298 -0.36507266759872437
1.7165300846099854 -0.8142002820968628 -0.3654077351093292
1.7341845035552979 -0.7802488803863525 -0.3657507598400116
1.7512072324752808 -0.7459336519241333 -0.366102933883667
1.1021685600280762 1.4517083168029785 -0.3987024128437042
1.074023723602295 1.4753276109695435 -0.3991754353046417
1.045363426208496 1.4983844757080078 -0.3996441960334778
1.0161974430084229 1.5208672285079956 -0.40010806918144226
0.9865376949310303 1.5427639484405518 -0.4005676507949829
0.9563961029052734 1.5640621185302734 -0.40102052688598633
0.9257845878601074 1.5847505331039429 -0.40146976709365845
0.8947142958641052 1.6048171520233154 -0.4019128680229187
0.8631988167762756 1.6242523193359375 -0.40235111117362976
0.8312520980834961 1.643043041229248 -0.40278202295303345
0.7988848686218262 1.6611799001693726 -0.4032074213027954
0.7661123275756836 1.6786526441574097 -0.4036267399787903
0.7329476475715637 1.6954506635665894 -0.4040399491786957
0.6994051933288574 1.711564302444458 -0.40444523096084595
0.6655001640319824 1.7269835472106934 -0.4048437774181366
0.6312453746795654 1.7417011260986328 -0.40523561835289
0.5966570377349854 1.75570547580719 -0.40561893582344055
0.5617498159408569 1.7689892053604126 -0.4059961140155792
0.5265395641326904 1.7815450429916382 -0.40636417269706726
0.49104127287864685 1.7933635711669922 -0.4067254960536957
0.45527204871177673 1.8044382333755493 -0.4070770740509033
0.419246643781662 1.8147608041763306 -0.40742191672325134
0.38298264145851135 1.8243266344070435 -0.40775761008262634
0.3464944362640381 1.833127737045288 -0.4080841541290283
0.3098016381263733 1.8411579132080078 -0.40840214490890503
0.27291929721832275 1.8484116792678833 -0.40871095657348633
0.23586562275886536 1.8548848628997803 -0.409010648727417
0.1986570656299591 1.8605715036392212 -0.4093005657196045
0.16131073236465454 1.865468144416809 -0.40958070755004883
0.12384521216154099 1.8695701360702515 -0.40985172986984253
0.08627807348966599 1.8728737831115723 -0.4101117253303528
0.048627011477947235 1.875376582145691 -0.41036257147789
0.010909117758274078 1.8770755529403687 -0.4106042683124542
-0.02685593068599701 1.877968430519104 -0.41083377599716187
-0.06465119123458862 1.8780535459518433 -0.4110541045665741
-0.10245819389820099 1.8773294687271118 -0.4112640619277954
-0.14025771617889404 1.8757952451705933 -0.4114624261856079
-0.1780337542295456 1.8734514713287354 -0.4116504192352295
-0.21576538681983948 1.8702960014343262 -0.41182741522789
-0.2534353733062744 1.866331696510315 -0.41199466586112976
-0.29102540016174316 1.8615576028823853 -0.4121490716934204
-0.32851746678352356 1.855975866317749 -0.41229313611984253
-0.3658921718597412 1.849588394165039 -0.41242435574531555
-0.4031323194503784 1.8423986434936523 -0.4125458002090454
-0.44021910429000854 1.8344073295593262 -0.4126562774181366
-0.47713392972946167 1.825618863105774 -0.41275453567504883
-0.51385897397995 1.8160374164581299 -0.41284123063087463
-0.5503758192062378 1.805665373802185 -0.412916898727417
-0.5866662859916687 1.7945090532302856 -0.4129803776741028
-0.6227146983146667 1.7825727462768555 -0.4130328595638275
-0.6585008502006531 1.7698627710342407 -0.4130731523036957
-0.6940075755119324 1.7563841342926025 -0.41310063004493713
-0.7292183041572571 1.7421441078186035 -0.4131177067756653
-0.7641154527664185 1.727149486541748 -0.41312381625175476
-0.7986813187599182 1.7114074230194092 -0.4131177067756653
-0.8328999280929565 1.69492506980896 -0.413100004196167
-0.8667542934417725 1.6777117252349854 -0.41307011246681213
-0.9002267718315125 1.6597750186920166 -0.4130280017852783
-0.9333024024963379 1.641123652458191 -0.41297489404678345
-0.9659655094146729 1.621768593788147 -0.41291019320487976
-0.9972803592681885 1.6002440452575684 -0.4124530255794525
-1.0248446464538574 1.5730879306793213 -0.4106842279434204
-1.0517410039901733 1.5455018281936646 -0.4089227616786957
-1.0779657363891602 1.5175031423568726 -0.40716981887817383
-1.1035155057907104 1.4891095161437988 -0.4054248332977295
-1.1283881664276123 1.4603387117385864 -0.4036889970302582
-1.1525797843933105 1.4312087297439575 -0.40196293592453003
-1.176089882850647 1.4017369747161865 -0.40024906396865845
-1.198918342590332 1.371937870979309 -0.3985455632209778
-1.2210613489151 1.3418316841125488 -0.39685487747192383
-1.2425200939178467 1.3114334344863892 -0.3951752185821533
-1.2632930278778076 1.280759572982788 -0.39350956678390503
-1.283382773399353 1.2498252391815186 -0.39185795187950134
-1.3027868270874023 1.218647837638855 -0.39021915197372437
-1.3215084075927734 1.1872402429580688 -0.388594388961792
-1.3395471572875977 1.1556198596954346 -0.38698610663414
-1.3569053411483765 1.1238011121749878 -0.3853924870491028
-1.3735846281051636 1.091797947883606 -0.38381412625312805
-1.3895858526229858 1.0596263408660889 -0.3822534382343292
-1.4049131870269775 1.0272979736328125 -0.3807080388069153
-1.4195672273635864 0.9948285222053528 -0.37918034195899963
-1.4335522651672363 0.9622317552566528 -0.377669095993042
-1.4468700885772705 0.9295183420181274 -0.3761761784553528
-1.4595245122909546 0.89670330286026 -0.37470218539237976
-1.471519112586975 0.8638004064559937 -0.37324467301368713
-1.4828563928604126 0.830819308757782 -0.37180545926094055
-1.4935412406921387 0.7977735996246338 -0.37038761377334595
-1.5035761594772339 0.7646759152412415 -0.3689868450164795
-1.5129667520523071 0.7315359115600586 -0.36760562658309937
-1.5217163562774658 0.6983662247657776 -0.3662445545196533
-1.5298283100128174 0.6651783585548401 -0.3649030029773712
-1.5373083353042603 0.6319817900657654 -0.36358097195625305
-1.5441604852676392 0.5987873673439026 -0.36228030920028687
-1.5503896474838257 0.5656068325042725 -0.3610003888607025
-1.5559991598129272 0.5324499607086182 -0.3597400188446045
-1.5609958171844482 0.4993235766887665 -0.35849979519844055
-1.565382719039917 0.4662414491176605 -0.35728153586387634
-1.569165587425232 0.4332101345062256 -0.3560846149921417
-1.5723496675491333 0.4002397060394287 -0.3549084961414337
-1.5749391317367554 0.367340087890625 -0.353752464056015
-1.5769391059875488 0.3345191776752472 -0.3526196777820587
-1.5783549547195435 0.3017832934856415 -0.35150760412216187
-1.5791919231414795 0.269144743680954 -0.35041874647140503
-1.5794548988342285 0.23660872876644135 -0.34935063123703003
-1.5791497230529785 0.2041856348514557 -0.34830325841903687
-1.5782804489135742 0.1718803346157074 -0.34727907180786133
-1.5768530368804932 0.13970230519771576 -0.3462756872177124
-1.5748722553253174 0.10765639692544937 -0.34529542922973633
-1.5723434686660767 0.07575393468141556 -0.3443371653556824
-1.5692718029022217 0.04399856552481651 -0.34340155124664307
-1.5656635761260986 0.01239852886646986 -0.34248781204223633
-1.5615222454071045 -0.019040068611502647 -0.341597318649292
-1.5568535327911377 -0.05030990391969681 -0.34072816371917725
-1.5516624450683594 -0.08140578866004944 -0.3398822546005249
-1.5459555387496948 -0.11232009530067444 -0.3390582799911499
-1.539736032485962 -0.14304779469966888 -0.33825623989105225
-1.533009648323059 -0.17358306050300598 -0.337477445602417
-1.5257821083068848 -0.20391845703125 -0.33672183752059937
-1.5180575847625732 -0.23404982686042786 -0.33598756790161133
-1.5098415613174438 -0.2639707922935486 -0.33527588844299316
-1.5011398792266846 -0.29367583990097046 -0.3345886468887329
-1.4919557571411133 -0.3231603801250458 -0.3339221477508545
-1.4822947978973389 -0.35241836309432983 -0.3332788348197937
-1.4721627235412598 -0.38144439458847046 -0.33265936374664307
-1.461562991142273 -0.4102342128753662 -0.3320605754852295
-1.4505014419555664 -0.4387824833393097 -0.33148622512817383
-1.4389827251434326 -0.46708327531814575 -0.3309338688850403
-1.4270117282867432 -0.4951328933238983 -0.33040469884872437
-1.4145922660827637 -0.5229274034500122 -0.32989752292633057
-1.4017300605773926 -0.5504597425460815 -0.32941287755966187
-1.3884294033050537 -0.577727198600769 -0.3289520740509033
-1.3746942281723022 -0.6047242879867554 -0.32851260900497437
-1.3605307340621948 -0.631446361541748 -0.32809698581695557
-1.3459423780441284 -0.6578889489173889 -0.32770389318466187
-1.3309333324432373 -0.6840491890907288 -0.32733404636383057
-1.315508246421814 -0.7099207639694214 -0.3269861340522766
-1.2996724843978882 -0.7354996800422668 -0.32666081190109253
-1.2834292650222778 -0.7607825994491577 -0.3263580799102783
-1.2667839527130127 -0.7857649326324463 -0.3260791301727295
-1.249740719795227 -0.8104417324066162 -0.32582157850265503
-1.2323027849197388 -0.834809422492981 -0.32558655738830566
-1.2144761085510254 -0.8588642477989197 -0.325376033782959
-1.196264386177063 -0.8826011419296265 -0.3251873850822449
-1.1776713132858276 -0.9060166478157043 -0.3250213861465454
-1.1587014198303223 -0.9291062951087952 -0.32487738132476807
-1.139359712600708 -0.9518659710884094 -0.32475709915161133
-1.1196485757827759 -0.9742920994758606 -0.3246588706970215
-1.0995739698410034 -0.9963801503181458 -0.3245837688446045
-1.0791393518447876 -1.0181251764297485 -0.3245312571525574
-1.0583488941192627 -1.0395249128341675 -0.3245007395744324
-1.0372071266174316 -1.0605751276016235 -0.32449406385421753
-1.0157171487808228 -1.0812702178955078 -0.32450932264328003
-0.9938840270042419 -1.1016072034835815 -0.3245471715927124
-0.9717116355895996 -1.1215811967849731 -0.3246075510978699
-0.9492050409317017 -1.1411890983581543 -0.32469117641448975
-0.9263662099838257 -1.1604264974594116 -0.3247973918914795
-0.9032012224197388 -1.1792891025543213 -0.32492679357528687
-0.8797136545181274 -1.1977723836898804 -0.32507753372192383
-0.8559063673019409 -1.2158734798431396 -0.32525211572647095
-0.8317856788635254 -1.2335861921310425 -0.32544922828674316
-0.8073552250862122 -1.2509080171585083 -0.32566899061203003
-0.7826178073883057 -1.2678343057632446 -0.32591187953948975
-0.7575792074203491 -1.2843595743179321 -0.3261774182319641
-0.732243537902832 -1.3004820346832275 -0.3264648914337158
-0.7066128849983215 -1.3161954879760742 -0.3267749547958374
-0.680695652961731 -1.331495761871338 -0.3271082043647766
-0.6544932723045349 -1.3463785648345947 -0.32746464014053345
-0.6280094981193542 -1.360840916633606 -0.3278430700302124
-0.6012523174285889 -1.3748762607574463 -0.3282434344291687
-0.5742231607437134 -1.3884812593460083 -0.3286682367324829
-0.5469265580177307 -1.4016517400741577 -0.329115629196167
-0.51936936378479 -1.4143824577331543 -0.32958561182022095
-0.49155470728874207 -1.4266687631607056 -0.33007752895355225
-0.46348586678504944 -1.438506841659546 -0.33059269189834595
-0.4351707398891449 -1.4498908519744873 -0.33113038539886475
-0.40661269426345825 -1.4608176946640015 -0.33169007301330566
-0.3778162896633148 -1.471281886100769 -0.3322741985321045
-0.3487869203090668 -1.4812785387039185 -0.3328796625137329
-0.3195306360721588 -1.4908027648925781 -0.3335089683532715
-0.29005080461502075 -1.4998506307601929 -0.3341602087020874
-0.26035431027412415 -1.508415937423706 -0.33483338356018066
-0.2304460108280182 -1.5164945125579834 -0.3355310559272766
-0.2003321796655655 -1.5240824222564697 -0.3362500071525574
-0.17001557350158691 -1.5311734676361084 -0.3369916081428528
-0.13950562477111816 -1.5377634763717651 -0.33775579929351807
-0.10880646109580994 -1.543846845626831 -0.33854252099990845
-0.07792206108570099 -1.5494188070297241 -0.3393518328666687
-0.046862490475177765 -1.5544745922088623 -0.3401849865913391
-0.0156320258975029 -1.5590085983276367 -0.3410394787788391
0.01576293259859085 -1.5630158185958862 -0.3419153094291687
0.047317035496234894 -1.5664926767349243 -0.34281498193740845
0.07902144640684128 -1.5694328546524048 -0.3437359929084778
0.11087096482515335 -1.5718305110931396 -0.34468019008636475
0.14285659790039062 -1.5736814737319946 -0.3456476330757141
0.1749742031097412 -1.574980616569519 -0.3466351628303528
0.20721420645713806 -1.57572340965271 -0.34764528274536133
0.2395687997341156 -1.5759037733078003 -0.34867799282073975
0.27203261852264404 -1.5755164623260498 -0.3497326970100403
0.30459609627723694 -1.5745576620101929 -0.3508087396621704
0.3372505009174347 -1.5730220079421997 -0.3519061505794525
0.3699877858161926 -1.570904016494751 -0.35302677750587463
0.4028032124042511 -1.568198323249817 -0.35416752099990845
0.43568435311317444 -1.5649009943008423 -0.3553290069103241
0.4686224162578583 -1.5610063076019287 -0.35651370882987976
0.5016082525253296 -1.556510090827942 -0.357719749212265
0.5346353054046631 -1.5514066219329834 -0.3589441180229187
0.5676916241645813 -1.5456925630569458 -0.36019167304039
0.6007668375968933 -1.5393625497817993 -0.3614593744277954
0.6330388784408569 -1.5304447412490845 -0.3622821271419525
0.6636782288551331 -1.5173795223236084 -0.3622754216194153
0.6940639615058899 -1.5037381649017334 -0.3622796833515167
0.7241879105567932 -1.4895265102386475 -0.3622919023036957
0.7540392875671387 -1.4747477769851685 -0.36231204867362976
0.7836095690727234 -1.459406852722168 -0.36234256625175476
0.8128875494003296 -1.4435089826583862 -0.36238163709640503
0.8418636918067932 -1.4270594120025635 -0.3624298572540283
0.8705291152000427 -1.4100632667541504 -0.36248722672462463
0.8988735675811768 -1.3925254344940186 -0.3625519275665283
0.9268871545791626 -1.3744508028030396 -0.3626275956630707
0.9545601606369019 -1.3558470010757446 -0.36271122097969055
0.9818841218948364 -1.3367191553115845 -0.36280399560928345
1.00885009765625 -1.3170719146728516 -0.36290591955184937
1.0354485511779785 -1.2969117164611816 -0.36301639676094055
1.0616686344146729 -1.276246428489685 -0.36313602328300476
1.0875033140182495 -1.2550806999206543 -0.3632635772228241
1.112942099571228 -1.2334223985671997 -0.3634009063243866
1.1379776000976562 -1.2112772464752197 -0.36354678869247437
1.1625988483428955 -1.1886518001556396 -0.363701194524765
1.1867998838424683 -1.1655536890029907 -0.3638635575771332
1.2105703353881836 -1.141989827156067 -0.36403629183769226
1.233901023864746 -1.1179667711257935 -0.3642151355743408
1.2567843198776245 -1.0934938192367554 -0.3644043207168579
1.279212236404419 -1.0685762166976929 -0.36460086703300476
1.3011751174926758 -1.0432233810424805 -0.36480656266212463
1.3226665258407593 -1.017440915107727 -0.36502140760421753
1.343677043914795 -0.991240382194519 -0.3652435541152954
1.3642001152038574 -0.9646256566047668 -0.36547306180000305
1.3842259645462036 -0.937609076499939 -0.3657129108905792
1.403747797012329 -0.9101954698562622 -0.365959495306015
1.4227575063705444 -0.8823966979980469 -0.3662140369415283
1.4412480592727661 -0.8542182445526123 -0.36647647619247437
1.4592117071151733 -0.8256714940071106 -0.3667474687099457
1.4766408205032349 -0.7967634201049805 -0.36702579259872437
1.4935293197631836 -0.7675056457519531 -0.3673120439052582
1.5098683834075928 -0.7379050850868225 -0.36760562658309937
1.5256524085998535 -0.7079731822013855 -0.3679071366786957
1.5408740043640137 -0.6777167916297913 -0.36821597814559937
1.5555269718170166 -0.6471495032310486 -0.3685327470302582
1.5696038007736206 -0.616277277469635 -0.3688562214374542
1.5830984115600586 -0.5851115584373474 -0.36918705701828003
1.596004843711853 -0.5536634922027588 -0.3695245683193207
1.6083157062530518 -0.5219429135322571 -0.3698694109916687
1.6200268268585205 -0.48995956778526306 -0.370222806930542
1.6311315298080444 -0.4577251970767975 -0.3705804646015167
1.6416234970092773 -0.4252488613128662 -0.3709454834461212
1.6514980792999268 -0.3925442397594452 -0.37131717801094055
1.6607497930526733 -0.3596183657646179 -0.371696799993515
1.6693724393844604 -0.32648468017578125 -0.37208133935928345
1.677362322807312 -0.2931562662124634 -0.3724725544452667
1.684713363647461 -0.2596415579319 -0.37286990880966187
1.691421389579773 -0.22595398128032684 -0.3732733428478241
1.6974819898605347 -0.19210387766361237 -0.3736816644668579
1.7028908729553223 -0.15810394287109375 -0.3740973174571991
1.7076427936553955 -0.12396544963121414 -0.37451785802841187
1.7117351293563843 -0.08970183879137039 -0.3749432861804962
1.7151634693145752 -0.055324096232652664 -0.3753741681575775
1.717923879623413 -0.020845184102654457 -0.3758111894130707
1.7200149297714233 0.013722991570830345 -0.3762524724006653
1.7214314937591553 0.04836639389395714 -0.37669986486434937
1.7221705913543701 0.0830746442079544 -0.377150297164917
1.7222307920455933 0.11783233284950256 -0.37760624289512634
1.721609115600586 0.15262924134731293 -0.37806645035743713
1.720302939414978 0.18744918704032898 -0.37853091955184937
1.7183098793029785 0.22228209674358368 -0.3790002763271332
1.7156288623809814 0.2571127116680145 -0.3794720768928528
1.7122594118118286 0.2919282615184784 -0.3799493610858917
1.708196997642517 0.32671478390693665 -0.3804297149181366
1.7034438848495483 0.36145979166030884 -0.38091251254081726
1.6979979276657104 0.39614835381507874 -0.38139957189559937
1.6918575763702393 0.43076780438423157 -0.38188907504081726
1.685024619102478 0.4653031826019287 -0.3823816180229187
1.6774981021881104 0.49974241852760315 -0.3828778564929962
1.6692769527435303 0.5340693593025208 -0.383375883102417
1.6603646278381348 0.568272054195404 -0.38387516140937805
1.6507588624954224 0.60233473777771 -0.38437870144844055
1.6404634714126587 0.6362438797950745 -0.38488346338272095
1.6294775009155273 0.6699848771095276 -0.385390043258667
1.617804765701294 0.7035450339317322 -0.3858978748321533
1.6054457426071167 0.7369080781936646 -0.3864074945449829
1.592403531074524 0.770061194896698 -0.38691776990890503
1.578680396080017 0.8029887080192566 -0.3874298334121704
1.5642788410186768 0.8356781005859375 -0.3879419267177582
1.549202799797058 0.8681125640869141 -0.3884546160697937
1.5334551334381104 0.9002800583839417 -0.38896793127059937
1.5170409679412842 0.9321643710136414 -0.38948124647140503
1.4999620914459229 0.9637531638145447 -0.38999515771865845
1.4822264909744263 0.9950294494628906 -0.39050906896591187
1.4638357162475586 1.0259816646575928 -0.39102116227149963
1.4447964429855347 1.0565935373306274 -0.391533225774765
1.4251134395599365 1.0868513584136963 -0.39204472303390503
1.404793620109558 1.1167420148849487 -0.39255496859550476
1.3838427066802979 1.1462496519088745 -0.3930627703666687
1.3622665405273438 1.1753607988357544 -0.39356938004493713
1.3400726318359375 1.20406174659729 -0.3940747380256653
1.317266821861267 1.2323389053344727 -0.39457768201828003
1.293858289718628 1.2601776123046875 -0.3950793743133545
1.26985502243042 1.2875646352767944 -0.3955768048763275
1.2452635765075684 1.314485788345337 -0.3960736393928528
1.2200936079025269 1.3409290313720703 -0.3965661823749542
1.1943535804748535 1.3668792247772217 -0.39705508947372437
1.1680526733398438 1.392324686050415 -0.39754152297973633
1.1412005424499512 1.4172509908676147 -0.398024320602417
1.113806962966919 1.4416457414627075 -0.39850282669067383
1.0858821868896484 1.4654967784881592 -0.39897769689559937
1.057436466217041 1.4887911081314087 -0.3994476795196533
1.028481125831604 1.511515736579895 -0.39991459250450134
0.9990267753601074 1.5336599349975586 -0.40037602186203003
0.9690859317779541 1.555209755897522 -0.4008307158946991
0.9386696815490723 1.5761550664901733 -0.40128299593925476
0.9077911376953125 1.5964837074279785 -0.40172794461250305
0.8764598965644836 1.6161844730377197 -0.4021686017513275
0.8446929454803467 1.635246753692627 -0.402601957321167
0.8124993443489075 1.6536599397659302 -0.40302982926368713
0.7798961997032166 1.671411395072937 -0.4034515619277954
0.746893584728241 1.6884934902191162 -0.4038672149181366
0.7135082483291626 1.7048951387405396 -0.40427616238594055
0.6797530651092529 1.7206072807312012 -0.404677152633667
0.6456429362297058 1.735619068145752 -0.40507206320762634
0.6111922860145569 1.7499234676361084 -0.4054590165615082
0.5764172077178955 1.7635103464126587 -0.40583866834640503
0.5413317680358887 1.7763720750808716 -0.40621158480644226
0.5059527158737183 1.788500428199768 -0.4065759479999542
0.4702945053577423 1.799888014793396 -0.40693119168281555
0.434375137090683 1.8105264902114868 -0.40727847814559937
0.39820876717567444 1.820410132408142 -0.4076172113418579
0.36181318759918213 1.8295320272445679 -0.40794801712036133
0.325203537940979 1.8378863334655762 -0.40827029943466187
0.2883988916873932 1.8454662561416626 -0.4085821807384491
0.25141432881355286 1.8522672653198242 -0.40888553857803345
0.21426880359649658 1.8582841157913208 -0.40918034315109253
0.17697769403457642 1.863512396812439 -0.40946415066719055
0.13956069946289062 1.867948055267334 -0.40973880887031555
0.10203368216753006 1.8715866804122925 -0.41000431776046753
0.06441511958837509 1.8744256496429443 -0.41026005148887634
0.026723168790340424 1.8764612674713135 -0.41050419211387634
-0.011024326086044312 1.8776925802230835 -0.4107391834259033
-0.04880905523896217 1.8781167268753052 -0.410963773727417
-0.08661361783742905 1.8777315616607666 -0.411177396774292
-0.12441787868738174 1.8765370845794678 -0.4113800525665283
-0.1622067242860794 1.8745325803756714 -0.4115729033946991
-0.1999589502811432 1.8717174530029297 -0.41175541281700134
-0.23765763640403748 1.8680919408798218 -0.4119250774383545
-0.2752822935581207 1.863656759262085 -0.41208499670028687
-0.3128184378147125 1.8584133386611938 -0.4122339189052582
-0.3502441346645355 1.852364182472229 -0.4123712480068207
-0.38754361867904663 1.8455092906951904 -0.41249698400497437
-0.4246958792209625 1.8378535509109497 -0.412611722946167
-0.46168532967567444 1.8293986320495605 -0.41271427273750305
-0.498491495847702 1.8201488256454468 -0.41280704736709595
-0.535098135471344 1.810107707977295 -0.412886381149292
-0.5714858770370483 1.799280047416687 -0.41295596957206726
-0.6076382398605347 1.7876697778701782 -0.4130127429962158
-0.6435360908508301 1.7752832174301147 -0.4130566716194153
-0.6791624426841736 1.762126088142395 -0.4130914509296417
-0.7144985795021057 1.7482041120529175 -0.4131128191947937
-0.7495301961898804 1.7335259914398193 -0.41312259435653687
-0.7842363119125366 1.718095302581787 -0.4131219685077667
-0.8186029195785522 1.701922059059143 -0.41310855746269226
-0.8526110649108887 1.685014009475708 -0.4130835235118866
-0.8862457275390625 1.6673797369003296 -0.41304630041122437
-0.9194892644882202 1.6490271091461182 -0.41299867630004883
-0.9523274898529053 1.6299651861190796 -0.4129388630390167
-0.9847424626350403 1.610205054283142 -0.41286686062812805
-1.0133732557296753 1.5845224857330322 -0.4114252030849457
-1.0405502319335938 1.5571142435073853 -0.409660667181015
-1.0670567750930786 1.5292867422103882 -0.4079034626483917
-1.0928891897201538 1.5010566711425781 -0.40615421533584595
-1.118046760559082 1.4724410772323608 -0.40441471338272095
-1.142524003982544 1.4434597492218018 -0.40268558263778687
-1.1663204431533813 1.4141286611557007 -0.40096622705459595
-1.1894338130950928 1.3844653367996216 -0.3992578387260437
-1.2118645906448364 1.354486107826233 -0.3975616693496704
-1.2336095571517944 1.32420814037323 -0.3958771228790283
-1.2546712160110474 1.2936474084854126 -0.39420536160469055
-1.2750465869903564 1.2628203630447388 -0.39254826307296753
-1.2947382926940918 1.2317426204681396 -0.3909039795398712
-1.3137458562850952 1.20042884349823 -0.38927310705184937
-1.3320703506469727 1.1688969135284424 -0.3876587152481079
-1.3497140407562256 1.1371585130691528 -0.38605716824531555
-1.366676926612854 1.105231761932373 -0.384474515914917
-1.3829619884490967 1.0731290578842163 -0.3829053044319153
-1.3985711336135864 1.0408644676208496 -0.38135379552841187
-1.4135078191757202 1.00845205783844 -0.3798181414604187
-1.4277726411819458 0.9759078025817871 -0.3783014118671417
-1.4413702487945557 0.9432407021522522 -0.37679997086524963
-1.4543017148971558 0.9104679822921753 -0.37531742453575134
-1.4665721654891968 0.877600371837616 -0.37385258078575134
-1.4781843423843384 0.8446503281593323 -0.3724072575569153
-1.4891430139541626 0.8116300702095032 -0.3709796369075775
-1.4994491338729858 0.7785530090332031 -0.3695709705352783
-1.5091094970703125 0.7454298138618469 -0.3681817948818207
-1.5181269645690918 0.7122699022293091 -0.36681216955184937
-1.526505708694458 0.6790884137153625 -0.36546269059181213
-1.5342501401901245 0.6458947658538818 -0.3641321063041687
-1.5413650274276733 0.612697422504425 -0.36282414197921753
-1.5478546619415283 0.5795117020606995 -0.36153385043144226
-1.5537230968475342 0.5463413596153259 -0.3602655231952667
-1.558976173400879 0.5132020711898804 -0.3590167462825775
-1.5636179447174072 0.48010024428367615 -0.3577905595302582
-1.5676535367965698 0.4470452666282654 -0.35658329725265503
-1.5710878372192383 0.4140492081642151 -0.35539859533309937
-1.5739257335662842 0.3811192214488983 -0.3542352616786957
-1.576172113418579 0.34826263785362244 -0.3530927002429962
-1.5778323411941528 0.3154926896095276 -0.35197147727012634
-1.5789114236831665 0.2828117311000824 -0.35087284445762634
-1.5794148445129395 0.2502317726612091 -0.34979498386383057
-1.5793468952178955 0.2177606225013733 -0.34873902797698975
-1.578713059425354 0.185402974486351 -0.34770631790161133
-1.5775189399719238 0.15317122638225555 -0.346693754196167
-1.575769066810608 0.12107039988040924 -0.34570378065109253
-1.573469638824463 0.08910492062568665 -0.34473633766174316
-1.5706255435943604 0.057289883494377136 -0.34379154443740845
-1.5672410726547241 0.025621643289923668 -0.3428680896759033
-1.5633223056793213 -0.005884399171918631 -0.34196722507476807
-1.5588743686676025 -0.03722503408789635 -0.34108948707580566
-1.5539017915725708 -0.06839584559202194 -0.3402343988418579
-1.5484097003936768 -0.09938643872737885 -0.33940064907073975
-1.5424041748046875 -0.13019241392612457 -0.3385888934135437
-1.5358902215957642 -0.1608099341392517 -0.33780157566070557
-1.5288722515106201 -0.19122909009456635 -0.3370349407196045
-1.521355390548706 -0.22144606709480286 -0.33629274368286133
-1.513344407081604 -0.25145813822746277 -0.33557194471359253
-1.504846215248108 -0.28125229477882385 -0.33487367630004883
-1.4958627223968506 -0.3108309805393219 -0.33419865369796753
-1.4864013195037842 -0.3401844799518585 -0.33354616165161133
-1.4764660596847534 -0.36930814385414124 -0.33291691541671753
-1.4660617113113403 -0.39819884300231934 -0.33230841159820557
-1.455193042755127 -0.4268481433391571 -0.3317248821258545
-1.4438656568527222 -0.45525282621383667 -0.3311627507209778
-1.4320834875106812 -0.48341017961502075 -0.3306238055229187
-1.4198514223098755 -0.5113096237182617 -0.3301074504852295
-1.4071743488311768 -0.5389533638954163 -0.3296130895614624
-1.394057035446167 -0.5663319230079651 -0.32914310693740845
-1.380503535270691 -0.593441903591156 -0.3286951184272766
-1.3665181398391724 -0.6202815175056458 -0.32826846837997437
-1.352107048034668 -0.6468415856361389 -0.32786625623703003
-1.337274193763733 -0.6731205582618713 -0.3274853825569153
-1.3220230340957642 -0.6991127133369446 -0.32712769508361816
-1.3063582181930542 -0.7248164415359497 -0.32679444551467896
-1.2902860641479492 -0.7502235174179077 -0.3264825940132141
-1.2738087177276611 -0.7753318548202515 -0.3261926770210266
-1.2569316625595093 -0.8001371622085571 -0.3259265422821045
-1.2396584749221802 -0.8246357440948486 -0.3256824016571045
-1.221994400024414 -0.8488215208053589 -0.3254620432853699
-1.2039436101913452 -0.8726921081542969 -0.3252636790275574
-1.185510277748108 -0.8962419033050537 -0.325087308883667
-1.1666969060897827 -0.91946941614151 -0.32493531703948975
-1.1475104093551636 -0.9423682689666748 -0.3248041272163391
-1.127954125404358 -0.964934229850769 -0.3246973156929016
-1.1080316305160522 -0.9871641397476196 -0.3246118426322937
-1.0877463817596436 -1.0090546607971191 -0.32455021142959595
-1.0671050548553467 -1.0305994749069214 -0.3245099186897278
-1.046109914779663 -1.0517960786819458 -0.32449406385421753
-1.0247660875320435 -1.0726399421691895 -0.32449954748153687
-1.0030757188796997 -1.0931282043457031 -0.32452821731567383
-0.9810453653335571 -1.1132545471191406 -0.32457947731018066
-0.9586775302886963 -1.1330162286758423 -0.3246533274650574
-0.9359784126281738 -1.1524091958999634 -0.3247504234313965
-0.9129486083984375 -1.1714298725128174 -0.32486939430236816
-0.8895963430404663 -1.1900724172592163 -0.32501161098480225
-0.8659229278564453 -1.2083336114883423 -0.32517701387405396
-0.8419309854507446 -1.2262107133865356 -0.32536381483078003
-0.8176307678222656 -1.2436970472335815 -0.3255743980407715
-0.7930210828781128 -1.2607890367507935 -0.3258069157600403
-0.7681094408035278 -1.2774829864501953 -0.326063871383667
-0.7428964376449585 -1.293775200843811 -0.3263409733772278
-0.7173902988433838 -1.3096601963043213 -0.3266425132751465
-0.6915926933288574 -1.325134038925171 -0.32696598768234253
-0.6655092239379883 -1.340192437171936 -0.32731324434280396
-0.6391423344612122 -1.3548316955566406 -0.32768189907073975
-0.6124997138977051 -1.3690460920333862 -0.32807374000549316
-0.5855841040611267 -1.3828318119049072 -0.3284875750541687
-0.5583992004394531 -1.3961845636367798 -0.3289257884025574
-0.5309501886367798 -1.409101128578186 -0.32938599586486816
-0.5032429695129395 -1.4215738773345947 -0.32986879348754883
-0.4752802848815918 -1.4335999488830566 -0.33037418127059937
-0.44706740975379944 -1.445175290107727 -0.33090275526046753
-0.4186094403266907 -1.4562950134277344 -0.3314526677131653
-0.3899131715297699 -1.466952919960022 -0.33202576637268066
-0.36098143458366394 -1.4771461486816406 -0.3326239585876465
-0.3318197727203369 -1.486868977546692 -0.3332422375679016
-0.3024313449859619 -1.496117115020752 -0.3338848948478699
-0.2728254795074463 -1.5048847198486328 -0.33454960584640503
-0.24300628900527954 -1.513168454170227 -0.33523499965667725
-0.21297775208950043 -1.5209623575210571 -0.3359454870223999
-0.18274429440498352 -1.5282621383666992 -0.3366779088973999
-0.1523156762123108 -1.5350630283355713 -0.33743351697921753
-0.1216946393251419 -1.5413587093353271 -0.33821046352386475
-0.0908883661031723 -1.5471460819244385 -0.33901065587997437
-0.0598989874124527 -1.55241858959198 -0.3398340344429016
-0.028740085661411285 -1.5571720600128174 -0.34067875146865845
0.0025865137577056885 -1.561401128768921 -0.3415454626083374
0.03407440334558487 -1.5651005506515503 -0.342435359954834
0.06571654230356216 -1.5682655572891235 -0.34334778785705566
0.09750594943761826 -1.570891261100769 -0.344282865524292
0.12943512201309204 -1.5729728937149048 -0.3452392816543579
0.16149857640266418 -1.5745035409927368 -0.3462182879447937
0.1936885118484497 -1.5754801034927368 -0.3472192883491516
0.22599533200263977 -1.5758967399597168 -0.3482434153556824
0.2584141492843628 -1.575748085975647 -0.349287748336792
0.29093611240386963 -1.575029730796814 -0.3503546416759491
0.32355406880378723 -1.5737364292144775 -0.3514435291290283
0.35625913739204407 -1.5718629360198975 -0.35255375504493713
0.3890424966812134 -1.5694037675857544 -0.3536859452724457
0.42189696431159973 -1.566354751586914 -0.35484012961387634
0.4548121392726898 -1.5627113580703735 -0.3560144305229187
0.4877789318561554 -1.5584678649902344 -0.3572107255458832
0.5207891464233398 -1.5536201000213623 -0.35842961072921753
0.5538356900215149 -1.5481621026992798 -0.3596661686897278
0.5869033336639404 -1.5420902967453003 -0.36092594265937805
0.6199852824211121 -1.535400152206421 -0.36220523715019226
0.6508669853210449 -1.5229254961013794 -0.3622772693634033
0.6813610196113586 -1.5095255374908447 -0.3622766435146332
0.7115954160690308 -1.4955518245697021 -0.36228397488594055
0.7415627837181091 -1.481010913848877 -0.3623022735118866
0.77125084400177 -1.465904951095581 -0.3623291254043579
0.8006545305252075 -1.450238823890686 -0.3623633086681366
0.8297579288482666 -1.434019923210144 -0.36240848898887634
0.8585540056228638 -1.4172526597976685 -0.3624603748321533
0.8870330452919006 -1.3999409675598145 -0.3625238239765167
0.9151875972747803 -1.3820909261703491 -0.36259526014328003
0.9430047273635864 -1.3637089729309082 -0.3626752197742462
0.9704766273498535 -1.3447990417480469 -0.3627649247646332
0.9975932836532593 -1.325369119644165 -0.3628619611263275
1.0243468284606934 -1.3054225444793701 -0.362968772649765
1.050726294517517 -1.2849687337875366 -0.3630841374397278
1.076723575592041 -1.2640129327774048 -0.3632092773914337
1.1023287773132324 -1.2425596714019775 -0.36334294080734253
1.127535343170166 -1.2206162214279175 -0.3634851276874542
1.1523312330245972 -1.1981910467147827 -0.3636346757411957
1.1767092943191528 -1.1752909421920776 -0.36379459500312805
1.2006607055664062 -1.1519218683242798 -0.36396244168281555
1.2241772413253784 -1.1280900239944458 -0.3641388416290283
1.2472493648529053 -1.103805422782898 -0.36432498693466187
1.2698681354522705 -1.0790729522705078 -0.36451786756515503
1.292027235031128 -1.0539021492004395 -0.3647198975086212
1.3137181997299194 -1.0282965898513794 -0.3649304509162903
1.3349316120147705 -1.0022718906402588 -0.36514896154403687
1.355658769607544 -0.9758298993110657 -0.3653760254383087
1.3758928775787354 -0.9489808678627014 -0.36561161279678345
1.3956283330917358 -0.9217320084571838 -0.36585453152656555
1.4148534536361694 -0.8940940499305725 -0.3661053776741028
1.4335625171661377 -0.8660734295845032 -0.3663659989833832
1.451748013496399 -0.8376808166503906 -0.36663272976875305
1.4694020748138428 -0.8089216351509094 -0.36690860986709595
1.4865175485610962 -0.7798097133636475 -0.3671905994415283
1.5030877590179443 -0.7503520250320435 -0.3674817383289337
1.5191057920455933 -0.7205567955970764 -0.3677801787853241
1.5345638990402222 -0.690434992313385 -0.3680853545665741
1.5494557619094849 -0.6599971055984497 -0.36839908361434937
0.97877037525177 1.2891769409179688 -0.39728397130966187
0.9536504745483398 1.3099780082702637 -0.3977026641368866
0.9280800819396973 1.3302760124206543 -0.39811649918556213
0.9020693302154541 1.3500597476959229 -0.3985266387462616
0.8756279945373535 1.3693209886550903 -0.3989337384700775
0.8487664461135864 1.3880480527877808 -0.39933475852012634
0.8214962482452393 1.4062310457229614 -0.39973148703575134
0.793827474117279 1.423860788345337 -0.40012210607528687
0.765771746635437 1.4409271478652954 -0.40050846338272095
0.7373412847518921 1.4574203491210938 -0.40088993310928345
0.7085464000701904 1.4733330011367798 -0.40126466751098633
0.6793999671936035 1.4886541366577148 -0.40163454413414
0.6499145030975342 1.5033775568008423 -0.40200015902519226
0.6201009750366211 1.5174931287765503 -0.4023565948009491
0.5899736881256104 1.530992865562439 -0.40270939469337463
0.5595458745956421 1.5438703298568726 -0.4030536115169525
0.5288296341896057 1.5561163425445557 -0.40339237451553345
0.49783751368522644 1.5677253007888794 -0.40372440218925476
0.46658506989479065 1.578688621520996 -0.4040490984916687
0.435085266828537 1.589001178741455 -0.4043670892715454
0.4033520519733429 1.5986557006835938 -0.404677152633667
0.37139952182769775 1.6076470613479614 -0.40498051047325134
0.339241623878479 1.6159682273864746 -0.4052759110927582
0.30689314007759094 1.6236153841018677 -0.40556401014328003
0.2743690609931946 1.6305828094482422 -0.4058435261249542
0.24168455600738525 1.6368658542633057 -0.4061151444911957
0.2088536024093628 1.642460584640503 -0.40637820959091187
0.175892174243927 1.6473618745803833 -0.4066327214241028
0.1428144872188568 1.6515674591064453 -0.4068811237812042
0.10963637381792068 1.6550735235214233 -0.407118558883667
0.07637358456850052 1.6578774452209473 -0.40734806656837463
0.04304122179746628 1.659976601600647 -0.40756961703300476
0.009655296802520752 1.661368489265442 -0.40778017044067383
-0.023767858743667603 1.6620513200759888 -0.40798220038414
-0.05721466243267059 1.6620244979858398 -0.4081757068634033
-0.09066696465015411 1.6612865924835205 -0.40836000442504883
-0.12411041557788849 1.6598366498947144 -0.40853458642959595
-0.15752838551998138 1.65767502784729 -0.4087005853652954
-0.19090500473976135 1.6548017263412476 -0.40885624289512634
-0.22422470152378082 1.6512171030044556 -0.40900087356567383
-0.2574706971645355 1.6469216346740723 -0.4091370105743408
-0.290628045797348 1.64191734790802 -0.40926393866539
-0.323680579662323 1.6362069845199585 -0.4093805253505707
-0.3566119372844696 1.629790186882019 -0.4094861149787903
-0.38940733671188354 1.622671365737915 -0.40958255529403687
-0.42204907536506653 1.6148533821105957 -0.4096692204475403
-0.4545229971408844 1.6063380241394043 -0.4097455143928528
-0.486813485622406 1.597130298614502 -0.40981265902519226
-0.5189039707183838 1.5872342586517334 -0.4098675847053528
-0.5507795810699463 1.5766538381576538 -0.4099133610725403
-0.5824253559112549 1.5653942823410034 -0.40994998812675476
-0.6138255596160889 1.5534604787826538 -0.40997380018234253
-0.6449649333953857 1.5408587455749512 -0.40998783707618713
-0.6758291721343994 1.527593970298767 -0.4099939167499542
-0.7064021229743958 1.5136734247207642 -0.40998783707618713
-0.7366713285446167 1.4991029500961304 -0.4099719524383545
-0.7666205167770386 1.4838905334472656 -0.40994691848754883
-0.796235203742981 1.4680432081222534 -0.4099096953868866
-0.825502872467041 1.4515681266784668 -0.40986332297325134
-0.8544084429740906 1.4344745874404907 -0.40980595350265503
-0.882938027381897 1.416770100593567 -0.40973880887031555
-0.9087278842926025 1.39485502243042 -0.40860414505004883
-0.9330307245254517 1.3710606098175049 -0.40704959630966187
-0.9567584991455078 1.3468739986419678 -0.4054999053478241
-0.979907751083374 1.322310209274292 -0.40395572781562805
-1.002474308013916 1.2973836660385132 -0.40242069959640503
-1.0244555473327637 1.2721112966537476 -0.4008917510509491
-1.04584801197052 1.2465064525604248 -0.3993713855743408
-1.0666505098342896 1.2205835580825806 -0.3978601396083832
-1.0868594646453857 1.194357991218567 -0.39635685086250305
-1.1064748764038086 1.1678428649902344 -0.3948633074760437
-1.1254936456680298 1.1410541534423828 -0.3933807611465454
-1.143915057182312 1.114004373550415 -0.39190739393234253
-1.161738395690918 1.086708426475525 -0.3904474079608917
-1.1789640188217163 1.0591790676116943 -0.3889978229999542
-1.1955914497375488 1.0314301252365112 -0.3875604569911957
-1.2116200923919678 1.0034743547439575 -0.3861352801322937
-1.2270516157150269 0.9753254652023315 -0.3847223222255707
-1.2418850660324097 0.9469969868659973 -0.38332399725914
-1.256122350692749 0.9184995889663696 -0.38193851709365845
-1.26976478099823 0.8898470401763916 -0.380568265914917
-1.2828125953674316 0.8610515594482422 -0.37921085953712463
-1.2952687740325928 0.8321247100830078 -0.37786930799484253
-1.307134747505188 0.803077220916748 -0.37654179334640503
-1.318410873413086 0.7739244103431702 -0.37522953748703003
-1.3291021585464478 0.7446728348731995 -0.3739343583583832
-1.3392094373703003 0.7153370380401611 -0.3726544678211212
-1.3487344980239868 0.6859273910522461 -0.37138980627059937
-1.3576812744140625 0.6564533710479736 -0.37014347314834595
-1.3660510778427124 0.6269265413284302 -0.3689129948616028
-1.373848557472229 0.5973571538925171 -0.36769899725914
-1.3810760974884033 0.5677552819252014 -0.3665033280849457
-1.3877367973327637 0.5381301641464233 -0.3653247356414795
-1.3938336372375488 0.5084928870201111 -0.3641626238822937
-1.3993700742721558 0.4788528382778168 -0.363020658493042
-1.4043506383895874 0.44921690225601196 -0.3618951737880707
-1.4087775945663452 0.4195972979068756 -0.3607867658138275
-1.4126561880111694 0.390001505613327 -0.3596985340118408
-1.4159884452819824 0.3604380786418915 -0.3586285710334778
-1.418779730796814 0.3309173583984375 -0.3575775623321533
-1.4210331439971924 0.3014463782310486 -0.3565460443496704
-1.4227527379989624 0.2720324695110321 -0.3555322587490082
-1.4239424467086792 0.24268554151058197 -0.35453861951828003
-1.4246069192886353 0.2134123146533966 -0.3535638749599457
-1.424749493598938 0.18422134220600128 -0.3526080548763275
-1.4243749380111694 0.1551191657781601 -0.3516717851161957
-1.423487901687622 0.12611450254917145 -0.3507562577724457
-1.4220908880233765 0.0972125232219696 -0.3498590588569641
-1.4201894998550415 0.0684233084321022 -0.3489813804626465
-1.417788028717041 0.03975112736225128 -0.34812504053115845
-1.4148916006088257 0.011204681359231472 -0.347287654876709
-1.4115023612976074 -0.01721038855612278 -0.34647035598754883
-1.4076263904571533 -0.04548812657594681 -0.34567326307296753
-1.40326726436615 -0.07362029701471329 -0.34489691257476807
-1.3984299898147583 -0.10160186886787415 -0.34414124488830566
-1.3931182622909546 -0.1294267177581787 -0.3434045910835266
-1.3873363733291626 -0.15708830952644348 -0.3426898717880249
-1.3810900449752808 -0.18458007276058197 -0.341994047164917
-1.3743821382522583 -0.21189787983894348 -0.34131962060928345
-1.3672176599502563 -0.23903563618659973 -0.3406665325164795
-1.359601616859436 -0.2659856975078583 -0.3400323987007141
-1.3515368700027466 -0.29274535179138184 -0.3394196033477783
-1.3430284261703491 -0.31930723786354065 -0.33882755041122437
-1.334081768989563 -0.3456667959690094 -0.3382556438446045
-1.3246992826461792 -0.3718194365501404 -0.337705135345459
-1.3148865699768066 -0.3977586328983307 -0.33717411756515503
-1.3046481609344482 -0.423479288816452 -0.33666443824768066
-1.2939881086349487 -0.4489775002002716 -0.33617615699768066
-1.2829097509384155 -0.47424909472465515 -0.33570927381515503
-1.271418571472168 -0.4992866516113281 -0.3352624773979187
-1.2595186233520508 -0.5240864157676697 -0.3348352313041687
-1.247213363647461 -0.5486457943916321 -0.33443117141723633
-1.2345079183578491 -0.5729569792747498 -0.3340466618537903
-1.22140634059906 -0.597016453742981 -0.33368349075317383
-1.2079123258590698 -0.6208207607269287 -0.333341121673584
-1.1940302848815918 -0.6443644762039185 -0.33302003145217896
-1.1797659397125244 -0.6676426529884338 -0.3327191472053528
-1.1651204824447632 -0.6906523108482361 -0.33243900537490845
-1.1501002311706543 -0.7133876085281372 -0.3321802020072937
-1.134709358215332 -0.7358448505401611 -0.33194220066070557
-1.1189508438110352 -0.7580201625823975 -0.33172547817230225
-1.102829933166504 -0.7799091935157776 -0.3315308094024658
-1.0863497257232666 -0.8015058636665344 -0.33135563135147095
-1.0695157051086426 -0.8228089809417725 -0.33120179176330566
-1.0523306131362915 -0.843812108039856 -0.33106935024261475
-1.034799337387085 -0.8645118474960327 -0.33095765113830566
-1.0169254541397095 -0.8849043250083923 -0.33086609840393066
-0.9987142086029053 -0.9049854874610901 -0.33079779148101807
-0.9801686406135559 -0.9247499108314514 -0.3307483196258545
-0.9612927436828613 -0.9441950917243958 -0.3307202458381653
-0.9420909881591797 -0.9633165001869202 -0.33071351051330566
-0.9225682020187378 -0.9821101427078247 -0.3307281732559204
-0.902727484703064 -1.0005707740783691 -0.33076417446136475
-0.8825738430023193 -1.0186952352523804 -0.3308197259902954
-0.8621114492416382 -1.036480188369751 -0.33089661598205566
-0.8413426876068115 -1.0539209842681885 -0.3309949040412903
-0.8202742338180542 -1.071013331413269 -0.3311145305633545
-0.7989087104797363 -1.0877528190612793 -0.33125555515289307
-0.7772499322891235 -1.1041368246078491 -0.33141666650772095
-0.7553039789199829 -1.120159387588501 -0.33159852027893066
-0.7330741882324219 -1.1358174085617065 -0.33180177211761475
-0.710564136505127 -1.1511082649230957 -0.33202576637268066
-0.6877795457839966 -1.166025161743164 -0.3322717547416687
-0.6647236943244934 -1.180565595626831 -0.33253729343414307
-0.6414010524749756 -1.194725513458252 -0.33282536268234253
-0.6178169250488281 -1.2084999084472656 -0.3331329822540283
-0.5939755439758301 -1.2218852043151855 -0.3334619402885437
-0.5698798894882202 -1.2348783016204834 -0.33381104469299316
-0.5455369353294373 -1.2474732398986816 -0.33418339490890503
-0.5209501385688782 -1.2596665620803833 -0.33457398414611816
-0.49612364172935486 -1.2714545726776123 -0.33498722314834595
-0.4710635244846344 -1.2828327417373657 -0.33542120456695557
-0.44577375054359436 -1.2937965393066406 -0.3358752727508545
-0.4202578663825989 -1.3043427467346191 -0.3363507390022278
-0.3945245146751404 -1.3144654035568237 -0.3368469476699829
-0.36857542395591736 -1.3241621255874634 -0.3373638987541199
-0.3424159288406372 -1.3334285020828247 -0.33790040016174316
-0.3160528540611267 -1.3422586917877197 -0.33845949172973633
-0.2894914150238037 -1.3506495952606201 -0.33903753757476807
-0.2627345323562622 -1.3585972785949707 -0.3396381139755249
-0.23578962683677673 -1.3660966157913208 -0.34025824069976807
-0.20866242051124573 -1.3731437921524048 -0.34089910984039307
-0.1813581883907318 -1.3797346353530884 -0.3415607213973999
-0.15388061106204987 -1.3858649730682373 -0.34224367141723633
-0.12623855471611023 -1.3915293216705322 -0.34294557571411133
-0.09843750298023224 -1.3967249393463135 -0.34366822242736816
-0.07048095762729645 -1.4014467000961304 -0.34441226720809937
-0.04237717017531395 -1.40569007396698 -0.34517520666122437
-0.014132693409919739 -1.4094513654708862 -0.34595948457717896
0.014246977865695953 -1.4127265214920044 -0.3467633128166199
0.0427563413977623 -1.415510654449463 -0.3475872874259949
0.0713871642947197 -1.4177998304367065 -0.3484320640563965
0.10013259202241898 -1.4195894002914429 -0.3492962718009949
0.1289849877357483 -1.4208753108978271 -0.35018008947372437
0.15794020891189575 -1.4216535091400146 -0.3510833978652954
0.1869886815547943 -1.4219205379486084 -0.3520074784755707
0.21612274646759033 -1.4216712713241577 -0.35295048356056213
0.2453361451625824 -1.420901894569397 -0.35391300916671753
0.27462083101272583 -1.4196079969406128 -0.3548944294452667
0.3039688169956207 -1.417786717414856 -0.3558948040008545
0.33337143063545227 -1.4154335260391235 -0.3569159209728241
0.36282211542129517 -1.412543773651123 -0.35795536637306213
0.392312616109848 -1.4091142416000366 -0.3590118885040283
0.42183151841163635 -1.4051414728164673 -0.36008915305137634
0.4513709843158722 -1.4006214141845703 -0.3611847162246704
0.4809243977069855 -1.395550012588501 -0.3622986078262329
0.5104818344116211 -1.3899250030517578 -0.3634302020072937
0.540033221244812 -1.3837416172027588 -0.3645794987678528
0.5679736137390137 -1.3731416463851929 -0.36472293734550476
0.5954644083976746 -1.36142098903656 -0.3647168278694153
0.6227270364761353 -1.3491816520690918 -0.3647210896015167
0.649752140045166 -1.3364259004592896 -0.36473149061203003
0.6765310168266296 -1.3231580257415771 -0.3647504150867462
0.7030556797981262 -1.309382438659668 -0.36477726697921753
0.7293163537979126 -1.295104742050171 -0.3648126423358917
0.7553026676177979 -1.2803287506103516 -0.3648553788661957
0.781008243560791 -1.2650595903396606 -0.3649078607559204
0.8064223527908325 -1.249301552772522 -0.3649676740169525
0.8315377235412598 -1.2330604791641235 -0.36503544449806213
0.8563436269760132 -1.2163413763046265 -0.3651111125946045
0.880833089351654 -1.1991498470306396 -0.36519473791122437
0.9049974679946899 -1.1814906597137451 -0.36528629064559937
0.9288293123245239 -1.16336989402771 -0.36538639664649963
0.9523168802261353 -1.1447938680648804 -0.36549443006515503
0.9754552841186523 -1.1257667541503906 -0.3656097650527954
0.9982345104217529 -1.1062971353530884 -0.36573368310928345
1.020646333694458 -1.0863889455795288 -0.3658654987812042
1.0426839590072632 -1.066049575805664 -0.3660052716732025
1.064339518547058 -1.0452858209609985 -0.3661511540412903
1.0856038331985474 -1.0241031646728516 -0.3663068115711212
1.1064702272415161 -1.0025089979171753 -0.366469144821167
1.1269302368164062 -0.9805110096931458 -0.36663883924484253
1.1469762325286865 -0.9581141471862793 -0.36681705713272095
1.1666005849838257 -0.9353275895118713 -0.3670032024383545
1.185797929763794 -0.9121571183204651 -0.3671954572200775
1.2045586109161377 -0.8886112570762634 -0.36739566922187805
1.2228765487670898 -0.8646955490112305 -0.3676038086414337
1.240743637084961 -0.840420663356781 -0.3678186237812042
1.258154273033142 -0.8157923817634583 -0.36804142594337463
1.2750999927520752 -0.7908192276954651 -0.36827030777931213
1.291575312614441 -0.765508234500885 -0.3685077130794525
1.307572603225708 -0.739869236946106 -0.36875125765800476
1.3230870962142944 -0.713908851146698 -0.369002103805542
1.338110327720642 -0.6876381039619446 -0.3692602813243866
1.352637529373169 -0.6610627770423889 -0.3695245683193207
1.3666603565216064 -0.634192943572998 -0.36979618668556213
1.3801754713058472 -0.6070374846458435 -0.3700738847255707
1.393174409866333 -0.579605221748352 -0.3703589141368866
1.4056535959243774 -0.5519050359725952 -0.370650053024292
1.4176058769226074 -0.5239457488059998 -0.37094852328300476
1.429026484489441 -0.49573805928230286 -0.3712518513202667
1.4399093389511108 -0.4672904908657074 -0.37156254053115845
1.4502489566802979 -0.4386117458343506 -0.37187808752059937
1.4600417613983154 -0.4097141921520233 -0.3722015619277954
1.469281554222107 -0.38060545921325684 -0.3725305497646332
1.4779638051986694 -0.35129669308662415 -0.37286442518234253
1.486083984375 -0.32179564237594604 -0.3732037842273712
1.4936373233795166 -0.2921159267425537 -0.37354984879493713
1.5006197690963745 -0.2622665464878082 -0.37390080094337463
1.507027506828308 -0.23225706815719604 -0.3742578327655792
1.512854814529419 -0.20209945738315582 -0.3746197819709778
1.5181002616882324 -0.17180313169956207 -0.3749872148036957
1.5227583646774292 -0.14137908816337585 -0.3753601312637329
1.5268263816833496 -0.11083907634019852 -0.3757367432117462
1.5303008556365967 -0.08019393682479858 -0.3761194050312042
1.5331792831420898 -0.04945419356226921 -0.37650638818740845
1.535457968711853 -0.018631743267178535 -0.3768964111804962
1.5371346473693848 0.012263793498277664 -0.3772931396961212
1.538205862045288 0.04321868717670441 -0.37769290804862976
1.538670301437378 0.07422332465648651 -0.37809696793556213
1.5385262966156006 0.10526382178068161 -0.37850528955459595
1.5377706289291382 0.136330708861351 -0.37891727685928345
1.5364022254943848 0.16741149127483368 -0.37933292984962463
1.5344195365905762 0.19849395751953125 -0.37975284457206726
1.5318208932876587 0.22956618666648865 -0.3801752030849457
1.5286061763763428 0.2606167495250702 -0.3806012272834778
1.5247734785079956 0.29163283109664917 -0.3810303211212158
1.5203231573104858 0.3226029872894287 -0.381462424993515
1.5152544975280762 0.3535134792327881 -0.38189762830734253
1.5095665454864502 0.3843543827533722 -0.38233646750450134
1.5032610893249512 0.41511106491088867 -0.3827759027481079
1.4963359832763672 0.44577252864837646 -0.3832171857357025
1.4887951612472534 0.47632551193237305 -0.38366276025772095
1.4806368350982666 0.5067583918571472 -0.38410893082618713
1.4718624353408813 0.5370579361915588 -0.38455814123153687
1.4624743461608887 0.5672120451927185 -0.3850085735321045
1.4524739980697632 0.5972065329551697 -0.38545963168144226
1.4418615102767944 0.627031683921814 -0.3859125077724457
1.4306414127349854 0.6566718816757202 -0.386366605758667
1.4188146591186523 0.6861167550086975 -0.38682132959365845
1.4063851833343506 0.715351402759552 -0.3872772455215454
1.3933541774749756 0.7443655133247375 -0.38773319125175476
1.3797261714935303 0.773144543170929 -0.38818973302841187
1.3655041456222534 0.8016769289970398 -0.3886468708515167
1.3506920337677002 0.8299492597579956 -0.3891034424304962
1.3352935314178467 0.8579504489898682 -0.3895599842071533
1.319313883781433 0.8856648802757263 -0.3900171220302582
1.3027563095092773 0.913083553314209 -0.39047184586524963
1.2856271266937256 0.9401910901069641 -0.3909265398979187
1.267930269241333 0.9669770002365112 -0.39138063788414
1.2496721744537354 0.9934281706809998 -0.3918347656726837
1.2308586835861206 1.019531488418579 -0.39228519797325134
1.2114946842193604 1.0452758073806763 -0.3927362263202667
1.1915878057479858 1.070647954940796 -0.39318302273750305
1.1711437702178955 1.0956369638442993 -0.39363041520118713
1.1501702070236206 1.1202293634414673 -0.3940747380256653
1.1286739110946655 1.1444151401519775 -0.39451664686203003
1.1066631078720093 1.1681805849075317 -0.3949560821056366
1.0841436386108398 1.1915154457092285 -0.39539188146591187
1.061126708984375 1.2144063711166382 -0.3958258330821991
1.0376170873641968 1.2368450164794922 -0.39625614881515503
1.0136263370513916 1.2588170766830444 -0.3966839909553528
0.9891613721847534 1.2803131341934204 -0.3971075713634491
0.9642336368560791 1.301321029663086 -0.3975274860858917
0.9388506412506104 1.3218309879302979 -0.39794376492500305
0.9130235910415649 1.3418318033218384 -0.39835575222969055
0.8867605328559875 1.361314058303833 -0.39876407384872437
0.8600746989250183 1.380265474319458 -0.3991662859916687
0.8329738974571228 1.3986775875091553 -0.3995654582977295
0.8054714798927307 1.4165399074554443 -0.39995914697647095
0.7775759696960449 1.433843970298767 -0.4003473222255707
0.7493014335632324 1.4505783319473267 -0.40073060989379883
0.7206569910049438 1.4667353630065918 -0.40110844373703003
0.6916570663452148 1.4823052883148193 -0.40148136019706726
0.6623113751411438 1.4972805976867676 -0.40184757113456726
0.6326345205307007 1.511651635169983 -0.4022076725959778
0.6026372909545898 1.5254108905792236 -0.4025628864765167
0.5723336338996887 1.5385494232177734 -0.4029095768928528
0.5417364239692688 1.5510613918304443 -0.403251975774765
0.5108590126037598 1.56293785572052 -0.40358707308769226
0.4797137677669525 1.5741724967956543 -0.40391483902931213
0.44831618666648865 1.5847588777542114 -0.4042346477508545
0.41667845845222473 1.594689965248108 -0.40454837679862976
0.384816437959671 1.6039599180221558 -0.4048541486263275
0.3527423143386841 1.6125630140304565 -0.4051538407802582
0.3204728662967682 1.6204931735992432 -0.4054437577724457
0.28802064061164856 1.6277457475662231 -0.4057275652885437
0.25540146231651306 1.634316325187683 -0.4060022234916687
0.22262954711914062 1.640200138092041 -0.4062683582305908
0.1897212266921997 1.6453922986984253 -0.4065277576446533
0.15669021010398865 1.6498900651931763 -0.40677860379219055
0.12355314940214157 1.6536895036697388 -0.40702030062675476
0.0903233215212822 1.6567883491516113 -0.40725284814834595
0.05701766163110733 1.6591826677322388 -0.40747684240341187
0.023653104901313782 1.660870909690857 -0.4076922833919525
-0.0097573921084404 1.6618517637252808 -0.40789860486984253
-0.04319595545530319 1.6621226072311401 -0.40809574723243713
-0.07664795219898224 1.661682367324829 -0.40828371047973633
-0.11009643971920013 1.660530924797058 -0.40846318006515503
-0.14352737367153168 1.6586675643920898 -0.4086316227912903
-0.17692336440086365 1.6560925245285034 -0.4087909162044525
-0.21026885509490967 1.6528053283691406 -0.4089410603046417
-0.24354705214500427 1.6488077640533447 -0.40908268094062805
-0.27674421668052673 1.6441010236740112 -0.4092126786708832
-0.30984222888946533 1.6386860609054565 -0.40933293104171753
-0.3428269922733307 1.6325650215148926 -0.40944337844848633
-0.375680536031723 1.6257402896881104 -0.4095434844493866
-0.4083891212940216 1.6182148456573486 -0.4096338152885437
-0.4409347474575043 1.609991431236267 -0.4097149968147278
-0.4733041226863861 1.6010732650756836 -0.40978458523750305
-0.5054797530174255 1.5914651155471802 -0.40984562039375305
-0.5374482870101929 1.5811713933944702 -0.409895658493042
-0.5691920518875122 1.5701950788497925 -0.40993532538414
-0.6006971597671509 1.5585438013076782 -0.40996524691581726
-0.6319475173950195 1.5462212562561035 -0.40998417139053345
-0.6629289388656616 1.5332332849502563 -0.40999269485473633
-0.6936255097389221 1.5195868015289307 -0.4099915027618408
-0.7240243554115295 1.505287766456604 -0.4099811017513275
-0.7541086077690125 1.490343451499939 -0.4099591374397278
-0.7838647365570068 1.4747614860534668 -0.409926176071167
-0.8132794499397278 1.4585490226745605 -0.4098828434944153
-0.8423391580581665 1.4417133331298828 -0.40983158349990845
-0.8710277080535889 1.4242640733718872 -0.4097687005996704
-0.8983730673789978 1.4047069549560547 -0.4092572331428528
-0.9229143857955933 1.3810818195343018 -0.40770024061203003
-0.9468847513198853 1.3570572137832642 -0.40614932775497437
-0.9702762365341187 1.3326503038406372 -0.40460270643234253
-0.9930875301361084 1.3078727722167969 -0.4030640125274658
-1.0153148174285889 1.2827448844909668 -0.40153202414512634
-1.036954641342163 1.2572765350341797 -0.400007963180542
-1.0580041408538818 1.2314860820770264 -0.398491233587265
-1.078462839126587 1.2053848505020142 -0.3969855010509491
-1.098326325416565 1.1789897680282593 -0.39548832178115845
-1.1175955533981323 1.152313232421875 -0.3940002918243408
-1.136267066001892 1.1253721714019775 -0.39252322912216187
-1.1543418169021606 1.098177194595337 -0.3910577595233917
-1.1718183755874634 1.0707439184188843 -0.38960331678390503
-1.1886961460113525 1.0430850982666016 -0.3881610333919525
-1.2049754858016968 1.0152143239974976 -0.38673099875450134
-1.2206569910049438 0.987145721912384 -0.3853125274181366
-1.235741138458252 0.9588904976844788 -0.3839087188243866
-1.2502282857894897 0.9304619431495667 -0.38251712918281555
-1.2641196250915527 0.9018732309341431 -0.38114017248153687
-1.2774165868759155 0.8731361031532288 -0.3797772526741028
-1.29012131690979 0.8442617654800415 -0.37843021750450134
-1.3022339344024658 0.8152644038200378 -0.3770959675312042
-1.3137569427490234 0.7861547470092773 -0.37577763199806213
-1.3246934413909912 0.7569431662559509 -0.37447574734687805
-1.3350447416305542 0.7276411056518555 -0.3731885254383087
-1.3448127508163452 0.6982616782188416 -0.37191838026046753
-1.3540019989013672 0.6688132882118225 -0.3706640899181366
-1.362613320350647 0.6393066048622131 -0.36942631006240845
-1.3706501722335815 0.6097541451454163 -0.36820560693740845
-1.3781156539916992 0.5801647901535034 -0.3670032024383545
-1.385014295578003 0.5505473017692566 -0.3658166825771332
-1.3913458585739136 0.5209158062934875 -0.36464723944664
-1.397117257118225 0.4912739396095276 -0.3634973466396332
-1.4023311138153076 0.4616355895996094 -0.3623645305633545
-1.4069896936416626 0.43200820684432983 -0.3612494170665741
-1.4110972881317139 0.40240049362182617 -0.36015385389328003
-1.4146581888198853 0.3728237748146057 -0.3590753376483917
-1.4176757335662842 0.34328383207321167 -0.358015775680542
-1.4201538562774658 0.31378981471061707 -0.35697636008262634
-1.422096610069275 0.2843528687953949 -0.3559558391571045
-1.4235080480575562 0.25497666001319885 -0.3549524247646332
-1.4243919849395752 0.2256716936826706 -0.35396915674209595
-1.4247530698776245 0.19644546508789062 -0.3530060052871704
-1.4245948791503906 0.16730345785617828 -0.35206058621406555
-1.4239214658737183 0.13825759291648865 -0.3511365056037903
-1.4227378368377686 0.10931243747472763 -0.35023197531700134
-1.4210476875305176 0.08047347515821457 -0.34934693574905396
-1.4188555479049683 0.051753539592027664 -0.3484814763069153
-1.4161654710769653 0.02315261773765087 -0.34763550758361816
-1.41298246383667 -0.005318603478372097 -0.3468109369277954
-1.4093104600906372 -0.033654022961854935 -0.346005916595459
-1.4051529169082642 -0.06184890493750572 -0.34522098302841187
-1.4005154371261597 -0.08989379554986954 -0.34445619583129883
-1.395402193069458 -0.11778441816568375 -0.34371036291122437
-1.3898166418075562 -0.1455155909061432 -0.34298646450042725
-1.383764624595642 -0.1730796843767166 -0.3422839641571045
-1.3772495985031128 -0.20047041773796082 -0.34160101413726807
-1.370275616645813 -0.22768539190292358 -0.34093689918518066
-1.3628485202789307 -0.2547132670879364 -0.3402954339981079
-1.3549706935882568 -0.2815539538860321 -0.3396735191345215
-1.3466482162475586 -0.30820006132125854 -0.3390728831291199
-1.337884545326233 -0.33464476466178894 -0.33849185705184937
-1.3286837339401245 -0.36088529229164124 -0.33793336153030396
-1.3190516233444214 -0.3869137465953827 -0.3373944163322449
-1.3089909553527832 -0.41272687911987305 -0.3368762731552124
-1.2985061407089233 -0.4383198320865631 -0.336378812789917
-1.2876036167144775 -0.46368512511253357 -0.33590275049209595
-1.2762850522994995 -0.4888218641281128 -0.335446834564209
-1.2645554542541504 -0.5137220621109009 -0.33501285314559937
-1.25242018699646 -0.5383821129798889 -0.33459901809692383
-1.2398806810379028 -0.5627989172935486 -0.3342053294181824
-1.226945161819458 -0.5869645476341248 -0.3338330388069153
-1.2136150598526 -0.6108759641647339 -0.33348149061203003
-1.1998957395553589 -0.6345292329788208 -0.3331524729728699
-1.185789942741394 -0.6579206585884094 -0.33284246921539307
-1.1713037490844727 -0.6810429096221924 -0.33255434036254883
-1.156440258026123 -0.7038929462432861 -0.33228641748428345
-1.1412044763565063 -0.7264674305915833 -0.3320404291152954
-1.1255989074707031 -0.7487620115280151 -0.331815242767334
-1.1096301078796387 -0.7707710266113281 -0.33161014318466187
-1.093300461769104 -0.7924909591674805 -0.33142703771591187
-1.0766137838363647 -0.8139167428016663 -0.33126407861709595
-1.0595753192901611 -0.8350468277931213 -0.3311230540275574
-1.042188286781311 -0.8558744788169861 -0.3310016393661499
-1.0244581699371338 -0.8763960003852844 -0.33090275526046753
-1.0063873529434204 -0.896607518196106 -0.330824613571167
-0.9879806041717529 -0.9165058732032776 -0.3307660222053528
-0.9692435264587402 -0.9360853433609009 -0.33073002099990845
-0.950177788734436 -0.9553425312042236 -0.33071351051330566
-0.9307898283004761 -0.9742735028266907 -0.33071964979171753
-0.911081075668335 -0.9928748607635498 -0.3307458758354187
-0.8910583853721619 -1.0111408233642578 -0.330794095993042
-0.8707247972488403 -1.0290684700012207 -0.33086246252059937
-0.8500843048095703 -1.0466532707214355 -0.33095216751098633
-0.8291404247283936 -1.0638926029205322 -0.3310626745223999
-0.8078984022140503 -1.0807801485061646 -0.3311932682991028
-0.7863627672195435 -1.097313404083252 -0.3313458561897278
-0.7645350694656372 -1.1134891510009766 -0.3315197825431824
-0.7424232363700867 -1.1293003559112549 -0.3317139148712158
-0.7200316190719604 -1.1447455883026123 -0.3319299817085266
-0.6973615884780884 -1.1598191261291504 -0.3321661949157715
-0.674418032169342 -1.1745188236236572 -0.33242374658584595
-0.6512072682380676 -1.1888377666473389 -0.33270204067230225
-0.6277328729629517 -1.2027745246887207 -0.3330017328262329
-0.6039982438087463 -1.2163230180740356 -0.3333221673965454
-0.580008864402771 -1.2294813394546509 -0.333662748336792
-0.5557692050933838 -1.2422428131103516 -0.33402466773986816
-0.5312838554382324 -1.2546055316925049 -0.3344079852104187
-0.5065577626228333 -1.2665635347366333 -0.3348114490509033
-0.48159390687942505 -1.2781140804290771 -0.3352368474006653
-0.45640042424201965 -1.2892518043518066 -0.33568239212036133
-0.430979460477829 -1.2999736070632935 -0.336148738861084
-0.40533584356307983 -1.3102744817733765 -0.3366357684135437
-0.37947553396224976 -1.3201508522033691 -0.3371441960334778
-0.3534042239189148 -1.3295975923538208 -0.33767277002334595
-0.3271266222000122 -1.3386112451553345 -0.3382226824760437
-0.30064743757247925 -1.3471870422363281 -0.33879339694976807
-0.27397018671035767 -1.3553211688995361 -0.339383602142334
-0.24710464477539062 -1.3630088567733765 -0.33999574184417725
-0.22005385160446167 -1.3702458143234253 -0.34062808752059937
-0.19282257556915283 -1.3770285844802856 -0.34128057956695557
-0.165416419506073 -1.3833521604537964 -0.3419550061225891
-0.13784301280975342 -1.3892121315002441 -0.3426477313041687
-0.11010803282260895 -1.3946049213409424 -0.34336304664611816
-0.08221588283777237 -1.3995252847671509 -0.34409791231155396
-0.05417175590991974 -1.40397047996521 -0.34485292434692383
-0.025984957814216614 -1.4079340696334839 -0.3456280827522278
0.0023382529616355896 -1.4114134311676025 -0.3464233875274658
0.03079330176115036 -1.4144035577774048 -0.34724003076553345
0.059374384582042694 -1.4169011116027832 -0.3480755686759949
0.08807159215211868 -1.4189000129699707 -0.3489307165145874
0.11688018590211868 -1.4203981161117554 -0.349806547164917
0.14579284191131592 -1.4213895797729492 -0.3507019281387329
0.17480376362800598 -1.4218711853027344 -0.3516174554824829
0.20390257239341736 -1.4218385219573975 -0.352553129196167
0.23308303952217102 -1.4212872982025146 -0.35350650548934937
0.26233869791030884 -1.4202146530151367 -0.3544812500476837
0.2916615307331085 -1.4186149835586548 -0.3554742634296417
0.3210434019565582 -1.4164848327636719 -0.35648563504219055
0.3504742383956909 -1.4138202667236328 -0.3575165271759033
0.37994933128356934 -1.4106172323226929 -0.3585675358772278
0.409456342458725 -1.4068729877471924 -0.3596356511116028
0.43898943066596985 -1.4025821685791016 -0.3607232868671417
0.4685375988483429 -1.3977429866790771 -0.3618292510509491
0.49809572100639343 -1.3923503160476685 -0.3629535138607025
0.5276501178741455 -1.3864015340805054 -0.36409610509872437
0.5563876032829285 -1.3778975009918213 -0.3647284209728241
0.5839693546295166 -1.3663963079452515 -0.3647186756134033
0.6113293170928955 -1.3543741703033447 -0.3647180497646332
0.6384554505348206 -1.3418339490890503 -0.36472538113594055
0.6653389930725098 -1.3287806510925293 -0.36474186182022095
0.6919704675674438 -1.3152179718017578 -0.3647656738758087
0.7183443903923035 -1.3011493682861328 -0.3647973835468292
0.7444463968276978 -1.2865815162658691 -0.36483708024024963
0.7702703475952148 -1.2715181112289429 -0.3648858964443207
0.7958071231842041 -1.2559657096862793 -0.3649420440196991
0.821049153804779 -1.2399250268936157 -0.36500614881515503
0.8459853529930115 -1.2234058380126953 -0.3650781512260437
0.8706088066101074 -1.2064112424850464 -0.36515873670578003
0.8949108719825745 -1.1889485120773315 -0.3652472198009491
0.9188827276229858 -1.171019434928894 -0.3653436601161957
0.9425152540206909 -1.152633547782898 -0.36544743180274963
0.9658007621765137 -1.1337952613830566 -0.36556094884872437
0.9887306690216064 -1.1145106554031372 -0.3656812012195587
1.0112993717193604 -1.0947840213775635 -0.36580875515937805
1.0334951877593994 -1.0746257305145264 -0.3659442365169525
1.0553109645843506 -1.0540391206741333 -0.36608952283859253
1.0767394304275513 -1.0330311059951782 -0.3662402629852295
1.0977742671966553 -1.011608362197876 -0.36640018224716187
1.1184054613113403 -0.9897797703742981 -0.3665674030780792
1.1386253833770752 -0.9675495624542236 -0.36674198508262634
1.1584277153015137 -0.94492506980896 -0.36692386865615845
1.1778054237365723 -0.9219129681587219 -0.3671136796474457
1.1967495679855347 -0.8985239863395691 -0.3673108220100403
1.2152535915374756 -0.8747633099555969 -0.36751589179039
1.2333102226257324 -0.8506388664245605 -0.36772769689559937
1.2509139776229858 -0.8261564373970032 -0.36794620752334595
1.268054723739624 -0.8013270497322083 -0.3681732416152954
1.2847282886505127 -0.7761567234992981 -0.36840763688087463
1.3009264469146729 -0.7506538033485413 -0.36864811182022095
1.3166451454162598 -0.7248271107673645 -0.36889591813087463
1.331874966621399 -0.6986860632896423 -0.36915042996406555
1.3466094732284546 -0.6722370982170105 -0.3694128692150116
1.360845923423767 -0.6454890370368958 -0.36968082189559937
1.3745739459991455 -0.6184516549110413 -0.36995670199394226
1.3877902030944824 -0.591134786605835 -0.37023869156837463
0.8791146278381348 1.1579158306121826 -0.3961389362812042
0.85645991563797 1.1764729022979736 -0.3965124785900116
0.8334072232246399 1.1945754289627075 -0.3968842029571533
0.8099645376205444 1.2122138738632202 -0.39725160598754883
0.7861413359642029 1.2293803691864014 -0.3976147770881653
0.7619466781616211 1.246065378189087 -0.3979736566543579
0.7373909950256348 1.2622601985931396 -0.398329496383667
0.7124834656715393 1.2779570817947388 -0.3986792266368866
0.6872350573539734 1.2931458950042725 -0.39902469515800476
0.6616552472114563 1.307820439338684 -0.39936527609825134
0.6357549428939819 1.321972370147705 -0.39970096945762634
0.6095452308654785 1.3355937004089355 -0.40003177523612976
0.5830367803573608 1.3486766815185547 -0.4003564715385437
0.5562407970428467 1.3612154722213745 -0.40067631006240845
0.5291683673858643 1.373201608657837 -0.40099000930786133
0.5018319487571716 1.3846290111541748 -0.40129825472831726
0.47424253821372986 1.395491600036621 -0.40160036087036133
0.4464118778705597 1.40578293800354 -0.40189701318740845
0.4183531105518341 1.4154958724975586 -0.40218693017959595
0.3900776505470276 1.4246264696121216 -0.40247011184692383
0.36159804463386536 1.433168649673462 -0.40274661779403687
0.33292755484580994 1.441117525100708 -0.4030176103115082
0.3040778934955597 1.44846773147583 -0.40328067541122437
0.27506211400032043 1.4552150964736938 -0.40353822708129883
0.24589401483535767 1.461355209350586 -0.4037872552871704
0.2165866196155548 1.4668842554092407 -0.40402957797050476
0.18715286254882812 1.471798062324524 -0.4042651653289795
0.15760573744773865 1.4760944843292236 -0.40449222922325134
0.12795868515968323 1.479769229888916 -0.4047119617462158
0.0982261672616005 1.4828205108642578 -0.40492314100265503
0.06842101365327835 1.4852453470230103 -0.4051288068294525
0.03855758160352707 1.48704195022583 -0.40532535314559937
0.008648984134197235 1.488208532333374 -0.4055139422416687
-0.021289825439453125 1.488743543624878 -0.4056946039199829
-0.051245883107185364 1.4886454343795776 -0.4058661162853241
-0.08120498806238174 1.4879145622253418 -0.4060302972793579
-0.11115311086177826 1.4865496158599854 -0.4061853289604187
-0.14107650518417358 1.4845513105392456 -0.40633243322372437
-0.17096054553985596 1.4819183349609375 -0.40647098422050476
-0.20079132914543152 1.4786535501480103 -0.40660160779953003
-0.2305549681186676 1.4747556447982788 -0.40672245621681213
-0.2602383494377136 1.4702273607254028 -0.40683412551879883
-0.2898251414299011 1.4650698900222778 -0.4069378972053528
-0.3193039000034332 1.4592853784561157 -0.4070337116718292
-0.3486595153808594 1.452875018119812 -0.407118558883667
-0.3778773248195648 1.445842981338501 -0.40719547867774963
-0.4069448709487915 1.4381910562515259 -0.40726321935653687
-0.4358474612236023 1.4299229383468628 -0.40732240676879883
-0.4645715057849884 1.421042799949646 -0.4073730707168579
-0.49310439825057983 1.4115537405014038 -0.4074127674102783
-0.5214318633079529 1.401460886001587 -0.40744447708129883
-0.5495396256446838 1.3907678127288818 -0.40746647119522095
-0.5774160623550415 1.379480242729187 -0.40748050808906555
-0.6050471663475037 1.3676034212112427 -0.407484769821167
-0.6324188113212585 1.3551424741744995 -0.4074798822402954
-0.6595202684402466 1.3421032428741455 -0.40746647119522095
-0.6863380670547485 1.328493356704712 -0.4074414372444153
-0.7128578424453735 1.3143175840377808 -0.4074084758758545
-0.739069402217865 1.2995834350585938 -0.40736818313598633
-0.7649592757225037 1.284298062324524 -0.4073169231414795
-0.7905157804489136 1.2684688568115234 -0.40725773572921753
-0.8152075409889221 1.2513059377670288 -0.4069293439388275
-0.8373377323150635 1.2304418087005615 -0.40554019808769226
-0.858966588973999 1.2092082500457764 -0.4041534662246704
-0.8800925016403198 1.1876168251037598 -0.4027722477912903
-0.900709331035614 1.1656813621520996 -0.4013965129852295
-0.920814037322998 1.143415093421936 -0.4000256657600403
-0.9404035806655884 1.1208312511444092 -0.39866092801094055
-0.9594752788543701 1.0979400873184204 -0.39730289578437805
-0.9780243635177612 1.0747579336166382 -0.3959527909755707
-0.9960509538650513 1.0512948036193848 -0.3946100175380707
-1.0135517120361328 1.0275647640228271 -0.39327579736709595
-1.0305243730545044 1.003579020500183 -0.3919501006603241
-1.0469682216644287 0.9793508648872375 -0.3906329572200775
-1.0628819465637207 0.954890787601471 -0.38932499289512634
-1.0782644748687744 0.9302129149436951 -0.3880273699760437
-1.0931144952774048 0.9053272008895874 -0.38674014806747437
-1.1074328422546387 0.8802462816238403 -0.3854638934135437
-1.1212173700332642 0.8549823760986328 -0.3841986358165741
-1.1344702243804932 0.8295451402664185 -0.38294437527656555
-1.147189974784851 0.8039467930793762 -0.3817029297351837
-1.1593778133392334 0.7781988382339478 -0.38047245144844055
-1.1710337400436401 0.7523117065429688 -0.379256010055542
-1.1821600198745728 0.7262952923774719 -0.37805119156837463
-1.1927554607391357 0.7001631259918213 -0.3768603801727295
-1.2028237581253052 0.6739213466644287 -0.37568119168281555
-1.2123641967773438 0.6475828289985657 -0.37451785802841187
-1.2213795185089111 0.6211584210395813 -0.37336796522140503
-1.2298715114593506 0.5946558713912964 -0.3722320795059204
-1.2378411293029785 0.5680863857269287 -0.37110966444015503
-1.2452911138534546 0.5414597988128662 -0.3700030744075775
-1.2522234916687012 0.5147840976715088 -0.36891239881515503
-1.2586404085159302 0.4880697429180145 -0.3678363263607025
-1.264543890953064 0.4613259732723236 -0.36677616834640503
-1.2699369192123413 0.4345613121986389 -0.3657306134700775
-1.2748222351074219 0.40778350830078125 -0.3647015690803528
-1.2792022228240967 0.3810037076473236 -0.36368778347969055
-1.2830790281295776 0.35422849655151367 -0.36269229650497437
-1.2864574193954468 0.32746613025665283 -0.3617120683193207
-1.289338231086731 0.30072692036628723 -0.36074772477149963
-1.291727066040039 0.27401596307754517 -0.35980167984962463
-1.2936241626739502 0.24734267592430115 -0.35887211561203003
-1.2950348854064941 0.2207154780626297 -0.3579584062099457
-1.2959612607955933 0.19414062798023224 -0.3570636212825775
-1.2964078187942505 0.1676264852285385 -0.35618656873703003
-1.2963768243789673 0.1411796510219574 -0.3553253412246704
-1.2958728075027466 0.1148083433508873 -0.3544824421405792
-1.2948980331420898 0.08851776272058487 -0.3536572754383087
-1.2934571504592896 0.062317200005054474 -0.35285037755966187
-1.2915529012680054 0.03621169924736023 -0.3520599603652954
-1.2891901731491089 0.010209045372903347 -0.3512890934944153
-1.2863713502883911 -0.015685271471738815 -0.35053592920303345
-1.2831002473831177 -0.04146377369761467 -0.3498004674911499
-1.2793811559677124 -0.06712096929550171 -0.3490844964981079
-1.2752174139022827 -0.09264983981847763 -0.3483874797821045
-1.2706130743026733 -0.11804550141096115 -0.3477075695991516
-1.26557195186615 -0.14330093562602997 -0.34704655408859253
-1.2600979804992676 -0.1684100329875946 -0.3464038372039795
-1.2541943788528442 -0.19336791336536407 -0.34578007459640503
-1.2478654384613037 -0.2181684821844101 -0.3451763987541199
-1.2411154508590698 -0.24280592799186707 -0.34458988904953003
-1.233947992324829 -0.26727554202079773 -0.344022274017334
-1.2263659238815308 -0.29157134890556335 -0.3434741497039795
-1.2183746099472046 -0.3156869411468506 -0.3429443836212158
-1.209977388381958 -0.3396186828613281 -0.342435359954834
-1.2011780738830566 -0.36336103081703186 -0.34194397926330566
-1.1919803619384766 -0.38690856099128723 -0.34147220849990845
-1.1823889017105103 -0.4102555811405182 -0.34101933240890503
-1.172406792640686 -0.43339964747428894 -0.34058594703674316
-1.1620385646820068 -0.4563326835632324 -0.3401715159416199
-1.1512882709503174 -0.4790516495704651 -0.3397766351699829
-1.1401586532592773 -0.5015522837638855 -0.33940064907073975
-1.1286554336547852 -0.5238288640975952 -0.3390442132949829
-1.1167808771133423 -0.5458766222000122 -0.3387066721916199
-1.1045399904251099 -0.5676912069320679 -0.3383880853652954
-1.0919363498687744 -0.58926922082901 -0.3380902409553528
-1.0789742469787598 -0.6106041073799133 -0.3378119468688965
-1.0656569004058838 -0.63169264793396 -0.3375512957572937
-1.051988959312439 -0.6525309681892395 -0.33731144666671753
-1.0379739999771118 -0.6731138229370117 -0.3370898962020874
-1.0236161947250366 -0.6934367418289185 -0.3368890881538391
-1.0089191198349 -0.7134965062141418 -0.3367084264755249
-0.9938876628875732 -0.7332871556282043 -0.336545467376709
-0.9785245656967163 -0.7528071403503418 -0.3364025950431824
-0.9628341197967529 -0.7720493674278259 -0.3362787365913391
-0.9468214511871338 -0.7910118103027344 -0.3361755609512329
-0.930489182472229 -0.8096891641616821 -0.33609074354171753
-0.913841962814331 -0.8280781507492065 -0.3360254168510437
-0.896883487701416 -0.8461738228797913 -0.3359808921813965
-0.8796176910400391 -0.8639726042747498 -0.33595526218414307
-0.8620493412017822 -0.881470799446106 -0.33594852685928345
-0.8441817760467529 -0.8986643552780151 -0.3359619379043579
-0.8260197043418884 -0.9155485033988953 -0.3359948992729187
-0.8075665235519409 -0.9321195483207703 -0.3360474109649658
-0.7888270616531372 -0.9483738541603088 -0.3361194133758545
-0.7698047161102295 -0.964307963848114 -0.3362109661102295
-0.7505040168762207 -0.9799162149429321 -0.33632147312164307
-0.7309303283691406 -0.9951966404914856 -0.33645206689834595
-0.71108478307724 -1.0101444721221924 -0.3366016149520874
-0.6909745931625366 -1.0247553586959839 -0.3367706537246704
-0.6706032156944275 -1.0390260219573975 -0.33696049451828003
-0.649973452091217 -1.0529520511627197 -0.33716797828674316
-0.6290925741195679 -1.0665299892425537 -0.3373950719833374
-0.6079626679420471 -1.079756259918213 -0.3376428484916687
-0.58658766746521 -1.0926262140274048 -0.33791017532348633
-0.5649749636650085 -1.1051362752914429 -0.33819520473480225
-0.5431267023086548 -1.1172828674316406 -0.33850163221359253
-0.5210468769073486 -1.1290614604949951 -0.33882570266723633
-0.49874311685562134 -1.1404685974121094 -0.339169979095459
-0.4762171804904938 -1.1515003442764282 -0.33953309059143066
-0.45347410440444946 -1.162152886390686 -0.33991700410842896
-0.4305201470851898 -1.1724228858947754 -0.3403180241584778
-0.40735989809036255 -1.182304859161377 -0.34073978662490845
-0.3839964270591736 -1.1917966604232788 -0.3411804437637329
-0.3604370057582855 -1.2008939981460571 -0.34164005517959595
-0.33668503165245056 -1.2095924615859985 -0.3421185612678528
-0.3127462863922119 -1.217888593673706 -0.34261661767959595
-0.28862640261650085 -1.225778579711914 -0.34313416481018066
-0.2643296718597412 -1.2332581281661987 -0.34366947412490845
-0.2398616075515747 -1.2403244972229004 -0.3442242741584778
-0.21522903442382812 -1.2469730377197266 -0.34479981660842896
-0.19043609499931335 -1.253199577331543 -0.3453918695449829
-0.1654881238937378 -1.2590012550354004 -0.34600281715393066
-0.14039108157157898 -1.2643738985061646 -0.34663331508636475
-0.11515136808156967 -1.2693138122558594 -0.3472827672958374
-0.08977493643760681 -1.273816704750061 -0.34795045852661133
-0.06426636129617691 -1.277880072593689 -0.3486359119415283
-0.03863281384110451 -1.2814985513687134 -0.34934085607528687
-0.012881167232990265 -1.2846698760986328 -0.3500635027885437
0.012982934713363647 -1.2873902320861816 -0.35080569982528687
0.038955219089984894 -1.289655327796936 -0.3515649735927582
0.0650259330868721 -1.2914621829986572 -0.3523431718349457
0.0911894217133522 -1.2928062677383423 -0.3531384766101837
0.1174398735165596 -1.2936854362487793 -0.35395267605781555
0.14376938343048096 -1.2940952777862549 -0.3547845780849457
0.17017105221748352 -1.2940324544906616 -0.35563358664512634
0.19663771986961365 -1.2934937477111816 -0.3565002679824829
0.22316208481788635 -1.292475700378418 -0.3573852777481079
0.24973663687705994 -1.29097580909729 -0.35828617215156555
0.2763548195362091 -1.2889900207519531 -0.3592047393321991
0.3030075132846832 -1.2865149974822998 -0.3601410388946533
0.3296888768672943 -1.28354811668396 -0.36109378933906555
0.3563886880874634 -1.2800861597061157 -0.3620636463165283
0.38310012221336365 -1.2761270999908447 -0.3630499541759491
0.40981367230415344 -1.2716670036315918 -0.3640521466732025
0.4365220367908478 -1.2667036056518555 -0.3650708496570587
0.463217169046402 -1.2612336874008179 -0.3661053776741028
0.48933807015419006 -1.2538453340530396 -0.366743803024292
0.5144360065460205 -1.2437095642089844 -0.3667309880256653
0.5393368005752563 -1.2330961227416992 -0.3667273223400116
0.5640298128128052 -1.2220090627670288 -0.36672917008399963
0.5885055065155029 -1.2104524374008179 -0.3667389154434204
0.6127572059631348 -1.1984291076660156 -0.3667566180229187
0.6367775797843933 -1.185944676399231 -0.3667810261249542
0.6605560183525085 -1.1730021238327026 -0.366813987493515
0.6840850710868835 -1.1596064567565918 -0.3668530583381653
0.7073574662208557 -1.145761489868164 -0.3669000566005707
0.7303634285926819 -1.1314716339111328 -0.36695438623428345
0.7530965805053711 -1.116742730140686 -0.36701542139053345
0.7755477428436279 -1.1015796661376953 -0.3670850098133087
0.7977092862129211 -1.0859870910644531 -0.3671624958515167
0.8195736408233643 -1.0699687004089355 -0.3672448992729187
0.8411340117454529 -1.0535304546356201 -0.36733585596084595
0.8623800277709961 -1.0366791486740112 -0.3674328923225403
0.8833065629005432 -1.019418716430664 -0.36753910779953003
0.9039046764373779 -1.0017560720443726 -0.36765140295028687
0.9241679906845093 -0.9836961030960083 -0.3677704334259033
0.9440886974334717 -0.9652445912361145 -0.3678985834121704
0.9636598825454712 -0.9464085102081299 -0.3680322468280792
0.9828732013702393 -0.927192211151123 -0.3681732416152954
1.0017226934432983 -0.9076035618782043 -0.3683209717273712
1.020201325416565 -0.8876490592956543 -0.36847537755966187
1.038301944732666 -0.8673341274261475 -0.36863774061203003
1.0560158491134644 -0.8466655015945435 -0.3688061833381653
1.0733394622802734 -0.8256498575210571 -0.3689819574356079
1.0902642011642456 -0.8042957782745361 -0.36916384100914
1.1067851781845093 -0.7826078534126282 -0.36935368180274963
1.12289297580719 -0.7605943083763123 -0.36954960227012634
1.1385844945907593 -0.7382627725601196 -0.36975163221359253
1.1538516283035278 -0.7156208753585815 -0.36995914578437805
1.168689250946045 -0.6926746964454651 -0.3701745867729187
1.1830904483795166 -0.6694331169128418 -0.3703973591327667
1.1970504522323608 -0.6459028720855713 -0.3706250488758087
1.210561752319336 -0.6220921277999878 -0.3708587884902954
1.2236199378967285 -0.5980091691017151 -0.3710992634296417
1.2362191677093506 -0.5736628770828247 -0.3713458478450775
1.248354434967041 -0.549059271812439 -0.37159794569015503
1.2600197792053223 -0.5242084860801697 -0.37185734510421753
1.2712103128433228 -0.4991181790828705 -0.3721216022968292
1.2819206714630127 -0.47379714250564575 -0.3723919987678528
1.292147159576416 -0.4482536315917969 -0.3726678788661957
1.3018832206726074 -0.4224967956542969 -0.3729492425918579
1.3111251592636108 -0.39653563499450684 -0.37323611974716187
1.3198684453964233 -0.37037917971611023 -0.3735290765762329
1.328108787536621 -0.344035804271698 -0.3738275468349457
1.3358410596847534 -0.31751585006713867 -0.37413090467453003
1.3430626392364502 -0.29082581400871277 -0.3744385242462158
1.349768877029419 -0.26397886872291565 -0.3747522234916687
1.3559554815292358 -0.23698347806930542 -0.37507084012031555
1.3616204261779785 -0.20984816551208496 -0.3753943145275116
1.366758108139038 -0.18258285522460938 -0.3757226765155792
1.3713674545288086 -0.15519759058952332 -0.3760553300380707
1.3754433393478394 -0.1277024745941162 -0.3763916492462158
1.378983736038208 -0.10010665655136108 -0.37673404812812805
1.3819854259490967 -0.07242172211408615 -0.3770795166492462
1.384446382522583 -0.04465652257204056 -0.3774304687976837
1.3863643407821655 -0.016822509467601776 -0.37778446078300476
1.3877370357513428 0.01107177697122097 -0.3781421184539795
1.3885616064071655 0.039014432579278946 -0.37850406765937805
1.3888362646102905 0.06699524074792862 -0.3788696527481079
1.388560175895691 0.09500335156917572 -0.3792395293712616
1.387730360031128 0.12302932143211365 -0.3796124756336212
1.3863476514816284 0.15106047689914703 -0.3799872100353241
1.3844088315963745 0.17908813059329987 -0.38036686182022095
1.381913423538208 0.20710036158561707 -0.38074955344200134
1.3788622617721558 0.23508651554584503 -0.38113346695899963
1.3752535581588745 0.2630346715450287 -0.3815210163593292
1.3710863590240479 0.2909359633922577 -0.381911039352417
1.3663625717163086 0.3187762498855591 -0.38230350613594055
1.361080527305603 0.3465476930141449 -0.3826996088027954
1.355241060256958 0.37423691153526306 -0.3830963373184204
1.3488454818725586 0.4018334746360779 -0.38349613547325134
1.3418941497802734 0.4293256998062134 -0.38389652967453003
1.334387183189392 0.45670363306999207 -0.38429996371269226
1.326326847076416 0.48395416140556335 -0.38470402359962463
1.3177142143249512 0.5110675096511841 -0.3851092755794525
1.30855131149292 0.5380309820175171 -0.3855164051055908
1.2988396883010864 0.564834713935852 -0.38592472672462463
1.288582682609558 0.5914658904075623 -0.38633427023887634
1.2777810096740723 0.6179145574569702 -0.38674381375312805
1.2664382457733154 0.6441679000854492 -0.38715335726737976
1.2545571327209473 0.6702163815498352 -0.38756412267684937
1.242140769958496 0.6960467100143433 -0.3879742920398712
1.2291927337646484 0.7216494679450989 -0.3883862793445587
1.2157162427902222 0.7470120191574097 -0.3887964189052582
1.2017159461975098 0.7721238732337952 -0.3892071843147278
1.1871956586837769 0.796972930431366 -0.38961735367774963
1.1721590757369995 0.8215493559837341 -0.3900274932384491
1.1566119194030762 0.8458410501480103 -0.39043644070625305
1.140558123588562 0.8698377013206482 -0.3908441364765167
1.124003291130066 0.8935275673866272 -0.39125004410743713
1.1069530248641968 0.9168996214866638 -0.391655296087265
1.0894134044647217 0.9399436116218567 -0.3920605778694153
1.071389079093933 0.9626489877700806 -0.39246219396591187
1.052886962890625 0.985004186630249 -0.39286258816719055
1.0339128971099854 1.006999135017395 -0.39326176047325134
1.0144747495651245 1.0286227464675903 -0.39365848898887634
0.9945788383483887 1.0498648881912231 -0.3940521478652954
0.9742312431335449 1.070717215538025 -0.3944427967071533
0.9534413814544678 1.091166377067566 -0.39483219385147095
0.9322149753570557 1.1112048625946045 -0.39521855115890503
0.910561203956604 1.1308209896087646 -0.3956006169319153
0.8884878158569336 1.1500062942504883 -0.39598026871681213
0.8660033941268921 1.168750524520874 -0.3963562250137329
0.8431161046028137 1.1870447397232056 -0.39672917127609253
0.8198360800743103 1.204878568649292 -0.39709901809692383
0.7961708903312683 1.2222442626953125 -0.3974621891975403
0.7721310257911682 1.239132285118103 -0.3978235125541687
0.7477254867553711 1.2555333375930786 -0.3981805741786957
0.7229641079902649 1.271439790725708 -0.39853334426879883
0.6978567242622375 1.2868425846099854 -0.39887943863868713
0.6724151372909546 1.3017337322235107 -0.39922305941581726
0.6466476321220398 1.3161060810089111 -0.3995605707168579
0.6205666661262512 1.329949975013733 -0.39989322423934937
0.594181478023529 1.3432598114013672 -0.4002203643321991
0.5675051212310791 1.3560274839401245 -0.40054264664649963
0.5405471324920654 1.3682457208633423 -0.40085941553115845
0.51332026720047 1.3799084424972534 -0.40116947889328003
0.48583492636680603 1.3910088539123535 -0.40147465467453003
0.4581046998500824 1.401539921760559 -0.40177372097969055
0.4301396310329437 1.4114958047866821 -0.4020654559135437
0.4019535481929779 1.4208712577819824 -0.4023517072200775
0.37355756759643555 1.4296609163284302 -0.402632474899292
0.34496626257896423 1.4378581047058105 -0.4029059112071991
0.31618988513946533 1.445460319519043 -0.40317201614379883
0.28724244236946106 1.452460765838623 -0.40343141555786133
0.2581367492675781 1.458856225013733 -0.4036841094493866
0.2288855016231537 1.4646416902542114 -0.4039294719696045
0.19950270652770996 1.4698138236999512 -0.40416690707206726
0.1700015366077423 1.4743695259094238 -0.4043963849544525
0.14039427042007446 1.4783052206039429 -0.4046204090118408
0.11069656163454056 1.48161780834198 -0.4048364460468292
0.0809202566742897 1.4843053817749023 -0.405043363571167
0.05107893794775009 1.486365795135498 -0.4052441716194153
0.021188348531723022 1.4877963066101074 -0.40543583035469055
-0.008739933371543884 1.4885962009429932 -0.40561893582344055
-0.03869018703699112 1.4887638092041016 -0.4057947099208832
-0.06864990293979645 1.4882980585098267 -0.4059625566005707
-0.09860412776470184 1.4871989488601685 -0.4061218500137329
-0.1285400390625 1.4854660034179688 -0.40627261996269226
-0.15844176709651947 1.4830988645553589 -0.40641361474990845
-0.18829742074012756 1.4800992012023926 -0.406547874212265
-0.21809035539627075 1.4764660596847534 -0.40667179226875305
-0.24780914187431335 1.4722020626068115 -0.40678834915161133
-0.27743789553642273 1.4673075675964355 -0.4068963825702667
-0.30696457624435425 1.4617855548858643 -0.40699467062950134
-0.3363725244998932 1.4556374549865723 -0.40708377957344055
-0.365650475025177 1.4488656520843506 -0.40716496109962463
-0.3947819471359253 1.4414727687835693 -0.4072357416152954
-0.4237554669380188 1.4334629774093628 -0.40729984641075134
-0.45255598425865173 1.4248390197753906 -0.4073517322540283
-0.48117125034332275 1.4156041145324707 -0.4073968827724457
-0.5095860362052917 1.405763864517212 -0.40743228793144226
-0.537787914276123 1.3953219652175903 -0.4074585437774658
-0.5657621622085571 1.3842824697494507 -0.4074762165546417
-0.5934979319572449 1.372652292251587 -0.4074835479259491
-0.6209796071052551 1.3604350090026855 -0.40748295187950134
-0.6481968760490417 1.3476378917694092 -0.4074719548225403
-0.6751341223716736 1.3342663049697876 -0.4074530303478241
-0.7017799615859985 1.320326805114746 -0.40742436051368713
-0.7281216382980347 1.3058258295059204 -0.40738651156425476
-0.7541487216949463 1.2907700538635254 -0.4073388874530792
-0.7798463702201843 1.275168538093567 -0.4072839617729187
-0.8052040338516235 1.2590266466140747 -0.40721866488456726
-0.8281233310699463 1.2392327785491943 -0.406120628118515
-0.8499635457992554 1.2181516885757446 -0.40473392605781555
-0.8713001608848572 1.1967089176177979 -0.40335026383399963
-0.8921311497688293 1.1749155521392822 -0.40197208523750305
-0.9124506711959839 1.1527866125106812 -0.40059879422187805
-0.9322568774223328 1.1303340196609497 -0.3992322087287903
-0.9515455961227417 1.1075700521469116 -0.397871732711792
-0.9703142046928406 1.0845080614089966 -0.3965179920196533
-0.988559901714325 1.0611621141433716 -0.39517155289649963
-1.0062812566757202 1.0375412702560425 -0.3938336670398712
-1.0234754085540771 1.013661503791809 -0.3925043046474457
-1.0401414632797241 0.989533543586731 -0.3911834955215454
-1.0562775135040283 0.9651690721511841 -0.38987186551094055
-1.0718824863433838 0.940581202507019 -0.3885705769062042
-1.0869557857513428 0.9157803654670715 -0.38727787137031555
-1.1014971733093262 0.8907805681228638 -0.38599857687950134
-1.1155050992965698 0.8655916452407837 -0.38472780585289
-1.1289808750152588 0.8402255773544312 -0.38346928358078003
-1.1419237852096558 0.8146937489509583 -0.3822217285633087
-1.1543344259262085 0.789007842540741 -0.3809869587421417
-1.1662135124206543 0.7631768584251404 -0.3797638416290283
-1.1775610446929932 0.7372137308120728 -0.37855473160743713
-1.188378930091858 0.7111286520957947 -0.3773578107357025
-1.1986676454544067 0.6849319338798523 -0.376173734664917
-1.2084298133850098 0.6586323380470276 -0.3750043213367462
-1.2176650762557983 0.6322431564331055 -0.3738482892513275
-1.226375937461853 0.605772852897644 -0.37270572781562805
-1.234564185142517 0.579228937625885 -0.3715783953666687
-1.2422319650650024 0.5526255965232849 -0.37046512961387634
-1.2493802309036255 0.5259696841239929 -0.369368314743042
-1.2560139894485474 0.4992690980434418 -0.3682849407196045
-1.2621315717697144 0.47253814339637756 -0.36721867322921753
-1.267738699913025 0.44577986001968384 -0.3661664128303528
-1.2728363275527954 0.41900724172592163 -0.3651306629180908
-1.2774276733398438 0.3922271728515625 -0.36411136388778687
-1.2815154790878296 0.36544767022132874 -0.36310794949531555
-1.285102367401123 0.33867964148521423 -0.3621203899383545
-1.288191556930542 0.3119300901889801 -0.3611505329608917
-1.2907856702804565 0.2852053642272949 -0.3601953387260437
-1.2928887605667114 0.2585175931453705 -0.35925906896591187
-1.2945027351379395 0.2318688929080963 -0.3583386540412903
-1.2956321239471436 0.2052711397409439 -0.35743656754493713
-1.296278953552246 0.1787315309047699 -0.35655155777931213
-1.296447515487671 0.15225432813167572 -0.35568302869796753
-1.2961417436599731 0.12585067749023438 -0.3548322021961212
-1.2953636646270752 0.09952575713396072 -0.3540002703666687
-1.2941175699234009 0.07328582555055618 -0.35318607091903687
-1.2924073934555054 0.04714157059788704 -0.3523889482021332
-1.290235996246338 0.021093139424920082 -0.3516107499599457
-1.2876076698303223 -0.004846801515668631 -0.3508496582508087
-1.2845253944396973 -0.030674133449792862 -0.3501068353652954
-1.2809944152832031 -0.05638381838798523 -0.34938299655914307
-1.277016043663025 -0.08196654915809631 -0.348677396774292
-1.2725962400436401 -0.10741820931434631 -0.347989559173584
-1.2677375078201294 -0.13273361325263977 -0.34732121229171753
-1.2624444961547852 -0.15790465474128723 -0.34667056798934937
-1.256720781326294 -0.18292662501335144 -0.34603947401046753
-1.2505693435668945 -0.2077949494123459 -0.3454272747039795
-1.2439957857131958 -0.23250000178813934 -0.34483277797698975
-1.2370024919509888 -0.25704115629196167 -0.34425783157348633
-1.2295933961868286 -0.28141021728515625 -0.3437018394470215
-1.221773624420166 -0.3056018054485321 -0.34316468238830566
-1.213545560836792 -0.3296124339103699 -0.34264588356018066
-1.2049143314361572 -0.353434294462204 -0.34214723110198975
-1.1958835124969482 -0.37706342339515686 -0.3416675329208374
-1.1864559650421143 -0.4004965126514435 -0.3412073254585266
-1.1766375303268433 -0.42372435331344604 -0.34076541662216187
-1.1664307117462158 -0.4467475712299347 -0.34034180641174316
-1.155840277671814 -0.4695567190647125 -0.33993959426879883
-1.144869327545166 -0.4921492040157318 -0.3395550847053528
-1.133521556854248 -0.5145207047462463 -0.3391907215118408
-1.1218023300170898 -0.5366649031639099 -0.3388446569442749
-1.109714388847351 -0.5585774183273315 -0.3385193347930908
-1.0972628593444824 -0.5802546739578247 -0.33821356296539307
-1.0844495296478271 -0.6016932725906372 -0.33792543411254883
-1.0712807178497314 -0.6228855848312378 -0.33765870332717896
-1.0577597618103027 -0.6438288688659668 -0.3374096751213074
-1.043890118598938 -0.6645188927650452 -0.33717960119247437
-1.0296742916107178 -0.6849516034126282 -0.3369714617729187
-1.0151196718215942 -0.7051222324371338 -0.3367822766304016
-1.0002280473709106 -0.7250263690948486 -0.3366101384162903
-0.9850033521652222 -0.7446595430374146 -0.3364593982696533
-0.9694488048553467 -0.7640190124511719 -0.3363281488418579
-0.9535709619522095 -0.7830994725227356 -0.33621644973754883
-0.9373724460601807 -0.8018968105316162 -0.3361237049102783
-0.9208570718765259 -0.8204069137573242 -0.33605045080184937
-0.9040279388427734 -0.8386265635490417 -0.3359973430633545
-0.8868904113769531 -0.8565500974655151 -0.33596378564834595
-0.8694487810134888 -0.874174952507019 -0.33594852685928345
-0.8517068028450012 -0.8914958238601685 -0.3359540104866028
-0.8336670994758606 -0.9085102677345276 -0.33597904443740845
-0.815335214138031 -0.9252131581306458 -0.3360229730606079
-0.7967155575752258 -0.941600501537323 -0.3360864520072937
-0.7778117656707764 -0.9576686024665833 -0.3361694812774658
-0.7586265802383423 -0.9734150767326355 -0.33627259731292725
-0.7391667366027832 -0.9888328313827515 -0.33639466762542725
-0.7194352746009827 -1.003920078277588 -0.33653688430786133
-0.6994337439537048 -1.0186737775802612 -0.3366968035697937
-0.6791713237762451 -1.0330872535705566 -0.33687806129455566
-0.6586500406265259 -1.0471583604812622 -0.33707886934280396
-0.6378746032714844 -1.0608826875686646 -0.33729803562164307
-0.6168467998504639 -1.0742567777633667 -0.3375372886657715
-0.5955750942230225 -1.0872761011123657 -0.3377954363822937
-0.5740620493888855 -1.0999375581741333 -0.33807313442230225
-0.5523118376731873 -1.1122370958328247 -0.3383709788322449
-0.5303279161453247 -1.1241703033447266 -0.3386871814727783
-0.5081174969673157 -1.1357331275939941 -0.3390228748321533
-0.4856838881969452 -1.1469227075576782 -0.3393787145614624
-0.4630317687988281 -1.1577351093292236 -0.3397534489631653
-0.44016599655151367 -1.1681660413742065 -0.3401477336883545
-0.41709089279174805 -1.1782108545303345 -0.34056156873703003
-0.3938128650188446 -1.1878666877746582 -0.3409937024116516
-0.3703344464302063 -1.1971296072006226 -0.34144532680511475
-0.34666135907173157 -1.2059955596923828 -0.3419153094291687
-0.3228012025356293 -1.214460849761963 -0.3424060344696045
-0.2987567186355591 -1.2225217819213867 -0.3429138660430908
-0.27453339099884033 -1.2301734685897827 -0.3434436321258545
-0.2501364052295685 -1.2374134063720703 -0.34398990869522095
-0.22557219862937927 -1.2442375421524048 -0.3445563316345215
-0.20084579288959503 -1.2506413459777832 -0.34514105319976807
-0.1759626865386963 -1.256622076034546 -0.34574466943740845
-0.15092651546001434 -1.2621748447418213 -0.3463672399520874
-0.1257464587688446 -1.267296552658081 -0.3470081090927124
-0.10042679309844971 -1.2719831466674805 -0.34766846895217896
-0.07497299462556839 -1.2762309312820435 -0.34834718704223633
-0.04938950017094612 -1.2800366878509521 -0.34904420375823975
-0.023687593638896942 -1.2833961248397827 -0.3497583270072937
0.002131037414073944 -1.2863056659698486 -0.3504931926727295
0.028058312833309174 -1.2887613773345947 -0.3512445390224457
0.05408843606710434 -1.29076087474823 -0.35201480984687805
0.08021331578493118 -1.2922992706298828 -0.3528027832508087
0.10642745345830917 -1.2933738231658936 -0.3536096513271332
0.13272428512573242 -1.2939808368682861 -0.3544336259365082
0.15909698605537415 -1.2941163778305054 -0.3552747070789337
0.18553709983825684 -1.2937779426574707 -0.35613468289375305
0.21203812956809998 -1.2929608821868896 -0.3570111393928528
0.23859268426895142 -1.291663646697998 -0.35790592432022095
0.26519471406936646 -1.2898814678192139 -0.35881778597831726
0.29183486104011536 -1.2876118421554565 -0.3597467243671417
0.31850388646125793 -1.284852147102356 -0.3606927692890167
0.34519773721694946 -1.2815979719161987 -0.36165469884872437
0.3719041347503662 -1.277847409248352 -0.3626343011856079
0.39861801266670227 -1.2735974788665771 -0.3636297881603241
0.4253295958042145 -1.2688450813293457 -0.3646417558193207
0.4520324766635895 -1.263587474822998 -0.3656695783138275
0.47871366143226624 -1.2578223943710327 -0.36671513319015503
0.5039418935775757 -1.248016119003296 -0.36673587560653687
0.5289254188537598 -1.2376023530960083 -0.3667273223400116
0.5537066459655762 -1.2267128229141235 -0.3667273223400116
0.5782744884490967 -1.2153522968292236 -0.3667352497577667
0.6026211380958557 -1.2035249471664429 -0.3667480945587158
0.6267388463020325 -1.1912330389022827 -0.36677005887031555
0.6506215929985046 -1.1784815788269043 -0.3667987287044525
0.6742556095123291 -1.165274739265442 -0.366835355758667
0.6976357698440552 -1.1516175270080566 -0.3668799102306366
0.7207546830177307 -1.1375150680541992 -0.3669305741786957
0.7436034679412842 -1.1229689121246338 -0.36698979139328003
0.7661730647087097 -1.107986569404602 -0.3670556843280792
0.7884569764137268 -1.0925730466842651 -0.3671277165412903
0.8104467391967773 -1.0767326354980469 -0.36720889806747437
0.8321355581283569 -1.0604695081710815 -0.3672967851161957
0.8535140752792358 -1.0437912940979004 -0.36739200353622437
0.8745754361152649 -1.0267020463943481 -0.36749333143234253
0.8953118324279785 -1.0092076063156128 -0.3676038086414337
0.9157180786132812 -0.9913120865821838 -0.367720365524292
0.9357826709747314 -0.9730244278907776 -0.36784428358078003
0.9555004835128784 -0.9543488621711731 -0.3679748773574829
0.9748644828796387 -0.9352918863296509 -0.36811283230781555
0.993868350982666 -0.9158585667610168 -0.3682580888271332
1.0125024318695068 -0.896056056022644 -0.3684094548225403
1.0307613611221313 -0.8758915662765503 -0.3685687482357025
1.0486385822296143 -0.855370283126831 -0.36873477697372437
1.0661275386810303 -0.8344987034797668 -0.36890873312950134
1.0832198858261108 -0.8132856488227844 -0.36908695101737976
1.099910855293274 -0.7917371988296509 -0.36927250027656555
1.1161925792694092 -0.7698603868484497 -0.3694653809070587
1.1320595741271973 -0.7476597428321838 -0.36966556310653687
1.147505760192871 -0.725147545337677 -0.3698718547821045
1.1625241041183472 -0.7023277282714844 -0.3700842559337616
1.1771080493927002 -0.6792097091674805 -0.3703027665615082
1.1912544965744019 -0.6557984948158264 -0.37052860856056213
1.204953908920288 -0.6321049332618713 -0.3707593083381653
1.2182024717330933 -0.6081355214118958 -0.37099796533584595
1.2309954166412354 -0.5838975310325623 -0.37124088406562805
1.2433257102966309 -0.5594001412391663 -0.3714917302131653
1.2551888227462769 -0.534652829170227 -0.3717474639415741
0.7968523502349854 1.049565076828003 -0.3951928913593292
0.7762490510940552 1.0662912130355835 -0.39553102850914
0.7552895545959473 1.082603096961975 -0.395866721868515
0.7339800596237183 1.0984933376312256 -0.3961987793445587
0.7123302817344666 1.1139540672302246 -0.39652714133262634
0.6903491020202637 1.1289767026901245 -0.39685124158859253
0.6680449843406677 1.1435538530349731 -0.39717167615890503
0.6454262733459473 1.1576788425445557 -0.3974878191947937
0.6225033402442932 1.1713430881500244 -0.3977997303009033
0.5992846488952637 1.1845401525497437 -0.39810794591903687
0.5757809281349182 1.1972625255584717 -0.39841127395629883
0.5519998073577881 1.2095048427581787 -0.3987097442150116
0.5279534459114075 1.2212594747543335 -0.39900273084640503
0.5036510825157166 1.2325201034545898 -0.39929142594337463
0.47910305857658386 1.2432808876037598 -0.3995746076107025
0.4543200433254242 1.2535358667373657 -0.39985355734825134
0.4293118417263031 1.263279914855957 -0.40012577176094055
0.40408995747566223 1.272506833076477 -0.4003930985927582
0.3786654472351074 1.2812120914459229 -0.4006555378437042
0.353048712015152 1.2893900871276855 -0.40091007947921753
0.3272514343261719 1.2970367670059204 -0.40115970373153687
0.30128464102745056 1.3041470050811768 -0.40140384435653687
0.27515989542007446 1.3107171058654785 -0.4016406536102295
0.2488889992237091 1.31674325466156 -0.4018719792366028
0.2224830687046051 1.3222216367721558 -0.4020971953868866
0.1959545910358429 1.3271479606628418 -0.4023144841194153
0.1693148910999298 1.3315203189849854 -0.40252628922462463
0.14257627725601196 1.335335373878479 -0.40273258090019226
0.11575087159872055 1.3385906219482422 -0.40292972326278687
0.08885008841753006 1.3412837982177734 -0.403120756149292
0.061887361109256744 1.343412160873413 -0.40330570936203003
0.034873805940151215 1.3449751138687134 -0.4034820795059204
0.007822565734386444 1.3459701538085938 -0.40365055203437805
-0.019254304468631744 1.3463969230651855 -0.4038141071796417
-0.046344149857759476 1.3462536334991455 -0.4039691388607025
-0.0734347552061081 1.3455408811569214 -0.4041168689727783
-0.10051361471414566 1.34425687789917 -0.4042566120624542
-0.1275680512189865 1.3424031734466553 -0.40438908338546753
-0.1545855700969696 1.3399789333343506 -0.4045129716396332
-0.18155395984649658 1.33698570728302 -0.4046313762664795
-0.2084602415561676 1.3334236145019531 -0.40473881363868713
-0.23529204726219177 1.3292938470840454 -0.4048401117324829
-0.26203688979148865 1.324598789215088 -0.4049341082572937
-0.28868240118026733 1.3193386793136597 -0.4050195515155792
-0.3152165114879608 1.3135169744491577 -0.40509647130966187
-0.3416256606578827 1.3071355819702148 -0.405165433883667
-0.3678988516330719 1.3001971244812012 -0.405226469039917
-0.3940228223800659 1.292704463005066 -0.4052789509296417
-0.41998550295829773 1.2846611738204956 -0.40532350540161133
-0.4457755982875824 1.2760707139968872 -0.40536075830459595
-0.4713801443576813 1.2669364213943481 -0.4053894281387329
-0.4967878460884094 1.2572636604309082 -0.405409574508667
-0.5219862461090088 1.2470552921295166 -0.40542179346084595
-0.5469644069671631 1.23631751537323 -0.4054248332977295
-0.5717092752456665 1.225054383277893 -0.40542057156562805
-0.5962110757827759 1.2132714986801147 -0.4054083526134491
-0.6204577684402466 1.2009738683700562 -0.40538638830184937
-0.6444369554519653 1.1881681680679321 -0.40535768866539
-0.6681393384933472 1.1748600006103516 -0.4053204655647278
-0.6915527582168579 1.1610549688339233 -0.40527409315109253
-0.7146670818328857 1.1467612981796265 -0.4052203595638275
-0.7374714612960815 1.1319845914840698 -0.4051593244075775
-0.7584652900695801 1.114542841911316 -0.4042944610118866
-0.7783085703849792 1.0956615209579468 -0.4030432403087616
-0.7977063059806824 1.0764431953430176 -0.40179508924484253
-0.8166542053222656 1.0568989515304565 -0.40054935216903687
-0.8351488709449768 1.0370415449142456 -0.3993097245693207
-0.8531861305236816 1.016880750656128 -0.3980737626552582
-0.8707642555236816 0.9964281320571899 -0.396843284368515
-0.8878782987594604 0.9756949543952942 -0.3956189453601837
-0.9045259952545166 0.9546930193901062 -0.39440006017684937
-0.9207042455673218 0.9334337115287781 -0.39318913221359253
-0.9364113807678223 0.911927342414856 -0.39198368787765503
-0.9516452550888062 0.8901844620704651 -0.3907867670059204
-0.9664053916931152 0.8682158589363098 -0.38959720730781555
-0.9806878566741943 0.8460339307785034 -0.3884167969226837
-0.9944928288459778 0.8236476182937622 -0.38724368810653687
-1.0078186988830566 0.8010680675506592 -0.3860809803009033
-1.020665168762207 0.7783065438270569 -0.38492801785469055
-1.0330320596694946 0.7553713917732239 -0.38378360867500305
-1.044917345046997 0.7322742938995361 -0.3826501667499542
-1.0563218593597412 0.7090256810188293 -0.38152652978897095
-1.0672452449798584 0.6856346130371094 -0.38041386008262634
-1.0776886940002441 0.6621105670928955 -0.37931278347969055
-1.0876508951187134 0.6384649276733398 -0.3782220780849457
-1.0971341133117676 0.6147053241729736 -0.3771441876888275
-1.1061378717422485 0.5908419489860535 -0.37607792019844055
-1.1146631240844727 0.5668855309486389 -0.37502321600914
-1.1227113008499146 0.5428431630134583 -0.3739819824695587
-1.130283236503601 0.5187245011329651 -0.3729541301727295
-1.1373802423477173 0.4945397973060608 -0.3719384968280792
-1.1440043449401855 0.47029584646224976 -0.37093570828437805
-1.15015709400177 0.446002334356308 -0.369948148727417
-1.1558387279510498 0.4216688573360443 -0.368971586227417
-1.1610525846481323 0.3973022401332855 -0.36801090836524963
-1.1658002138137817 0.37291043996810913 -0.3670642375946045
-1.1700834035873413 0.3485034108161926 -0.36613163352012634
-1.1739044189453125 0.32408782839775085 -0.36521366238594055
-1.1772658824920654 0.29967162013053894 -0.36430972814559937
-1.1801693439483643 0.27526381611824036 -0.3634216785430908
-1.182618260383606 0.25087082386016846 -0.36254948377609253
-1.1846137046813965 0.22649963200092316 -0.3616907000541687
-1.1861597299575806 0.20215971767902374 -0.3608478009700775
-1.1872584819793701 0.17785628139972687 -0.36002200841903687
-1.187912106513977 0.1535978615283966 -0.3592096269130707
-1.1881240606307983 0.12939056754112244 -0.35841435194015503
-1.1878970861434937 0.10524246096611023 -0.35763493180274963
-1.1872339248657227 0.08115813881158829 -0.35687199234962463
-1.1861381530761719 0.05714675784111023 -0.35612553358078003
-1.1846115589141846 0.03321334719657898 -0.3553949296474457
-1.1826587915420532 0.009365386329591274 -0.3546796143054962
-1.1802822351455688 -0.014391631819307804 -0.3539825677871704
-1.177484393119812 -0.03805068880319595 -0.35330143570899963
-1.1742690801620483 -0.06160644441843033 -0.35263797640800476
-1.1706407070159912 -0.08505218476057053 -0.35199040174484253
-1.1666003465652466 -0.10838226228952408 -0.35135990381240845
-1.1621522903442383 -0.1315905749797821 -0.3507464826107025
-1.1573009490966797 -0.15467147529125214 -0.35014957189559937
-1.1520479917526245 -0.17761947214603424 -0.3495715856552124
-1.1463980674743652 -0.20042861998081207 -0.34900879859924316
-1.140354037284851 -0.2230934053659439 -0.34846562147140503
-1.1339198350906372 -0.24560928344726562 -0.3479382395744324
-1.1270982027053833 -0.26797011494636536 -0.34742987155914307
-1.1198936700820923 -0.29016950726509094 -0.3469367027282715
-1.1123087406158447 -0.312205046415329 -0.3464624285697937
-1.1043471097946167 -0.3340696692466736 -0.3460046648979187
-1.0960135459899902 -0.3557581901550293 -0.34556645154953003
-1.087309718132019 -0.37726593017578125 -0.34514468908309937
-1.0782405138015747 -0.3985893130302429 -0.34474247694015503
-1.0688096284866333 -0.4197222888469696 -0.34435611963272095
-1.0590205192565918 -0.4406593143939972 -0.3439868688583374
-1.0488758087158203 -0.46139785647392273 -0.34363770484924316
-1.0383808612823486 -0.48193100094795227 -0.343306303024292
-1.0275378227233887 -0.5022547841072083 -0.34299135208129883
-1.0163512229919434 -0.5223658680915833 -0.342695951461792
-1.0048248767852783 -0.5422590374946594 -0.34241700172424316
-0.9929628968238831 -0.5619288682937622 -0.3421570062637329
-0.980766773223877 -0.5813724994659424 -0.3419153094291687
-0.9682424068450928 -0.600584864616394 -0.34169071912765503
-0.9553930759429932 -0.6195610165596008 -0.3414856195449829
-0.9422224760055542 -0.6382975578308105 -0.3412964344024658
-0.9287334680557251 -0.6567896604537964 -0.34112799167633057
-0.9149316549301147 -0.675033688545227 -0.3409759998321533
-0.9008194208145142 -0.6930265426635742 -0.3408435583114624
-0.8864009380340576 -0.710761547088623 -0.34072816371917725
-0.8716805577278137 -0.7282364964485168 -0.34063172340393066
-0.8566615581512451 -0.7454463243484497 -0.3405529856681824
-0.8413480520248413 -0.7623878121376038 -0.3404919505119324
-0.825743556022644 -0.7790562510490417 -0.34044986963272095
-0.8098526000976562 -0.7954487204551697 -0.34042608737945557
-0.7936787605285645 -0.8115599155426025 -0.3404199481010437
-0.7772256731987 -0.8273869156837463 -0.3404327630996704
-0.7604985237121582 -0.8429258465766907 -0.3404620885848999
-0.7434996366500854 -0.8581715226173401 -0.3405115008354187
-0.7262343168258667 -0.8731215000152588 -0.34057867527008057
-0.7087062001228333 -0.8877720236778259 -0.3406640887260437
-0.6909196376800537 -0.9021183848381042 -0.3407672643661499
-0.6728784441947937 -0.916157066822052 -0.3408893346786499
-0.654586672782898 -0.9298847913742065 -0.34102970361709595
-0.6360489130020142 -0.943297266960144 -0.34118717908859253
-0.6172686815261841 -0.9563902020454407 -0.3413623571395874
-0.5982510447502136 -0.9691618084907532 -0.34155702590942383
-0.5790005326271057 -0.9816066026687622 -0.34177064895629883
-0.5595201253890991 -0.9937214255332947 -0.34199953079223633
-0.5398150682449341 -1.0055030584335327 -0.34224915504455566
-0.5198893547058105 -1.016946792602539 -0.3425152897834778
-0.4997491240501404 -1.0280494689941406 -0.34279972314834595
-0.47939619421958923 -1.0388081073760986 -0.3431018590927124
-0.4588374197483063 -1.049217939376831 -0.3434234857559204
-0.43807661533355713 -1.0592765808105469 -0.34376221895217896
-0.4171175956726074 -1.0689796209335327 -0.34411871433258057
-0.39596661925315857 -1.078323245048523 -0.34449219703674316
-0.3746272027492523 -1.0873042345046997 -0.34488528966903687
-0.35310423374176025 -1.0959199666976929 -0.34529542922973633
-0.33140501379966736 -1.1041651964187622 -0.34572267532348633
-0.30953094363212585 -1.1120375394821167 -0.3461682200431824
-0.28748899698257446 -1.1195335388183594 -0.3466315269470215
-0.26528578996658325 -1.126649022102356 -0.3471124768257141
-0.24292311072349548 -1.1333805322647095 -0.34761112928390503
-0.22040772438049316 -1.1397258043289185 -0.34812623262405396
-0.1977456659078598 -1.1456794738769531 -0.3486596941947937
-0.17494262754917145 -1.1512393951416016 -0.349210262298584
-0.1520022600889206 -1.1564027070999146 -0.34977787733078003
-0.1289309710264206 -1.1611649990081787 -0.35036319494247437
-0.10573562979698181 -1.1655237674713135 -0.350966215133667
-0.08242142200469971 -1.1694749593734741 -0.35158511996269226
-0.05899231135845184 -1.1730155944824219 -0.3522217273712158
-0.0354573056101799 -1.1761420965194702 -0.35287541151046753
-0.011820226907730103 -1.1788523197174072 -0.35354557633399963
0.011911466717720032 -1.1811424493789673 -0.35423222184181213
0.03573394566774368 -1.183009147644043 -0.3549359440803528
0.059637896716594696 -1.184449553489685 -0.3556561768054962
0.08361754566431046 -1.1854609251022339 -0.3563922345638275
0.10766708105802536 -1.1860401630401611 -0.3571460247039795
0.1317806839942932 -1.1861839294433594 -0.3579156696796417
0.15594863891601562 -1.1858893632888794 -0.3586999773979187
0.180167555809021 -1.1851541996002197 -0.3595001697540283
0.20442825555801392 -1.1839756965637207 -0.3603174090385437
0.2287239134311676 -1.1823512315750122 -0.3611505329608917
0.25304701924324036 -1.1802775859832764 -0.36199894547462463
0.2773907482624054 -1.1777530908584595 -0.3628619611263275
0.3017491102218628 -1.174773931503296 -0.3637402653694153
0.3261125087738037 -1.1713389158248901 -0.36463382840156555
0.350473016500473 -1.1674457788467407 -0.3655426502227783
0.37482404708862305 -1.1630918979644775 -0.36646610498428345
0.3991566300392151 -1.1582752466201782 -0.3674035966396332
0.4234636127948761 -1.152994155883789 -0.3683563470840454
0.44665053486824036 -1.1444644927978516 -0.3684265613555908
0.4695602357387543 -1.1352168321609497 -0.3684161603450775
0.49228939414024353 -1.1255296468734741 -0.3684106767177582
0.5148272514343262 -1.115409016609192 -0.3684137165546417
0.5371673107147217 -1.1048582792282104 -0.368422269821167
0.5593011379241943 -1.0938795804977417 -0.36843815445899963
0.581221878528595 -1.0824775695800781 -0.36846134066581726
0.6029214262962341 -1.0706557035446167 -0.36849063634872437
0.6243917346000671 -1.0584193468093872 -0.3685266375541687
0.6456258893013 -1.0457700490951538 -0.3685699701309204
0.6666161417961121 -1.0327147245407104 -0.3686194121837616
0.6873549818992615 -1.0192564725875854 -0.36867555975914
0.7078338265419006 -1.0053995847702026 -0.36873844265937805
0.7280471324920654 -0.9911506175994873 -0.3688092529773712
0.747988224029541 -0.9765119552612305 -0.3688855469226837
0.7676479816436768 -0.9614887833595276 -0.36896976828575134
0.7870196104049683 -0.9460874795913696 -0.36905887722969055
0.806097686290741 -0.9303120374679565 -0.36915531754493713
0.8248736262321472 -0.914169430732727 -0.36925846338272095
0.8433413505554199 -0.8976624608039856 -0.369368314743042
0.8614934682846069 -0.880799412727356 -0.3694842755794525
0.8793240189552307 -0.8635823130607605 -0.3696075677871704
0.8968261480331421 -0.8460200428962708 -0.36973637342453003
0.9139940738677979 -0.8281171917915344 -0.36987248063087463
0.930819034576416 -0.8098801970481873 -0.3700146973133087
0.9472969770431519 -0.7913145422935486 -0.370161771774292
0.9634197950363159 -0.7724259495735168 -0.37031620740890503
0.9791839122772217 -0.7532227635383606 -0.37047794461250305
0.9945809841156006 -0.7337098717689514 -0.3706439435482025
1.0096062421798706 -0.7138923406600952 -0.3708178997039795
1.0242528915405273 -0.6937800645828247 -0.3709961175918579
1.0385165214538574 -0.6733781099319458 -0.3711816668510437
1.052389144897461 -0.6526936292648315 -0.3713727295398712
1.065867304801941 -0.6317326426506042 -0.3715698719024658
1.0789446830749512 -0.6105036735534668 -0.37177249789237976
1.0916165113449097 -0.5890129208564758 -0.3719818592071533
1.103875994682312 -0.567267894744873 -0.3721954822540283
1.1157201528549194 -0.5452766418457031 -0.37241581082344055
1.1271425485610962 -0.52304607629776 -0.37264224886894226
1.1381386518478394 -0.5005830526351929 -0.3728729486465454
1.1487029790878296 -0.4778974950313568 -0.3731091618537903
1.158832311630249 -0.45499494671821594 -0.37335148453712463
1.1685214042663574 -0.43188443779945374 -0.3735986649990082
1.177765130996704 -0.40857329964637756 -0.37385135889053345
1.1865602731704712 -0.3850715458393097 -0.3741089105606079
1.194901943206787 -0.3613853454589844 -0.37437137961387634
1.2027862071990967 -0.3375239372253418 -0.3746381103992462
1.2102102041244507 -0.3134951591491699 -0.3749109208583832
1.2171688079833984 -0.2893087565898895 -0.3751886188983917
1.2236592769622803 -0.264970988035202 -0.37547001242637634
1.229677677154541 -0.24049285054206848 -0.37575563788414
1.2352209091186523 -0.2158821076154709 -0.3760467767715454
1.2402852773666382 -0.1911480724811554 -0.37634220719337463
1.2448687553405762 -0.16630004346370697 -0.3766418695449829
1.2489681243896484 -0.14134566485881805 -0.376945823431015
1.252579927444458 -0.11629486083984375 -0.37725406885147095
1.2557021379470825 -0.0911572277545929 -0.3775647282600403
1.2583327293395996 -0.06594207882881165 -0.37788090109825134
1.2604687213897705 -0.040657807141542435 -0.37820011377334595
1.2621086835861206 -0.015314330346882343 -0.378523588180542
1.2632513046264648 0.01007843017578125 -0.3788507282733917
1.263892412185669 0.0355113223195076 -0.37918034195899963
1.2640331983566284 0.06097503378987312 -0.3795141875743866
1.2636711597442627 0.08645842969417572 -0.3798498809337616
1.2628051042556763 0.11195404082536697 -0.3801892399787903
1.2614339590072632 0.1374494880437851 -0.3805316388607025
1.259556531906128 0.1629374623298645 -0.3808777332305908
1.2571728229522705 0.1884060651063919 -0.38122501969337463
1.2542818784713745 0.2138465791940689 -0.38157597184181213
1.2508842945098877 0.23924759030342102 -0.3819287419319153
1.2469793558120728 0.26460081338882446 -0.38228458166122437
1.2425668239593506 0.28989502787590027 -0.3826422393321991
1.2376476526260376 0.3151203989982605 -0.38300174474716187
1.2322219610214233 0.3402659595012665 -0.3833630681037903
1.2262905836105347 0.36532363295555115 -0.3837256133556366
1.219854712486267 0.39028090238571167 -0.3840906023979187
1.2129147052764893 0.4151289165019989 -0.3844580352306366
1.2054729461669922 0.43985670804977417 -0.3848254680633545
1.1975301504135132 0.4644549489021301 -0.38519352674484253
1.1890887022018433 0.4889117181301117 -0.3855634033679962
1.1801494359970093 0.5132192969322205 -0.3859344720840454
1.1707161664962769 0.537364661693573 -0.38630619645118713
1.1607897281646729 0.5613398551940918 -0.3866784870624542
1.1503740549087524 0.5851325988769531 -0.38705021142959595
1.139471411705017 0.6087345480918884 -0.3874237537384033
1.1280837059020996 0.6321339011192322 -0.3877960443496704
1.1162164211273193 0.6553220748901367 -0.38816899061203003
1.1038717031478882 0.6782873272895813 -0.388542503118515
1.091052770614624 0.7010207772254944 -0.38891544938087463
1.0777654647827148 0.7235113382339478 -0.3892865478992462
1.064011812210083 0.7457502484321594 -0.38965824246406555
1.0497972965240479 0.7677262425422668 -0.39002934098243713
1.0351263284683228 0.7894306778907776 -0.3903985917568207
1.0200035572052002 0.8108529448509216 -0.39076846837997437
1.0044350624084473 0.8319827318191528 -0.39113590121269226
0.9884246587753296 0.8528110384941101 -0.39150089025497437
0.9719786643981934 0.8733283877372742 -0.3918652832508087
0.955102801322937 0.8935247659683228 -0.3922284245491028
0.9378030300140381 0.9133904576301575 -0.39258915185928345
0.9200854301452637 0.9329174757003784 -0.3929486572742462
0.9019564390182495 0.9520946145057678 -0.3933044672012329
0.8834221959114075 0.9709146022796631 -0.3936590850353241
0.8644903302192688 0.9893671870231628 -0.3940112590789795
0.8451675176620483 1.007443904876709 -0.39436039328575134
0.8254610896110535 1.02513587474823 -0.394707053899765
0.8053783774375916 1.0424346923828125 -0.39504948258399963
0.7849276065826416 1.0593312978744507 -0.3953900635242462
0.764115571975708 1.0758181810379028 -0.3957269489765167
0.7429525256156921 1.0918859243392944 -0.3960596024990082
0.721443772315979 1.107527494430542 -0.3963891863822937
0.699601411819458 1.1227344274520874 -0.3967157304286957
0.6774303913116455 1.1374996900558472 -0.3970392048358917
0.6549431681632996 1.151814579963684 -0.3973565995693207
0.6321462392807007 1.165673017501831 -0.39767032861709595
0.6090511679649353 1.17906653881073 -0.39798039197921753
0.5856649279594421 1.1919890642166138 -0.39828434586524963
0.5619991421699524 1.2044332027435303 -0.39858463406562805
0.5380629897117615 1.2163931131362915 -0.39888066053390503
0.5138665437698364 1.2278611660003662 -0.3991711735725403
0.4894198477268219 1.2388321161270142 -0.39945682883262634
0.4647344648838043 1.2493000030517578 -0.3997369706630707
0.43981918692588806 1.2592588663101196 -0.4000116288661957
0.41468581557273865 1.2687032222747803 -0.4002813994884491
0.38934433460235596 1.27762770652771 -0.4005456864833832
0.36380720138549805 1.2860268354415894 -0.40080326795578003
0.3380841016769409 1.293897032737732 -0.4010559320449829
0.3121873438358307 1.3012325763702393 -0.40130192041397095
0.28612715005874634 1.3080297708511353 -0.40154239535331726
0.25991636514663696 1.314284086227417 -0.40177616477012634
0.23356521129608154 1.3199927806854248 -0.40200382471084595
0.20708665251731873 1.325150728225708 -0.4022247791290283
0.18049195408821106 1.3297555446624756 -0.40243959426879883
0.15379393100738525 1.3338044881820679 -0.4026465117931366
0.12700271606445312 1.3372949361801147 -0.40284794569015503
0.10013259202241898 1.340223789215088 -0.40304142236709595
0.07319381088018417 1.3425893783569336 -0.40322941541671753
0.04620010405778885 1.3443888425827026 -0.4034082293510437
0.019163206219673157 1.3456225395202637 -0.4035809636116028
-0.007904663681983948 1.3462872505187988 -0.40374699234962463
-0.03498993068933487 1.346382975578308 -0.4039056599140167
-0.06208221614360809 1.3459091186523438 -0.4040552079677582
-0.089167021214962 1.3448646068572998 -0.40419802069664
-0.11623398214578629 1.3432496786117554 -0.40433475375175476
-0.14326828718185425 1.3410640954971313 -0.4044623076915741
-0.17025893926620483 1.3383090496063232 -0.40458133816719055
-0.19719238579273224 1.334985613822937 -0.4046948552131653
-0.2240571677684784 1.331093430519104 -0.404799222946167
-0.2508396804332733 1.3266351222991943 -0.40489625930786133
-0.2775288224220276 1.3216114044189453 -0.40498417615890503
-0.30411040782928467 1.3160250186920166 -0.4050653278827667
-0.3305737376213074 1.3098773956298828 -0.4051373600959778
-0.3569051921367645 1.3031725883483887 -0.40520143508911133
-0.3830932378768921 1.295911192893982 -0.40525761246681213
-0.40912488102912903 1.288098692893982 -0.4053064286708832
-0.4349888563156128 1.279737114906311 -0.4053473174571991
-0.4606732130050659 1.2708308696746826 -0.405379056930542
-0.4861648380756378 1.261383056640625 -0.40540164709091187
-0.5114521980285645 1.2513985633850098 -0.40541690587997437
-0.5365241765975952 1.2408818006515503 -0.4054248332977295
-0.5613678097724915 1.2298388481140137 -0.4054248332977295
-0.5859735012054443 1.21827232837677 -0.4054138660430908
-0.6103282570838928 1.2061901092529297 -0.4053967595100403
-0.6344201564788818 1.193596363067627 -0.40537112951278687
-0.6582396030426025 1.1804983615875244 -0.4053369462490082
-0.6817764639854431 1.166900634765625 -0.40529483556747437
-0.7050167918205261 1.152811050415039 -0.40524357557296753
-0.7279524207115173 1.1382354497909546 -0.4051849842071533
-0.7500180006027222 1.1223528385162354 -0.40481996536254883
-0.7700459361076355 1.1036163568496704 -0.4035669267177582
-0.789630115032196 1.0845383405685425 -0.40231752395629883
-0.8087680339813232 1.0651280879974365 -0.4010711908340454
-0.8274532556533813 1.0454013347625732 -0.3998285233974457
-0.8456834554672241 1.0253658294677734 -0.39859074354171753
-0.8634539246559143 1.0050342082977295 -0.39735841751098633
-0.880761981010437 0.9844176173210144 -0.3961310088634491
-0.897605299949646 0.963527500629425 -0.3949103057384491
-0.9139811992645264 0.9423735737800598 -0.3936951160430908
-0.9298861026763916 0.9209696054458618 -0.3924878239631653
-0.9453189373016357 0.8993246555328369 -0.39128726720809937
-0.960277795791626 0.8774493932723999 -0.3900952637195587
-0.9747604131698608 0.8553557991981506 -0.38891056180000305
-0.9887659549713135 0.833052933216095 -0.3877350091934204
-1.0022921562194824 0.8105538487434387 -0.3865674138069153
-1.015339732170105 0.7878674268722534 -0.3854095935821533
-1.0279072523117065 0.765003502368927 -0.38426151871681213
-1.039994716644287 0.7419735789299011 -0.38312381505966187
-1.051600694656372 0.7187873721122742 -0.38199588656425476
-1.0627261400222778 0.695453941822052 -0.3808789551258087
-1.0733706951141357 0.6719851493835449 -0.37977299094200134
-1.0835344791412354 0.6483888030052185 -0.37867802381515503
-1.0932176113128662 0.6246761679649353 -0.37759464979171753
-1.1024225950241089 0.6008552312850952 -0.3765222430229187
-1.1111481189727783 0.5769367814064026 -0.37546390295028687
-1.1193962097167969 0.5529293417930603 -0.3744165301322937
-1.127167820930481 0.5288407802581787 -0.37338322401046753
-1.1344637870788574 0.5046831965446472 -0.3723627030849457
-1.1412858963012695 0.4804629385471344 -0.3713544011116028
-1.1476356983184814 0.4561883509159088 -0.3703601360321045
-1.1535141468048096 0.4318719506263733 -0.36937931180000305
-1.1589244604110718 0.4075172245502472 -0.3684125244617462
-1.1638669967651367 0.3831358253955841 -0.3674585223197937
-1.1683447360992432 0.35873350501060486 -0.3665204346179962
-1.172359585762024 0.33431991934776306 -0.3655969500541687
-1.175912857055664 0.3099038600921631 -0.3646863102912903
-1.1790082454681396 0.28549179434776306 -0.36379274725914
-1.181647539138794 0.2610902488231659 -0.3629138469696045
-1.1838325262069702 0.23671111464500427 -0.3620477616786957
-1.185566782951355 0.2123565673828125 -0.361198753118515
-1.186852216720581 0.18803741037845612 -0.360365629196167
-1.1876916885375977 0.1637597680091858 -0.3595483601093292
-1.1880888938903809 0.13952849805355072 -0.35874637961387634
-1.188045859336853 0.11535491794347763 -0.3579602539539337
-1.1875649690628052 0.09124358743429184 -0.35718998312950134
-1.1866501569747925 0.06719955056905746 -0.35643619298934937
-1.1853036880493164 0.043235015124082565 -0.3556988835334778
-1.183529019355774 0.019349059090018272 -0.3549768328666687
-1.1813291311264038 -0.004446716047823429 -0.35427311062812805
-1.1787080764770508 -0.028147123754024506 -0.3535846173763275
-1.1756672859191895 -0.05174758657813072 -0.3529132306575775
-1.1722114086151123 -0.07523956149816513 -0.35225895047187805
-1.1683433055877686 -0.0986187756061554 -0.3516223430633545
-1.1640660762786865 -0.12187957763671875 -0.3510010242462158
-1.1593830585479736 -0.1450141817331314 -0.35039860010147095
-1.154298186302185 -0.16801787912845612 -0.34981203079223633
-1.14881432056427 -0.190887451171875 -0.34924256801605225
-1.1429349184036255 -0.21361175179481506 -0.348691463470459
-1.1366633176803589 -0.23619170486927032 -0.34815675020217896
-1.1300044059753418 -0.2586183249950409 -0.34764039516448975
-1.122959017753601 -0.28088560700416565 -0.3471405506134033
-1.1155331134796143 -0.30299118161201477 -0.34665894508361816
-1.1077293157577515 -0.32492735981941223 -0.3461945056915283
-1.0995510816574097 -0.34669020771980286 -0.34574830532073975
-1.0910018682479858 -0.3682752847671509 -0.3453192710876465
-1.0820860862731934 -0.3896752893924713 -0.3449084758758545
-1.0728058815002441 -0.410888671875 -0.34451544284820557
-1.0631664991378784 -0.4319085478782654 -0.3441394567489624
-1.0531705617904663 -0.45273053646087646 -0.34378302097320557
-1.0428216457366943 -0.47335097193717957 -0.343442440032959
-1.0321241617202759 -0.493763267993927 -0.34312134981155396
-1.021081566810608 -0.5139637589454651 -0.3428168296813965
-1.0096971988677979 -0.5339484810829163 -0.34253180027008057
-0.9979740381240845 -0.5537132024765015 -0.3422638177871704
-0.9859176874160767 -0.5732517838478088 -0.34201478958129883
-0.9735308885574341 -0.5925611853599548 -0.3417828679084778
-0.9608175754547119 -0.6116368174552917 -0.34156864881515503
-0.9477803707122803 -0.6304749846458435 -0.34137392044067383
-0.9344249963760376 -0.6490702629089355 -0.34119629859924316
-0.920754075050354 -0.667418360710144 -0.34103822708129883
-0.9067708849906921 -0.6855164766311646 -0.34089726209640503
-0.8924806118011475 -0.7033604383468628 -0.34077394008636475
-0.8778866529464722 -0.7209449410438538 -0.34067022800445557
-0.8629920482635498 -0.738266110420227 -0.3405841588973999
-0.847801923751831 -0.7553202509880066 -0.34051579236984253
-0.8323178291320801 -0.7721046209335327 -0.34046512842178345
-0.8165462017059326 -0.7886127829551697 -0.34043335914611816
-0.8004908561706543 -0.8048420548439026 -0.3404199481010437
-0.7841551303863525 -0.8207886815071106 -0.34042608737945557
-0.7675415277481079 -0.8364490866661072 -0.3404480218887329
-0.7506564259529114 -0.8518180847167969 -0.3404901623725891
-0.7335026860237122 -0.8668925166130066 -0.3405487537384033
-0.7160841226577759 -0.881668210029602 -0.34062623977661133
-0.698404848575592 -0.8961430191993713 -0.3407226800918579
-0.6804699897766113 -0.9103108048439026 -0.34083622694015503
-0.662283182144165 -0.9241694211959839 -0.34096866846084595
-0.6438467502593994 -0.9377152919769287 -0.3411182165145874
-0.625167727470398 -0.9509428143501282 -0.3412872552871704
-0.6062495708465576 -0.9638493061065674 -0.3414740562438965
-0.5870962738990784 -0.9764310717582703 -0.34167909622192383
-0.5677105784416199 -0.988685131072998 -0.3419013023376465
-0.5481001138687134 -1.0006065368652344 -0.34214234352111816
-0.5282667279243469 -1.012191653251648 -0.34240174293518066
-0.5082159638404846 -1.0234376192092896 -0.3426782488822937
-0.48795104026794434 -1.03434157371521 -0.3429730534553528
-0.46747830510139465 -1.0448981523513794 -0.34328675270080566
-0.44680190086364746 -1.0551035404205322 -0.3436182141304016
-0.4259251356124878 -1.0649561882019043 -0.3439667224884033
-0.40485426783561707 -1.0744510889053345 -0.34433412551879883
-0.383592814207077 -1.0835846662521362 -0.3447186350822449
-0.3621472120285034 -1.0923539400100708 -0.345120906829834
-0.34052062034606934 -1.1007548570632935 -0.34554141759872437
-0.3187182545661926 -1.1087843179702759 -0.3459790349006653
-0.2967468202114105 -1.1164381504058838 -0.34643495082855225
-0.27461013197898865 -1.1237132549285889 -0.34690922498703003
-0.2523140013217926 -1.1306061744689941 -0.34739935398101807
-0.22986143827438354 -1.1371138095855713 -0.3479083776473999
-0.20726057887077332 -1.143231987953186 -0.34843385219573975
-0.18451598286628723 -1.14895761013031 -0.3489764928817749
-0.1616326868534088 -1.154287576675415 -0.3495386242866516
-0.13861511647701263 -1.1592183113098145 -0.3501160144805908
-0.11547195911407471 -1.1637464761734009 -0.3507111072540283
-0.09220688045024872 -1.1678684949874878 -0.3513238728046417
-0.0688253790140152 -1.1715818643569946 -0.3519531488418579
-0.0453326441347599 -1.1748828887939453 -0.35259953141212463
-0.021737217903137207 -1.1777675151824951 -0.35326236486434937
0.001955561339855194 -1.1802338361740112 -0.35394230484962463
0.02573973685503006 -1.1822782754898071 -0.35463932156562805
0.04961013048887253 -1.1838980913162231 -0.3553521931171417
0.07355955988168716 -1.1850895881652832 -0.3560822010040283
0.0975794866681099 -1.1858500242233276 -0.35682743787765503
0.12166702002286911 -1.1861763000488281 -0.35759037733078003
0.14581406116485596 -1.1860661506652832 -0.35836857557296753
0.17001250386238098 -1.185516119003296 -0.3591626286506653
0.19425520300865173 -1.1845240592956543 -0.3599731922149658
0.21853652596473694 -1.183086633682251 -0.3607995808124542
0.2428506314754486 -1.1812013387680054 -0.3616412580013275
0.2671876549720764 -1.1788657903671265 -0.36249759793281555
0.2915402054786682 -1.1760773658752441 -0.3633703887462616
0.31590208411216736 -1.1728342771530151 -0.36425846815109253
0.3402648866176605 -1.1691334247589111 -0.3651605546474457
0.3646202087402344 -1.1649730205535889 -0.3660779297351837
0.3889608681201935 -1.1603504419326782 -0.3670099079608917
0.41328033804893494 -1.1552637815475464 -0.3679559528827667
0.43699660897254944 -1.1482096910476685 -0.36843326687812805
0.4599807560443878 -1.1391456127166748 -0.36841922998428345
0.4827859699726105 -1.1296430826187134 -0.3684113025665283
0.5054052472114563 -1.1197041273117065 -0.3684113025665283
0.5278289318084717 -1.1093326807022095 -0.36841800808906555
0.5500503182411194 -1.0985321998596191 -0.36843082308769226
0.5720608234405518 -1.0873078107833862 -0.36845096945762634
0.5938555598258972 -1.0756605863571167 -0.3684771955013275
0.6154226064682007 -1.063597559928894 -0.36850956082344055
0.6367562413215637 -1.0511209964752197 -0.3685510456562042
0.6578490734100342 -1.0382359027862549 -0.36859866976737976
0.6786944270133972 -1.0249454975128174 -0.3686511516571045
0.6992831230163574 -1.0112550258636475 -0.3687121868133545
0.7196096181869507 -0.9971702098846436 -0.3687787353992462
0.7396645545959473 -0.9826933145523071 -0.3688531816005707
0.7594433426856995 -0.9678312540054321 -0.36893436312675476
0.7789367437362671 -0.9525877237319946 -0.3690198063850403
0.7981380820274353 -0.9369691014289856 -0.3691132068634033
0.8170415759086609 -0.9209800362586975 -0.369215726852417
0.8356398940086365 -0.9046235680580139 -0.3693213164806366
0.8539254069328308 -0.8879090547561646 -0.3694348633289337
0.871891438961029 -0.870840311050415 -0.3695557117462158
0.8895311951637268 -0.853422999382019 -0.36968204379081726
0.9068398475646973 -0.8356611728668213 -0.3698144853115082
0.9238091707229614 -0.8175635933876038 -0.3699536621570587
0.9404332637786865 -0.7991352677345276 -0.3700995147228241
0.9567059278488159 -0.7803816199302673 -0.37025150656700134
0.972622275352478 -0.7613087296485901 -0.3704095780849457
0.9881734848022461 -0.7419242858886719 -0.3705737590789795
1.0033553838729858 -0.7222349643707275 -0.3707440495491028
1.0181609392166138 -0.70224529504776 -0.37092044949531555
1.0325859785079956 -0.6819636225700378 -0.37110355496406555
1.0466225147247314 -0.661396324634552 -0.37129154801368713
1.0602673292160034 -0.6405506730079651 -0.3714868426322937
1.073513150215149 -0.6194337606430054 -0.371687650680542
1.0863558053970337 -0.5980506539344788 -0.37189334630966187
1.0987889766693115 -0.5764122009277344 -0.3721063435077667
1.1108068227767944 -0.5545225143432617 -0.3723236322402954
1.1224068403244019 -0.5323905944824219 -0.3725464344024658
1.1335827112197876 -0.5100248456001282 -0.3727753162384033
1.1443285942077637 -0.4874311685562134 -0.37300905585289
0.727714478969574 0.9585013389587402 -0.3943970203399658
0.7088460922241211 0.9737033843994141 -0.394707053899765
0.6896557211875916 0.9885262250900269 -0.395012229681015
0.6701492071151733 1.0029627084732056 -0.3953149616718292
0.6503356695175171 1.0170048475265503 -0.395613431930542
0.630222737789154 1.0306466817855835 -0.3959100544452667
0.6098177433013916 1.0438811779022217 -0.39620059728622437
0.5891299247741699 1.056701421737671 -0.3964898884296417
0.5681667923927307 1.0691004991531372 -0.396773099899292
0.546938419342041 1.0810729265213013 -0.39705324172973633
0.5254525542259216 1.0926119089126587 -0.3973291218280792
0.5037176012992859 1.1037111282348633 -0.3976007401943207
0.4817434847354889 1.1143661737442017 -0.39786747097969055
0.4595390260219574 1.1245698928833008 -0.3981311321258545
0.43711379170417786 1.1343178749084473 -0.39838871359825134
0.4144773781299591 1.1436048746109009 -0.39864200353622437
0.39163878560066223 1.1524251699447632 -0.3988891839981079
0.3686085343360901 1.1607742309570312 -0.39913210272789
0.34539687633514404 1.1686482429504395 -0.3993695378303528
0.3220120072364807 1.1760417222976685 -0.3996026813983917
0.2984669506549835 1.1829509735107422 -0.3998291492462158
0.2747694253921509 1.1893724203109741 -0.40004947781562805
0.25093093514442444 1.1953023672103882 -0.4002673625946045
0.22696122527122498 1.200736403465271 -0.4004760980606079
0.2028721570968628 1.2056726217269897 -0.40068119764328003
0.1786733865737915 1.2101078033447266 -0.40087956190109253
0.15437591075897217 1.2140380144119263 -0.40107181668281555
0.1299908459186554 1.2174619436264038 -0.4012579619884491
0.10552825778722763 1.2203766107559204 -0.4014374017715454
0.08100036531686783 1.2227805852890015 -0.40161076188087463
0.05641723424196243 1.2246712446212769 -0.40177860856056213
0.03179030865430832 1.2260488271713257 -0.40193971991539
0.007130429148674011 1.2269104719161987 -0.4020935297012329
-0.01755066215991974 1.2272555828094482 -0.4022400379180908
-0.042241670191287994 1.227083444595337 -0.40238162875175476
-0.06693238019943237 1.2263938188552856 -0.4025146961212158
-0.09161041676998138 1.2251862287521362 -0.4026428461074829
-0.1162649542093277 1.2234611511230469 -0.40276309847831726
-0.14088501036167145 1.2212189435958862 -0.4028753936290741
-0.1654585301876068 1.2184592485427856 -0.4029809832572937
-0.18997512757778168 1.2151834964752197 -0.40308046340942383
-0.21442320942878723 1.2113933563232422 -0.40317201614379883
-0.23879089951515198 1.207090139389038 -0.4032556414604187
-0.2630676329135895 1.202273964881897 -0.40333500504493713
-0.28724226355552673 1.1969486474990845 -0.40340456366539
-0.3113032579421997 1.1911154985427856 -0.40346744656562805
-0.33523955941200256 1.1847765445709229 -0.4035217761993408
-0.3590408265590668 1.1779358386993408 -0.40357059240341187
-0.38269469141960144 1.1705950498580933 -0.4036114811897278
-0.40619155764579773 1.1627579927444458 -0.40364503860473633
-0.42952054738998413 1.1544283628463745 -0.403670072555542
-0.4526692032814026 1.1456091403961182 -0.4036889970302582
-0.47562864422798157 1.1363047361373901 -0.4036993682384491
-0.4983879029750824 1.1265194416046143 -0.40370243787765503
-0.520936131477356 1.1162577867507935 -0.4036993682384491
-0.5432629585266113 1.105523943901062 -0.4036877751350403
-0.5653590559959412 1.0943235158920288 -0.40366825461387634
-0.5872131586074829 1.082662582397461 -0.4036419987678528
-0.6088153123855591 1.0705443620681763 -0.4036078155040741
-0.6301562786102295 1.0579756498336792 -0.4035657048225403
-0.6512260437011719 1.044963002204895 -0.40351811051368713
-0.6720152497291565 1.0315123796463013 -0.4034607410430908
-0.6922609210014343 1.0172556638717651 -0.40325015783309937
-0.7105638384819031 1.0002937316894531 -0.40211063623428345
-0.7284687757492065 0.9830127358436584 -0.4009729325771332
-0.7459729313850403 0.9654252529144287 -0.3998376727104187
-0.7630720734596252 0.9475396275520325 -0.39870670437812805
-0.7797605991363525 0.9293670654296875 -0.3975793719291687
-0.7960379123687744 0.9109164476394653 -0.3964563310146332
-0.811897873878479 0.892199695110321 -0.39533695578575134
-0.8273389339447021 0.8732251524925232 -0.3942236602306366
-0.8423571586608887 0.8540041446685791 -0.3931152820587158
-0.8569515943527222 0.834545373916626 -0.39201298356056213
-0.871118426322937 0.8148589730262756 -0.3909173905849457
-0.8848573565483093 0.7949532866477966 -0.3898279070854187
-0.8981647491455078 0.7748416066169739 -0.388746976852417
-0.911038875579834 0.7545306086540222 -0.38767093420028687
-0.9234797954559326 0.7340309023857117 -0.3866046369075775
-0.935484766960144 0.713352620601654 -0.38554447889328003
-0.947054386138916 0.6925036311149597 -0.3844952881336212
-0.9581866264343262 0.6714938282966614 -0.38345280289649963
-0.9688805341720581 0.6503334045410156 -0.3824212849140167
-0.9791359901428223 0.6290301084518433 -0.3813977539539337
-0.9889534711837769 0.6075935363769531 -0.3803839385509491
-0.9983319044113159 0.586033284664154 -0.3793805241584778
-1.0072720050811768 0.5643571615219116 -0.37838810682296753
-1.0157735347747803 0.5425739884376526 -0.37740543484687805
-1.023836374282837 0.5206937789916992 -0.3764331340789795
-1.0314621925354004 0.49872344732284546 -0.37547367811203003
-1.038651466369629 0.476671427488327 -0.3745245635509491
-1.0454035997390747 0.4545474052429199 -0.37358707189559937
-1.0517213344573975 0.43235838413238525 -0.37266117334365845
-1.0576049089431763 0.4101129174232483 -0.371748685836792
-1.0630552768707275 0.3878194987773895 -0.3708459734916687
-1.068073034286499 0.36548566818237305 -0.36995914578437805
-1.072662115097046 0.3431176543235779 -0.3690820634365082
-1.0768218040466309 0.32072585821151733 -0.36821964383125305
-1.0805542469024658 0.29831573367118835 -0.3673694133758545
-1.083861231803894 0.27589523792266846 -0.3665338456630707
-1.0867451429367065 0.2534728944301605 -0.3657104969024658
-1.0892066955566406 0.23105543851852417 -0.3649011552333832
-1.0912487506866455 0.20864790678024292 -0.36410588026046753
-1.0928738117218018 0.1862606704235077 -0.36332401633262634
-1.0940830707550049 0.1638983190059662 -0.3625567853450775
-1.0948795080184937 0.14156845211982727 -0.3618036210536957
-1.095264196395874 0.11927825957536697 -0.36106449365615845
-1.0952413082122803 0.0970335379242897 -0.3603406250476837
-1.0948117971420288 0.07484054565429688 -0.3596319854259491
-1.0939801931381226 0.05270645022392273 -0.3589380085468292
-1.0927460193634033 0.030637970194220543 -0.35825809836387634
-1.0911146402359009 0.008640746586024761 -0.3575940430164337
-1.089087724685669 -0.013279571197926998 -0.35694462060928345
-1.086667776107788 -0.035116422921419144 -0.3563110828399658
-1.083857774734497 -0.056863248348236084 -0.35569339990615845
-1.0806607007980347 -0.07851485908031464 -0.3550903797149658
-1.0770795345306396 -0.10006514936685562 -0.35450321435928345
-1.0731173753738403 -0.12150924652814865 -0.3539319336414337
-1.068776249885559 -0.1428404152393341 -0.353377103805542
-1.0640599727630615 -0.16405364871025085 -0.352836936712265
-1.0589711666107178 -0.18514342606067657 -0.3523126542568207
-1.053513765335083 -0.20610427856445312 -0.3518054485321045
-1.04768967628479 -0.2269316017627716 -0.35131412744522095
-1.0415033102035522 -0.24761962890625 -0.3508380353450775
-1.0349565744400024 -0.26816222071647644 -0.35037967562675476
-1.028054118156433 -0.28855574131011963 -0.34993594884872437
-1.0207974910736084 -0.3087954521179199 -0.3495105504989624
-1.0131908655166626 -0.32887449860572815 -0.3490997552871704
-1.0052387714385986 -0.34878936409950256 -0.34870606660842896
-0.9969419240951538 -0.3685359060764313 -0.3483288884162903
-0.9883052110671997 -0.3881077468395233 -0.3479687571525574
-0.9793319702148438 -0.407501220703125 -0.34762513637542725
-0.9700249433517456 -0.4267112612724304 -0.3472973704338074
-0.9603888988494873 -0.44573333859443665 -0.34698736667633057
-0.9504259824752808 -0.46456313133239746 -0.346693754196167
-0.940139651298523 -0.4831959307193756 -0.34641724824905396
-0.929533839225769 -0.5016279220581055 -0.3461572527885437
-0.9186123609542847 -0.5198533535003662 -0.3459131121635437
-0.9073778390884399 -0.537869393825531 -0.34568727016448975
-0.8958344459533691 -0.5556715130805969 -0.34547853469848633
-0.8839859962463379 -0.5732542276382446 -0.3452850580215454
-0.871835470199585 -0.5906150937080383 -0.3451092839241028
-0.8593863248825073 -0.6077485680580139 -0.34495240449905396
-0.8466429710388184 -0.6246510148048401 -0.34480899572372437
-0.8336088061332703 -0.6413190960884094 -0.3446838855743408
-0.8202865123748779 -0.6577473282814026 -0.3445770740509033
-0.8066813945770264 -0.6739335656166077 -0.3444855213165283
-0.7927955985069275 -0.6898716688156128 -0.34441226720809937
-0.7786344885826111 -0.7055598497390747 -0.34435611963272095
-0.7642001509666443 -0.7209925651550293 -0.34431707859039307
-0.7494974136352539 -0.7361665368080139 -0.34429383277893066
-0.7345295548439026 -0.7510783076286316 -0.34428834915161133
-0.719301164150238 -0.7657240033149719 -0.34429997205734253
-0.7038154602050781 -0.7800990343093872 -0.3443286418914795
-0.6880764961242676 -0.794200599193573 -0.344374418258667
-0.6720885038375854 -0.8080241084098816 -0.34443730115890503
-0.6558548212051392 -0.8215668797492981 -0.34451723098754883
-0.6393803358078003 -0.8348246812820435 -0.3446136713027954
-0.622668445110321 -0.8477934002876282 -0.3447278141975403
-0.6057223677635193 -0.860470712184906 -0.34485840797424316
-0.5885483026504517 -0.8728513717651367 -0.34500551223754883
-0.5711491107940674 -0.8849332928657532 -0.3451703190803528
-0.5535283088684082 -0.8967121839523315 -0.34535282850265503
-0.5356918573379517 -0.9081840515136719 -0.3455517888069153
-0.5176426768302917 -0.9193461537361145 -0.34576666355133057
-0.4993850588798523 -0.930195152759552 -0.34599918127059937
-0.480924516916275 -0.9407270550727844 -0.3462488055229187
-0.46226468682289124 -0.9509385228157043 -0.3465149402618408
-0.44340819120407104 -0.960826575756073 -0.34679752588272095
-0.42436400055885315 -0.970386803150177 -0.34709781408309937
-0.4051322937011719 -0.9796171188354492 -0.34741461277008057
-0.38571929931640625 -0.9885132908821106 -0.34774720668792725
-0.3661305010318756 -0.9970722794532776 -0.348097562789917
-0.3463699221611023 -1.0052906274795532 -0.348463773727417
-0.32644104957580566 -1.0131651163101196 -0.34884709119796753
-0.3063511550426483 -1.0206925868988037 -0.3492462635040283
-0.28610336780548096 -1.027869701385498 -0.34966129064559937
-0.2657028138637543 -1.0346931219100952 -0.3500940203666687
-0.24515610933303833 -1.0411601066589355 -0.3505432605743408
-0.2244654893875122 -1.047266960144043 -0.35100772976875305
-0.2036380022764206 -1.0530107021331787 -0.3514893054962158
-0.18267959356307983 -1.0583888292312622 -0.3519861102104187
-0.16159363090991974 -1.0633976459503174 -0.35249942541122437
-0.14038681983947754 -1.0680335760116577 -0.3530298173427582
-0.11906372010707855 -1.0722953081130981 -0.3535754680633545
-0.09763062000274658 -1.0761780738830566 -0.35413578152656555
-0.07609237730503082 -1.0796805620193481 -0.35471317172050476
-0.05445541813969612 -1.0827988386154175 -0.3553064167499542
-0.0327247679233551 -1.0855305194854736 -0.3559143543243408
-0.010908514261245728 -1.0878723859786987 -0.3565381169319153
0.010990440845489502 -1.0898221731185913 -0.35717716813087463
0.03296569734811783 -1.0913773775100708 -0.357832670211792
0.055010370910167694 -1.0925343036651611 -0.35850223898887634
0.07711563259363174 -1.0932914018630981 -0.35918644070625305
0.09927947074174881 -1.0936458110809326 -0.35988649725914
0.12149367481470108 -1.0935951471328735 -0.3606012165546417
0.14375168085098267 -1.0931364297866821 -0.3613305985927582
0.16604673862457275 -1.0922682285308838 -0.362074613571167
0.1883721947669983 -1.090988039970398 -0.3628314435482025
0.21072235703468323 -1.0892927646636963 -0.3636041581630707
0.2330879271030426 -1.087181568145752 -0.36439090967178345
0.2554634213447571 -1.0846515893936157 -0.3651910722255707
0.2778424024581909 -1.0817017555236816 -0.3660052716732025
0.3002178966999054 -1.0783287286758423 -0.36683353781700134
0.3225807249546051 -1.0745320320129395 -0.3676745891571045
0.34492355585098267 -1.0703092813491821 -0.3685290813446045
0.36724042892456055 -1.0656598806381226 -0.36939701437950134
0.3891003429889679 -1.0594313144683838 -0.3698761463165283
0.41030868887901306 -1.0513453483581543 -0.3698590397834778
0.4313555657863617 -1.0428513288497925 -0.36984866857528687
0.45223602652549744 -1.0339548587799072 -0.3698450028896332
0.47293975949287415 -1.0246565341949463 -0.3698456287384033
0.49346068501472473 -1.0149617195129395 -0.3698553740978241
0.5137917995452881 -1.0048729181289673 -0.3698694109916687
0.5339266657829285 -0.9943937659263611 -0.3698907792568207
0.5538567900657654 -0.9835270643234253 -0.36991825699806213
0.5735747814178467 -0.972278892993927 -0.3699518144130707
0.5930755138397217 -0.9606501460075378 -0.3699914813041687
0.6123501062393188 -0.9486463665962219 -0.37003666162490845
0.6313930749893188 -0.9362727403640747 -0.3700891435146332
0.6501958966255188 -0.9235316514968872 -0.37014713883399963
0.6687527298927307 -0.910427987575531 -0.3702118396759033
0.6870577335357666 -0.8969669938087463 -0.3702826201915741
0.7051033973693848 -0.8831504583358765 -0.3703589141368866
0.7228829264640808 -0.8689878582954407 -0.3704419434070587
0.7403903007507324 -0.8544797897338867 -0.3705316483974457
0.7576177716255188 -0.8396332859992981 -0.3706262409687042
0.7745614051818848 -0.8244523406028748 -0.37072697281837463
0.7912130355834961 -0.8089436292648315 -0.37083500623703003
0.8075671195983887 -0.7931104898452759 -0.37094852328300476
0.8236169219017029 -0.7769578099250793 -0.3710663318634033
0.839357852935791 -0.7604945302009583 -0.37119266390800476
0.854783296585083 -0.7437235713005066 -0.37132206559181213
0.8698861002922058 -0.7266495823860168 -0.37145939469337463
0.8846621513366699 -0.7092820405960083 -0.3716016113758087
0.8991054892539978 -0.6916230916976929 -0.37174931168556213
0.9132088422775269 -0.67368084192276 -0.37190312147140503
0.9269698858261108 -0.6554603576660156 -0.372063010931015
0.9403802156448364 -0.6369688510894775 -0.3722284138202667
0.9534368515014648 -0.6182124018669128 -0.37239870429039
0.966132402420044 -0.5991972088813782 -0.3725751042366028
0.9784634113311768 -0.5799287557601929 -0.372755765914917
0.9904241561889648 -0.5604161024093628 -0.3729425370693207
1.0020098686218262 -0.5406627058982849 -0.3731360137462616
1.0132153034210205 -0.5206782221794128 -0.37333256006240845
1.0240371227264404 -0.500468909740448 -0.37353581190109253
1.0344696044921875 -0.48004135489463806 -0.3737426996231079
1.0445077419281006 -0.4594024419784546 -0.373955100774765
1.0541481971740723 -0.43855971097946167 -0.3741736114025116
1.0633867979049683 -0.41752028465270996 -0.37439578771591187
1.072218894958496 -0.39629149436950684 -0.3746228516101837
1.080641746520996 -0.37488096952438354 -0.3748553693294525
1.0886492729187012 -0.3532966673374176 -0.37509220838546753
1.0962395668029785 -0.33154600858688354 -0.3753332793712616
1.103407859802246 -0.30963683128356934 -0.37558048963546753
1.1101512908935547 -0.28757643699645996 -0.37583011388778687
1.1164660453796387 -0.26537245512008667 -0.3760858476161957
1.1223500967025757 -0.24303314089775085 -0.3763440251350403
1.1277984380722046 -0.22056716680526733 -0.3766076862812042
1.1328097581863403 -0.19798369705677032 -0.376875638961792
1.1373811960220337 -0.1752888411283493 -0.37714603543281555
1.1415084600448608 -0.1524922102689743 -0.37742191553115845
1.1451901197433472 -0.12960128486156464 -0.37770023941993713
1.1484246253967285 -0.10662505775690079 -0.377983421087265
1.1512072086334229 -0.0835711658000946 -0.3782697021961212
1.1535390615463257 -0.060449980199337006 -0.3785596191883087
1.155416488647461 -0.037268828600645065 -0.3788531720638275
1.1568377017974854 -0.014037322252988815 -0.37914982438087463
1.1578011512756348 0.009237365797162056 -0.3794494867324829
1.1583056449890137 0.03254440054297447 -0.37975284457206726
1.1583489179611206 0.05587676912546158 -0.380058616399765
1.157930850982666 0.07922393828630447 -0.38036686182022095
1.157050371170044 0.10257843136787415 -0.3806787431240082
1.1557073593139648 0.1259291023015976 -0.38099369406700134
1.1538991928100586 0.1492689549922943 -0.38130983710289
1.1516271829605103 0.17258819937705994 -0.38162967562675476
1.1488903760910034 0.19587798416614532 -0.381950706243515
1.1456893682479858 0.21912749111652374 -0.38227421045303345
1.142022967338562 0.24232986569404602 -0.3826001286506653
1.137892723083496 0.2654736340045929 -0.382927268743515
1.1332982778549194 0.2885514795780182 -0.3832574784755707
1.1282399892807007 0.31155258417129517 -0.3835882842540741
1.122719407081604 0.3344685435295105 -0.38392093777656555
1.1167376041412354 0.35728925466537476 -0.3842547833919525
1.110295057296753 0.3800064027309418 -0.3845904767513275
1.1033935546875 0.4026094079017639 -0.38492801785469055
1.0960339307785034 0.4250904619693756 -0.38526493310928345
1.0882198810577393 0.4474380314350128 -0.385603666305542
1.0799508094787598 0.46964460611343384 -0.3859430253505707
1.071230411529541 0.49170026183128357 -0.38628238439559937
1.062060832977295 0.5135959982872009 -0.38662296533584595
1.0524446964263916 0.5353213548660278 -0.3869641423225403
1.0423840284347534 0.5568684339523315 -0.38730472326278687
1.0318832397460938 0.5782267451286316 -0.38764652609825134
1.0209438800811768 0.5993879437446594 -0.3879877030849457
1.0095696449279785 0.6203425526618958 -0.38832828402519226
0.9977645874023438 0.6410812139511108 -0.3886682391166687
0.9855319261550903 0.6615949869155884 -0.38900822401046753
0.9728765487670898 0.6818743944168091 -0.3893475830554962
0.9598007202148438 0.7019117474555969 -0.38968631625175476
0.9463112354278564 0.7216960191726685 -0.39002445340156555
0.9324102401733398 0.7412200570106506 -0.39036014676094055
0.9181039333343506 0.760473906993866 -0.39069706201553345
0.9033974409103394 0.7794497609138489 -0.3910309076309204
0.8882949352264404 0.7981379628181458 -0.39136356115341187
0.8728026747703552 0.8165302872657776 -0.3916943669319153
0.8569262027740479 0.8346182107925415 -0.39202335476875305
0.8406695127487183 0.8523936867713928 -0.3923517167568207
0.8240407705307007 0.8698477745056152 -0.39267703890800476
0.8070446252822876 0.8869732618331909 -0.39299991726875305
0.7896890044212341 0.9037598967552185 -0.39332035183906555
0.7719787359237671 0.9202024340629578 -0.39363893866539
0.7539214491844177 0.9362910985946655 -0.3939538896083832
0.7355239391326904 0.9520189166069031 -0.39426761865615845
0.7167931795120239 0.9673779606819153 -0.39457768201828003
0.6977364420890808 0.9823610186576843 -0.3948846757411957
0.6783617734909058 0.9969597458839417 -0.39518803358078003
0.658675491809845 1.0111690759658813 -0.39548954367637634
0.6386873722076416 1.0249793529510498 -0.3957855701446533
0.6184039115905762 1.0383853912353516 -0.39607974886894226
0.5978341102600098 1.0513790845870972 -0.39636844396591187
0.5769851207733154 1.063955545425415 -0.3966546952724457
0.5558675527572632 1.0761078596115112 -0.3969360589981079
0.534487247467041 1.0878294706344604 -0.3972143828868866
0.5128564238548279 1.0991134643554688 -0.39748722314834595
0.4909811317920685 1.1099554300308228 -0.3977563679218292
0.46887239813804626 1.1203486919403076 -0.39802128076553345
0.4465382397174835 1.1302887201309204 -0.3982812762260437
0.42398908734321594 1.1397688388824463 -0.39853519201278687
0.40123429894447327 1.1487852334976196 -0.39878544211387634
0.3782835304737091 1.1573328971862793 -0.399031400680542
0.3551461696624756 1.165406346321106 -0.3992706537246704
0.33183348178863525 1.1730014085769653 -0.39950627088546753
0.3083540201187134 1.180114507675171 -0.39973515272140503
0.284718781709671 1.1867413520812988 -0.39995792508125305
0.26093780994415283 1.1928774118423462 -0.40017765760421753
0.2370222508907318 1.1985198259353638 -0.4003894329071045
0.21298173069953918 1.203665018081665 -0.40059694647789
0.18882766366004944 1.2083102464675903 -0.40079715847969055
0.164570152759552 1.2124525308609009 -0.40099185705184937
0.1402207911014557 1.2160886526107788 -0.4011804461479187
0.11578948050737381 1.2192168235778809 -0.40136295557022095
0.09128738194704056 1.2218354940414429 -0.4015381336212158
0.06672576814889908 1.2239415645599365 -0.40170902013778687
0.04211578518152237 1.2255340814590454 -0.4018719792366028
0.017469018697738647 1.2266117334365845 -0.4020288288593292
-0.007205203175544739 1.2271736860275269 -0.4021790027618408
-0.03189316391944885 1.2272182703018188 -0.40232303738594055
-0.05658600106835365 1.226745843887329 -0.40246036648750305
-0.08126983791589737 1.2257556915283203 -0.4025903642177582
-0.10593673586845398 1.2242469787597656 -0.4027130603790283
-0.13057219982147217 1.2222213745117188 -0.4028283953666687
-0.15516647696495056 1.2196784019470215 -0.40293827652931213
-0.17970840632915497 1.2166192531585693 -0.40304020047187805
-0.20418640971183777 1.21304452419281 -0.4031347930431366
-0.22858887910842896 1.2089561223983765 -0.4032226800918579
-0.2529057264328003 1.2043546438217163 -0.4033026397228241
-0.27712416648864746 1.1992424726486206 -0.40337711572647095
-0.3012344241142273 1.1936217546463013 -0.4034411907196045
-0.3252243101596832 1.1874951124191284 -0.4034997820854187
-0.3490832448005676 1.180863618850708 -0.4035516679286957
-0.37279996275901794 1.173732042312622 -0.40359562635421753
-0.3963642716407776 1.1661030054092407 -0.40363162755966187
-0.41976454854011536 1.157978892326355 -0.40366029739379883
-0.442990243434906 1.1493641138076782 -0.40368229150772095
-0.4660302698612213 1.1402627229690552 -0.40369632840156555
-0.4888749420642853 1.130678415298462 -0.40370243787765503
-0.5115124583244324 1.12061607837677 -0.40370121598243713
-0.5339341759681702 1.1100795269012451 -0.40369266271591187
-0.5561277866363525 1.0990742444992065 -0.40367740392684937
-0.5780838131904602 1.0876051187515259 -0.4036535918712616
-0.5997927784919739 1.0756784677505493 -0.4036230742931366
-0.6212451457977295 1.0632976293563843 -0.40358400344848633
-0.6424293518066406 1.0504709482192993 -0.4035394489765167
-0.6633374094963074 1.0372025966644287 -0.4034857451915741
-0.6839587688446045 1.0234999656677246 -0.403425931930542
-0.7029412984848022 1.0074421167373657 -0.40258854627609253
-0.7210131883621216 0.9902940988540649 -0.4014489948749542
-0.738686203956604 0.972832977771759 -0.400313138961792
-0.7559558153152466 0.9550713896751404 -0.39917972683906555
-0.7728166580200195 0.9370176196098328 -0.39805057644844055
-0.78926682472229 0.9186821579933167 -0.39692631363868713
-0.8053018450737 0.9000759720802307 -0.395805686712265
-0.8209184408187866 0.8812086582183838 -0.39468997716903687
-0.836114764213562 0.8620885014533997 -0.3935791254043579
-0.8508872985839844 0.8427285552024841 -0.3924744129180908
-0.8652341365814209 0.8231351971626282 -0.3913751542568207
-0.8791521787643433 0.8033208847045898 -0.39028385281562805
-0.8926401734352112 0.7832950949668884 -0.38919803500175476
-0.9056966304779053 0.763065755367279 -0.3881201446056366
-0.918319046497345 0.7426444888114929 -0.38705021142959595
-0.9305068254470825 0.722040057182312 -0.3859888017177582
-0.9422590732574463 0.7012609839439392 -0.38493412733078003
-0.9535742998123169 0.6803179979324341 -0.3838885724544525
-0.9644515514373779 0.659220278263092 -0.3828521966934204
-0.9748916625976562 0.637974202632904 -0.3818250000476837
-0.9848926067352295 0.616592526435852 -0.3808075189590454
-0.9944546818733215 0.5950840711593628 -0.3797992169857025
-1.003578543663025 0.5734556317329407 -0.3788019120693207
-1.0122640132904053 0.551716148853302 -0.3778155744075775
-1.0205105543136597 0.5298753380775452 -0.3768402338027954
-1.028319239616394 0.5079414248466492 -0.3758752644062042
-1.0356913805007935 0.48592254519462585 -0.3749212920665741
-1.0426267385482788 0.46382781863212585 -0.37397831678390503
-1.0491268634796143 0.4416656494140625 -0.37304753065109253
-1.0551918745040894 0.41944196820259094 -0.3721289336681366
-1.0608234405517578 0.3971690237522125 -0.3712237775325775
-1.066023349761963 0.3748498558998108 -0.3703296184539795
-1.0707910060882568 0.3524957299232483 -0.3694482743740082
-1.0751302242279053 0.3301132023334503 -0.3685791492462158
-1.0790417194366455 0.30770888924598694 -0.3677240312099457
-1.0825275182724 0.2852923572063446 -0.36688297986984253
-1.0855876207351685 0.26287031173706055 -0.36605289578437805
-1.0882264375686646 0.24044844508171082 -0.3652386963367462
-1.0904442071914673 0.21803756058216095 -0.3644372820854187
-1.0922433137893677 0.19564056396484375 -0.3636499345302582
-1.0936267375946045 0.17326690256595612 -0.36287662386894226
-1.0945955514907837 0.1509229987859726 -0.36211735010147095
-1.0951530933380127 0.12861403822898865 -0.361372709274292
-1.0953010320663452 0.10634948313236237 -0.3606427311897278
-1.095041275024414 0.08413467556238174 -0.3599274158477783
-1.0943776369094849 0.06197402998805046 -0.3592267334461212
-1.0933122634887695 0.039879608899354935 -0.3585412800312042
-1.0918468236923218 0.017849883064627647 -0.35787051916122437
-1.0899853706359863 -0.004102935548871756 -0.35721561312675476
-1.0877296924591064 -0.025974730029702187 -0.3565753400325775
-1.085082769393921 -0.047760773450136185 -0.355949729681015
-1.082047939300537 -0.0694522112607956 -0.35534122586250305
-1.078627347946167 -0.09104599058628082 -0.35474735498428345
-1.0748242139816284 -0.11253570020198822 -0.3541693389415741
-1.0706413984298706 -0.13391463458538055 -0.35360783338546753
-1.0660821199417114 -0.15517760813236237 -0.3530603349208832
-1.0611495971679688 -0.17632125318050385 -0.35252994298934937
-1.055846095085144 -0.19733551144599915 -0.35201603174209595
-1.0501751899719238 -0.21821990609169006 -0.3515179753303528
-1.0441398620605469 -0.2389666736125946 -0.35103580355644226
-1.0377438068389893 -0.25957077741622925 -0.350569486618042
-1.0309898853302002 -0.280028373003006 -0.35012027621269226
-1.0238810777664185 -0.30033233761787415 -0.34968632459640503
-1.0164215564727783 -0.3204791247844696 -0.34926944971084595
-1.0086129903793335 -0.34046462178230286 -0.3488690257072449
-1.0004603862762451 -0.360280305147171 -0.3484857678413391
-0.9919655919075012 -0.3799264430999756 -0.34811830520629883
-0.9831333160400391 -0.3993949890136719 -0.3477661609649658
-0.9739662408828735 -0.4186822474002838 -0.3474329113960266
-0.9644675254821777 -0.437784880399704 -0.3471161127090454
-0.9546407461166382 -0.456695556640625 -0.3468146324157715
-0.944489598274231 -0.47541120648384094 -0.3465301990509033
-0.934017539024353 -0.4939274489879608 -0.34626346826553345
-0.9232271909713745 -0.5122410655021667 -0.3460138440132141
-0.9121237993240356 -0.5303453207015991 -0.34578007459640503
-0.9007100462913513 -0.548237144947052 -0.3455634117126465
-0.8889883756637573 -0.5659123063087463 -0.3453637957572937
-0.8769639730453491 -0.5833671689033508 -0.3451806902885437
-0.8646399974822998 -0.6005961298942566 -0.34501588344573975
-0.8520197868347168 -0.6175959706306458 -0.34486639499664307
-0.8391065001487732 -0.6343620419502258 -0.3447345495223999
-0.825904369354248 -0.6508918404579163 -0.34462040662765503
-0.8124173283576965 -0.6671800017356873 -0.3445221185684204
-0.7986493110656738 -0.6832224726676941 -0.3444421887397766
-0.7846029996871948 -0.6990159153938293 -0.34437811374664307
-0.7702812552452087 -0.7145563960075378 -0.3443310856819153
-0.755691409111023 -0.7298396229743958 -0.34430181980133057
-0.7408343553543091 -0.7448613047599792 -0.34428834915161133
-0.7257150411605835 -0.75961834192276 -0.3442932367324829
-0.7103363275527954 -0.774107813835144 -0.34431523084640503
-0.6947031021118164 -0.7883244156837463 -0.3443530797958374
-0.6788192987442017 -0.8022645115852356 -0.34440863132476807
-0.6626886129379272 -0.8159254193305969 -0.34448182582855225
-0.6463137865066528 -0.8293030858039856 -0.3445703387260437
-0.6297006607055664 -0.8423933386802673 -0.3446784019470215
-0.6128532290458679 -0.855193018913269 -0.344801664352417
-0.5957731604576111 -0.8676997423171997 -0.34494268894195557
-0.5784674286842346 -0.8799067735671997 -0.3451001048088074
-0.5609391927719116 -0.8918128609657288 -0.3452746868133545
-0.5431932210922241 -0.9034138321876526 -0.3454663157463074
-0.5252319574356079 -0.9147065281867981 -0.34567511081695557
-0.5070614814758301 -0.9256873726844788 -0.345900297164917
-0.4886859059333801 -0.9363520741462708 -0.34614259004592896
-0.470109224319458 -0.9466981291770935 -0.3464013934135437
-0.4513339102268219 -0.9567222595214844 -0.346677303314209
-0.4323680102825165 -0.9664204120635986 -0.34697026014328003
-0.41321471333503723 -0.9757896065711975 -0.34727907180786133
-0.39387786388397217 -0.9848255515098572 -0.34760499000549316
-0.3743610978126526 -0.9935267567634583 -0.34794867038726807
-0.354672372341156 -1.0018876791000366 -0.34830689430236816
-0.3348136842250824 -1.0099067687988281 -0.3486841320991516
-0.3147904872894287 -1.0175800323486328 -0.3490765690803528
-0.29460692405700684 -1.0249046087265015 -0.3494861125946045
-0.274270623922348 -1.0318766832351685 -0.3499109148979187
-0.25378432869911194 -1.0384935140609741 -0.35035282373428345
-0.23315367102622986 -1.0447514057159424 -0.35081180930137634
-0.21238234639167786 -1.0506479740142822 -0.3512854278087616
-0.19147826731204987 -1.0561796426773071 -0.35177677869796753
-0.17044571042060852 -1.0613431930541992 -0.3522827625274658
-0.14928986132144928 -1.0661360025405884 -0.35280582308769226
-0.12801331281661987 -1.070555567741394 -0.35334476828575134
-0.1066255196928978 -1.0745972394943237 -0.3538995683193207
-0.08513153344392776 -1.0782591104507446 -0.3544696271419525
-0.06353592127561569 -1.0815391540527344 -0.355055570602417
-0.041841890662908554 -1.08443284034729 -0.35565799474716187
-0.020060889422893524 -1.0869382619857788 -0.3562750518321991
0.0018041953444480896 -1.0890531539916992 -0.3569073975086212
0.023747555911540985 -1.0907734632492065 -0.35755619406700134
0.045763544738292694 -1.0920976400375366 -0.3582184314727783
0.06784423440694809 -1.0930229425430298 -0.35889774560928345
0.08998442441225052 -1.0935466289520264 -0.3595910966396332
0.11217788606882095 -1.0936659574508667 -0.3602997064590454
0.134418785572052 -1.0933780670166016 -0.36102238297462463
0.15669861435890198 -1.0926820039749146 -0.3617596924304962
0.17901185154914856 -1.0915745496749878 -0.36251285672187805
0.20135194063186646 -1.0900537967681885 -0.3632788360118866
0.2237127721309662 -1.088117241859436 -0.36406010389328003
0.24608567357063293 -1.0857630968093872 -0.3648541569709778
0.2684643566608429 -1.0829893350601196 -0.36566227674484253
0.290841668844223 -1.0797938108444214 -0.36648502945899963
0.3132098317146301 -1.0761747360229492 -0.36732059717178345
0.3355618119239807 -1.0721311569213867 -0.3681695759296417
0.35789015889167786 -1.0676606893539429 -0.3690313994884491
0.38016676902770996 -1.062698245048523 -0.36988407373428345
0.4014396369457245 -1.0547834634780884 -0.369865745306015
0.422555536031723 -1.046460747718811 -0.36985233426094055
0.44350555539131165 -1.037732720375061 -0.3698456287384033
0.46428433060646057 -1.0286017656326294 -0.3698450028896332
0.4848830997943878 -1.0190733671188354 -0.3698517084121704
0.5052947402000427 -1.0091487169265747 -0.3698633015155792
0.5255120396614075 -0.9988328218460083 -0.3698822259902954
0.5455300807952881 -0.9881284832954407 -0.3699060380458832
0.5653371810913086 -0.9770390391349792 -0.3699365556240082
0.5849300622940063 -0.9655696153640747 -0.3699737787246704
0.6042996048927307 -0.9537229537963867 -0.37001773715019226
0.6234411001205444 -0.94150310754776 -0.37006595730781555
0.6423455476760864 -0.9289155602455139 -0.3701227009296417
0.6610061526298523 -0.9159632921218872 -0.37018436193466187
0.6794173717498779 -0.9026514887809753 -0.3702521026134491
0.697573184967041 -0.8889836072921753 -0.37032535672187805
0.7154641151428223 -0.8749650120735168 -0.37040653824806213
0.7330862283706665 -0.8606019616127014 -0.37049320340156555
0.7504317760467529 -0.8458970189094543 -0.37058597803115845
0.7674959897994995 -0.8308546543121338 -0.3706842362880707
0.7842702865600586 -0.8154826164245605 -0.37078922986984253
0.8007497787475586 -0.7997849583625793 -0.3708997070789337
0.816927433013916 -0.7837653756141663 -0.371016263961792
0.8327996134757996 -0.7674323916435242 -0.37113896012306213
0.8483572006225586 -0.7507889866828918 -0.3712671101093292
0.8635958433151245 -0.7338423132896423 -0.3714013993740082
0.8785094618797302 -0.7165974378585815 -0.3715405762195587
0.8930935263633728 -0.6990583539009094 -0.371687650680542
0.9073400497436523 -0.6812342405319214 -0.37183842062950134
0.921244740486145 -0.6631296873092651 -0.3719952702522278
0.9348025321960449 -0.6447514295578003 -0.3721582293510437
0.94800865650177 -0.6261048913002014 -0.37232670187950134
0.9608563184738159 -0.6071982979774475 -0.3725000321865082
0.9733403921127319 -0.5880342125892639 -0.3726794719696045
0.9854568243026733 -0.5686237812042236 -0.37286320328712463
0.9972002506256104 -0.5489698648452759 -0.37305423617362976
1.0085662603378296 -0.529082179069519 -0.3732495605945587
1.0195488929748535 -0.5089659094810486 -0.37344974279403687
1.0301445722579956 -0.4886280596256256 -0.3736548125743866
1.040348768234253 -0.46807631850242615 -0.37386539578437805
1.050156831741333 -0.4473187029361725 -0.3740808367729187
0.6687218546867371 0.8807997703552246 -0.39371952414512634
0.6513417959213257 0.8947126865386963 -0.39400333166122437
0.6336681842803955 0.9082756638526917 -0.3942834734916687
0.6157073378562927 0.9214831590652466 -0.39456120133399963
0.5974664092063904 0.9343276023864746 -0.3948352336883545
0.5789529085159302 0.9468030333518982 -0.39510563015937805
0.560174822807312 0.9589031934738159 -0.3953729569911957
0.5411388874053955 0.970622181892395 -0.3956378400325775
0.5218532681465149 0.9819541573524475 -0.3958984613418579
0.5023263096809387 0.9928930401802063 -0.3961541950702667
0.482565313577652 1.0034340620040894 -0.39640751481056213
0.46257874369621277 1.01357102394104 -0.3966565430164337
0.4423753321170807 1.0232990980148315 -0.39690065383911133
0.42196258902549744 1.032613754272461 -0.39714115858078003
0.40134963393211365 1.0415096282958984 -0.39737674593925476
0.38054564595222473 1.049981713294983 -0.39760929346084595
0.3595584034919739 1.0580261945724487 -0.3978363275527954
0.3383979797363281 1.0656381845474243 -0.3980572819709778
0.31707289814949036 1.0728145837783813 -0.39827579259872437
0.29559189081192017 1.0795506238937378 -0.3984887897968292
0.273965448141098 1.085842490196228 -0.39869633316993713
0.2522018551826477 1.0916870832443237 -0.39889955520629883
0.23031142354011536 1.0970808267593384 -0.39909791946411133
0.20830214023590088 1.102021336555481 -0.3992895781993866
0.18618559837341309 1.106505274772644 -0.39947575330734253
0.16397079825401306 1.1105297803878784 -0.39965763688087463
0.14166715741157532 1.1140927076339722 -0.39983341097831726
0.1192849650979042 1.1171923875808716 -0.40000370144844055
0.09683380275964737 1.1198256015777588 -0.40016788244247437
0.07432372123003006 1.1219913959503174 -0.4003271758556366
0.05176558345556259 1.1236882209777832 -0.4004809856414795
0.02916824072599411 1.1249144077301025 -0.40062686800956726
0.00654204934835434 1.1256699562072754 -0.40076786279678345
-0.01610153168439865 1.1259523630142212 -0.4009033441543579
-0.038753971457481384 1.1257617473602295 -0.40103214979171753
-0.061403658241033554 1.1250979900360107 -0.40115299820899963
-0.08404159545898438 1.123961329460144 -0.40127018094062805
-0.10665664821863174 1.122351050376892 -0.40137943625450134
-0.1292390525341034 1.1202681064605713 -0.4014831781387329
-0.1517779529094696 1.1177119016647339 -0.40158146619796753
-0.17426392436027527 1.1146847009658813 -0.4016711711883545
-0.19668623805046082 1.1111873388290405 -0.40175479650497437
-0.21903426945209503 1.1072202920913696 -0.40183231234550476
-0.2412988245487213 1.102785348892212 -0.4019024968147278
-0.26346924901008606 1.0978846549987793 -0.4019677937030792
-0.28553467988967896 1.0925202369689941 -0.4020245671272278
-0.3074864149093628 1.0866944789886475 -0.40207523107528687
-0.329314261674881 1.0804091691970825 -0.40211915969848633
-0.3510064482688904 1.0736664533615112 -0.40215519070625305
-0.3725552260875702 1.0664716958999634 -0.40218693017959595
-0.3939501941204071 1.0588258504867554 -0.4022088944911957
-0.415180504322052 1.0507330894470215 -0.40222597122192383
-0.436237633228302 1.0421969890594482 -0.40223759412765503
-0.4571119546890259 1.03322172164917 -0.4022394120693207
-0.477792352437973 1.0238101482391357 -0.402235746383667
-0.4982723891735077 1.0139682292938232 -0.4022241532802582
-0.5185397267341614 1.0036994218826294 -0.40220707654953003
-0.5385867357254028 0.9930087924003601 -0.40218386054039
-0.5584043860435486 0.9819013476371765 -0.40215152502059937
-0.5779829621315002 0.9703816771507263 -0.40211552381515503
-0.5973142981529236 0.9584563374519348 -0.40206974744796753
-0.6163894534111023 0.9461295008659363 -0.40201786160469055
-0.6352000832557678 0.9334074854850769 -0.401961088180542
-0.6527917385101318 0.9189665913581848 -0.4013153314590454
-0.6693960428237915 0.9032978415489197 -0.4002716541290283
-0.6856380105018616 0.8873403668403625 -0.39923161268234253
-0.7015140056610107 0.8711011409759521 -0.3981921672821045
-0.7170204520225525 0.8545892238616943 -0.39715641736984253
-0.7321537733078003 0.8378139138221741 -0.39612430334091187
-0.7469100952148438 0.8207846879959106 -0.39509648084640503
-0.7612870931625366 0.8035099506378174 -0.3940722942352295
-0.7752810716629028 0.7859997153282166 -0.3930523991584778
-0.7888891696929932 0.768261730670929 -0.3920379877090454
-0.8021089434623718 0.7503054738044739 -0.39102908968925476
-0.8149391412734985 0.7321394085884094 -0.39002567529678345
-0.827376127243042 0.7137730121612549 -0.3890283405780792
-0.8394190073013306 0.6952145099639893 -0.38803714513778687
-0.8510659337043762 0.6764726042747498 -0.3870532512664795
-0.8623154759407043 0.6575562953948975 -0.3860766887664795
-0.8731653690338135 0.6384744048118591 -0.3851056396961212
-0.8836154937744141 0.6192349195480347 -0.3841431140899658
-0.8936646580696106 0.5998469591140747 -0.38318973779678345
-0.9033116698265076 0.5803179740905762 -0.38224369287490845
-0.9125567674636841 0.5606569051742554 -0.3813073933124542
-0.921398401260376 0.54087233543396 -0.3803790509700775
-0.9298365116119385 0.5209716558456421 -0.3794598877429962
-0.9378719329833984 0.500963568687439 -0.37854984402656555
-0.9455034136772156 0.4808558523654938 -0.37764957547187805
-0.952731728553772 0.4606561064720154 -0.3767602741718292
-0.9595574140548706 0.4403724670410156 -0.37587955594062805
-0.9659799337387085 0.4200138747692108 -0.37500980496406555
-0.9720003604888916 0.3995855748653412 -0.37415164709091187
-0.9776196479797363 0.37909650802612305 -0.373305082321167
-0.9828372001647949 0.35855528712272644 -0.37246769666671753
-0.9876561164855957 0.3379673659801483 -0.3716418743133545
-0.99207603931427 0.3173403739929199 -0.37082889676094055
-0.9960980415344238 0.2966824173927307 -0.3700268864631653
-0.9997231960296631 0.2760006785392761 -0.3692364990711212
-1.0029542446136475 0.2553005814552307 -0.3684583008289337
-1.0057910680770874 0.2345915138721466 -0.3676935136318207
-1.0082354545593262 0.2138787806034088 -0.3669397234916687
-1.0102899074554443 0.19316864013671875 -0.3661987781524658
-1.0119547843933105 0.1724693328142166 -0.365471214056015
-1.0132333040237427 0.15178649127483368 -0.36475589871406555
-1.0141265392303467 0.13112731277942657 -0.36405399441719055
-1.0146362781524658 0.1104971319437027 -0.3633667230606079
-1.0147640705108643 0.0899035632610321 -0.36269229650497437
-1.0145137310028076 0.0693511962890625 -0.36202946305274963
-1.0138858556747437 0.0488475039601326 -0.361381858587265
-1.012882947921753 0.02839859016239643 -0.36074894666671753
-1.0115077495574951 0.00801010150462389 -0.3601281940937042
-1.0097622871398926 -0.012312163598835468 -0.35952213406562805
-1.0076485872268677 -0.03256240859627724 -0.3589300811290741
-1.0051698684692383 -0.052735134959220886 -0.35835331678390503
-1.0023283958435059 -0.07282333076000214 -0.3577905595302582
-0.9991269111633301 -0.09282317757606506 -0.3572412431240082
-0.995566725730896 -0.1127278134226799 -0.3567071855068207
-0.9916518926620483 -0.1325324922800064 -0.3561871647834778
-0.9873850345611572 -0.15223190188407898 -0.35568180680274963
-0.982768177986145 -0.17182067036628723 -0.3551928997039795
-0.9778047800064087 -0.19129303097724915 -0.35471805930137634
-0.9724971055984497 -0.21064499020576477 -0.35425785183906555
-0.9668482542037964 -0.2298699915409088 -0.35381290316581726
-0.960861086845398 -0.2489640712738037 -0.3533826172351837
-0.9545389413833618 -0.26792219281196594 -0.3529675602912903
-0.9478838443756104 -0.2867385745048523 -0.3525683879852295
-0.9408997297286987 -0.3054090738296509 -0.35218510031700134
-0.9335892796516418 -0.3239292800426483 -0.3518158197402954
-0.9259554147720337 -0.3422949016094208 -0.35146182775497437
-0.9180014133453369 -0.36049941182136536 -0.3511243164539337
-0.9097306728363037 -0.37853971123695374 -0.3508020341396332
-0.901145339012146 -0.3964114189147949 -0.3504956364631653
-0.8922499418258667 -0.4141090214252472 -0.35020512342453003
-0.8830467462539673 -0.43162840604782104 -0.349928617477417
-0.8735392093658447 -0.44896575808525085 -0.3496692180633545
-0.8637312650680542 -0.4661167860031128 -0.3494250774383545
-0.8536252379417419 -0.4830763041973114 -0.34919804334640503
-0.8432245850563049 -0.4998408257961273 -0.34898442029953003
-0.8325332999229431 -0.5164064168930054 -0.3487884998321533
-0.8215539455413818 -0.5327680706977844 -0.3486078381538391
-0.8102912902832031 -0.5489216446876526 -0.3484424352645874
-0.7987468242645264 -0.5648649334907532 -0.3482934832572937
-0.7869250774383545 -0.5805912613868713 -0.3481610417366028
-0.7748297452926636 -0.596098780632019 -0.34804385900497437
-0.7624632120132446 -0.6113823056221008 -0.34794312715530396
-0.7498315572738647 -0.6264387369155884 -0.3478577136993408
-0.7369360327720642 -0.6412635445594788 -0.34778809547424316
-0.7237802147865295 -0.6558540463447571 -0.3477356433868408
-0.7103685140609741 -0.6702045798301697 -0.34769898653030396
-0.6967047452926636 -0.6843134760856628 -0.34767764806747437
-0.6827926635742188 -0.6981754899024963 -0.34767216444015503
-0.6686344742774963 -0.7117875218391418 -0.3476831316947937
-0.65423583984375 -0.7251459956169128 -0.3477100133895874
-0.639600396156311 -0.7382472157478333 -0.3477533459663391
-0.6247307062149048 -0.751087486743927 -0.34781134128570557
-0.6096305847167969 -0.7636631727218628 -0.3478863835334778
-0.5943055748939514 -0.775971531867981 -0.34797734022140503
-0.5787580609321594 -0.7880073189735413 -0.34808415174484253
-0.5629920959472656 -0.7997691035270691 -0.3482068181037903
-0.5470126271247864 -0.8112519383430481 -0.34834539890289307
-0.5308235287666321 -0.8224528431892395 -0.34849977493286133
-0.5144279599189758 -0.8333695530891418 -0.3486706614494324
-0.497831255197525 -0.8439972996711731 -0.34885746240615845
-0.48103681206703186 -0.8543330430984497 -0.34905946254730225
-0.46404844522476196 -0.8643733263015747 -0.34927797317504883
-0.44687071442604065 -0.8741154074668884 -0.3495117425918579
-0.42950865626335144 -0.8835557103157043 -0.34976136684417725
-0.4119653105735779 -0.8926911950111389 -0.3500268757343292
-0.39424681663513184 -0.901518702507019 -0.3503076434135437
-0.37635573744773865 -0.9100348949432373 -0.3506042957305908
-0.35829710960388184 -0.9182368516921997 -0.35091617703437805
-0.34007689356803894 -0.9261207580566406 -0.3512445390224457
-0.32169830799102783 -0.933684229850769 -0.35158756375312805
-0.3031652867794037 -0.9409245252609253 -0.3519464433193207
-0.28448423743247986 -0.9478376507759094 -0.35232120752334595
-0.26565948128700256 -0.9544212222099304 -0.3527100086212158
-0.24669495224952698 -0.9606724381446838 -0.3531152606010437
-0.2275959849357605 -0.9665876626968384 -0.3535363972187042
-0.20836837589740753 -0.9721653461456299 -0.3539709746837616
-0.1890159547328949 -0.9774009585380554 -0.3544214069843292
-0.16954483091831207 -0.982292890548706 -0.3548865020275116
-0.14995956420898438 -0.9868379235267639 -0.3553674519062042
-0.13026565313339233 -0.991033136844635 -0.3558618426322937
-0.11046707630157471 -0.9948765635490417 -0.3563721179962158
-0.09057159721851349 -0.9983649849891663 -0.35689762234687805
-0.07058258354663849 -1.0014960765838623 -0.35743656754493713
-0.05050598457455635 -1.0042667388916016 -0.3579907715320587
-0.030347444117069244 -1.0066756010055542 -0.3585602045059204
-0.010114595293998718 -1.008718729019165 -0.35914188623428345
0.010189354419708252 -1.0103952884674072 -0.3597387969493866
0.03055938333272934 -1.011701226234436 -0.3603503704071045
0.050986625254154205 -1.0126361846923828 -0.360975980758667
0.07146697491407394 -1.0131962299346924 -0.36161503195762634
0.09199371188879013 -1.013379693031311 -0.36226686835289
0.11256087571382523 -1.013184905052185 -0.3629333972930908
0.13316252827644348 -1.0126097202301025 -0.3636133074760437
0.15379118919372559 -1.0116519927978516 -0.3643060624599457
0.17444229125976562 -1.0103099346160889 -0.36501285433769226
0.1951088011264801 -1.0085816383361816 -0.36573246121406555
0.2157827615737915 -1.0064655542373657 -0.36646488308906555
0.236458420753479 -1.003960132598877 -0.36721011996269226
0.2571302652359009 -1.0010627508163452 -0.3679681718349457
0.277790367603302 -0.9977735877037048 -0.3687378168106079
0.29843077063560486 -0.9940900802612305 -0.369520902633667
0.31904616951942444 -0.9900113940238953 -0.370314359664917
0.33962827920913696 -0.9855363368988037 -0.3711206316947937
0.3593696653842926 -0.9784797430038452 -0.3711102604866028
0.378958135843277 -0.9710145592689514 -0.3710950016975403
0.39839720726013184 -0.9631721377372742 -0.37108463048934937
0.4176829755306244 -0.9549558758735657 -0.3710809648036957
0.4368050992488861 -0.9463682174682617 -0.3710828125476837
0.4557572901248932 -0.9374125599861145 -0.3710913360118866
0.47453340888023376 -0.9280915856361389 -0.37110477685928345
0.4931277334690094 -0.9184092283248901 -0.37112492322921753
0.5115325450897217 -0.9083686470985413 -0.37114933133125305
0.5297396183013916 -0.8979722261428833 -0.37117984890937805
0.5477453470230103 -0.8872254490852356 -0.3712170720100403
0.5655410289764404 -0.8761311173439026 -0.371260404586792
0.5831224918365479 -0.8646937608718872 -0.37130802869796753
0.6004809141159058 -0.8529167175292969 -0.3713623285293579
0.6176104545593262 -0.8408036828041077 -0.37142154574394226
0.6345064640045166 -0.8283594846725464 -0.3714868426322937
0.6511611342430115 -0.81558758020401 -0.37155887484550476
0.6675689220428467 -0.8024933934211731 -0.371635764837265
0.6837236881256104 -0.789081871509552 -0.371718168258667
0.699619710445404 -0.7753562927246094 -0.37180668115615845
0.7152504920959473 -0.7613218426704407 -0.37189945578575134
0.7306112051010132 -0.7469837665557861 -0.3719995319843292
0.7456948161125183 -0.7323454022407532 -0.3721033036708832
0.7604973912239075 -0.7174146771430969 -0.37221378087997437
0.7750118374824524 -0.7021940350532532 -0.37232914566993713
0.7892327308654785 -0.6866902112960815 -0.37245121598243713
0.8031551837921143 -0.6709071397781372 -0.3725769519805908
0.8167733550071716 -0.654851496219635 -0.3727087676525116
0.8300826549530029 -0.63852858543396 -0.3728460967540741
0.8430773615837097 -0.6219441294670105 -0.3729883134365082
0.8557534217834473 -0.6051033139228821 -0.3731360137462616
0.8681039214134216 -0.5880125164985657 -0.3732898235321045
0.8801257014274597 -0.5706773400306702 -0.3734467029571533
0.8918129801750183 -0.5531038045883179 -0.373610258102417
0.9031612873077393 -0.5352979898452759 -0.3737781047821045
0.9141658544540405 -0.5172663927078247 -0.3739514648914337
0.9248232841491699 -0.4990144371986389 -0.374129056930542
0.9351274967193604 -0.480550080537796 -0.374312162399292
0.945075273513794 -0.4618785083293915 -0.3744989335536957
0.9546620845794678 -0.4430074989795685 -0.37469059228897095
0.963883638381958 -0.42394134402275085 -0.3748871088027954
0.9727367162704468 -0.4046897888183594 -0.3750891387462616
0.9812166690826416 -0.3852577209472656 -0.3752942383289337
0.9893200397491455 -0.36565184593200684 -0.3755047917366028
0.9970433712005615 -0.3458804190158844 -0.3757196366786957
1.004382610321045 -0.32594969868659973 -0.37593874335289
1.011334776878357 -0.305867463350296 -0.3761621415615082
1.017896056175232 -0.28564023971557617 -0.3763898015022278
1.024064302444458 -0.26527541875839233 -0.3766217529773712
1.0298354625701904 -0.244781032204628 -0.37685734033584595
1.035207748413086 -0.2241639643907547 -0.37709659337997437
1.0401766300201416 -0.20343108475208282 -0.3773401081562042
1.0447405576705933 -0.18259170651435852 -0.37758669257164
1.048897624015808 -0.16165205836296082 -0.3778369426727295
1.0526442527770996 -0.14062118530273438 -0.37809208035469055
1.0559790134429932 -0.11950484663248062 -0.378349632024765
1.058899164199829 -0.09831313788890839 -0.37861087918281555
1.0614031553268433 -0.07705215364694595 -0.37887516617774963
1.0634887218475342 -0.055731046944856644 -0.379143089056015
1.065155267715454 -0.03435729816555977 -0.3794141113758087
1.0663998126983643 -0.012939910404384136 -0.3796875476837158
1.0672216415405273 0.0085147088393569 -0.3799646198749542
1.0676199197769165 0.029996490105986595 -0.38024356961250305
1.0675923824310303 0.05149932578206062 -0.3805261552333832
1.0671398639678955 0.07301192730665207 -0.3808111846446991
1.0662603378295898 0.0945294201374054 -0.38109928369522095
1.0649526119232178 0.11604079604148865 -0.38138920068740845
1.0632177591323853 0.13753937184810638 -0.3816809356212616
1.0610549449920654 0.15901443362236023 -0.3819757401943207
1.0584630966186523 0.18046066164970398 -0.3822723627090454
1.0554436445236206 0.20186690986156464 -0.3825708329677582
1.0519955158233643 0.22322630882263184 -0.3828711211681366
1.0481197834014893 0.24452894926071167 -0.3831726312637329
1.0438168048858643 0.26576873660087585 -0.383476585149765
1.0390877723693848 0.28693312406539917 -0.38378116488456726
1.0339314937591553 0.3080184757709503 -0.3840881586074829
1.0283520221710205 0.32901182770729065 -0.3843957781791687
1.0223488807678223 0.3499067723751068 -0.38470524549484253
1.0159237384796143 0.3706932067871094 -0.3850152790546417
1.0090776681900024 0.3913649022579193 -0.38532596826553345
1.0018130540847778 0.41191115975379944 -0.3856378495693207
0.9941310882568359 0.43232420086860657 -0.3859497308731079
0.9860354661941528 0.4525953531265259 -0.3862634599208832
0.9775261878967285 0.4727165102958679 -0.38657596707344055
0.968608021736145 0.4926777482032776 -0.3868896961212158
0.9592809677124023 0.5124726891517639 -0.3872033953666687
0.9495503902435303 0.5320909023284912 -0.3875165283679962
0.9394177198410034 0.5515252351760864 -0.3878302276134491
0.9288872480392456 0.5707658529281616 -0.38814395666122437
0.9179611206054688 0.5898060202598572 -0.38845768570899963
0.9066436290740967 0.6086364388465881 -0.38877078890800476
0.8949379920959473 0.6272494196891785 -0.389082670211792
0.8828490972518921 0.6456356644630432 -0.3893945515155792
0.8703799247741699 0.6637884378433228 -0.38970401883125305
0.8575353622436523 0.6816984415054321 -0.3900134563446045
0.8443203568458557 0.6993577480316162 -0.3903222978115082
0.8307378888130188 0.7167591452598572 -0.3906280994415283
0.8167943954467773 0.7338935732841492 -0.3909344971179962
0.802494466304779 0.7507551312446594 -0.3912384510040283
0.7878429889678955 0.7673336863517761 -0.39154118299484253
0.7728447914123535 0.7836238145828247 -0.39184147119522095
0.7575075626373291 0.7996154427528381 -0.3921399414539337
0.7418343424797058 0.8153043985366821 -0.39243656396865845
0.7258334159851074 0.8306804299354553 -0.39273136854171753
0.7095082998275757 0.8457378149032593 -0.3930231034755707
0.6928676962852478 0.860468327999115 -0.3933130204677582
0.6759160757064819 0.8748665452003479 -0.39360111951828003
0.6586617827415466 0.8889240026473999 -0.39388492703437805
0.6411098837852478 0.9026347994804382 -0.3941662907600403
0.6232690215110779 0.9159917235374451 -0.3944452106952667
0.6051443219184875 0.9289892315864563 -0.39472049474716187
0.5867446660995483 0.9416194558143616 -0.3949921131134033
0.5680761337280273 0.9538784027099609 -0.3952612578868866
0.54914790391922 0.9657576680183411 -0.3955273926258087
0.5299657583236694 0.9772527813911438 -0.39578983187675476
0.5105392336845398 0.9883567690849304 -0.3960473835468292
0.49087461829185486 0.9990653991699219 -0.39630192518234253
0.4709823429584503 1.0093718767166138 -0.39655277132987976
0.4508682191371918 1.0192725658416748 -0.3967987298965454
0.43054214119911194 1.0287606716156006 -0.39704105257987976
0.4100123345851898 1.037832498550415 -0.39727848768234253
0.3892872631549835 1.0464826822280884 -0.3975122272968292
0.36837583780288696 1.0547072887420654 -0.39774173498153687
0.34728696942329407 1.062501311302185 -0.3979657292366028
0.3260296583175659 1.0698603391647339 -0.39818546175956726
0.3046128749847412 1.0767813920974731 -0.39839968085289
0.28304627537727356 1.0832599401474 -0.39860963821411133
0.2613392472267151 1.089292287826538 -0.39881473779678345
0.23950013518333435 1.0948758125305176 -0.3990149199962616
0.21754011511802673 1.1000059843063354 -0.3992083966732025
0.19546738266944885 1.1046818494796753 -0.39939823746681213
0.17329224944114685 1.1088995933532715 -0.39958256483078003
0.1510244607925415 1.1126561164855957 -0.39975956082344055
0.12867414951324463 1.115950107574463 -0.39993351697921753
0.10625029355287552 1.118778944015503 -0.40010014176368713
0.08376418799161911 1.1211408376693726 -0.400261253118515
0.06122451275587082 1.1230343580245972 -0.40041691064834595
0.03864196687936783 1.1244581937789917 -0.400566428899765
0.016027219593524933 1.1254103183746338 -0.4007086455821991
-0.006610870361328125 1.1258913278579712 -0.4008459746837616
-0.02926010638475418 1.1258989572525024 -0.4009784162044525
-0.05191223323345184 1.1254340410232544 -0.40110233426094055
-0.07455627620220184 1.1244956254959106 -0.40122196078300476
-0.09718246757984161 1.1230829954147339 -0.4013330340385437
-0.11977981775999069 1.1211986541748047 -0.4014410674571991
-0.14233826100826263 1.1188404560089111 -0.4015405476093292
-0.16484710574150085 1.1160106658935547 -0.40163272619247437
-0.18729767203330994 1.1127101182937622 -0.4017206132411957
-0.20967787504196167 1.10893976688385 -0.40180057287216187
-0.23197922110557556 1.1047006845474243 -0.4018738269805908
-0.25418975949287415 1.0999948978424072 -0.40193971991539
-0.2763008177280426 1.0948246717453003 -0.40200075507164
-0.2983015477657318 1.0891921520233154 -0.40205326676368713
-0.3201821744441986 1.0830987691879272 -0.4021008610725403
-0.3419325351715088 1.0765483379364014 -0.40214115381240845
-0.3635426163673401 1.0695421695709229 -0.402174711227417
-0.3850031793117523 1.062084674835205 -0.40220096707344055
-0.40630385279655457 1.0541788339614868 -0.4022192656993866
-0.4274345338344574 1.0458287000656128 -0.40223270654678345
-0.4483865201473236 1.0370360612869263 -0.4022394120693207
-0.46914932131767273 1.0278074741363525 -0.4022381901741028
-0.4897148013114929 1.0181450843811035 -0.4022296369075775
-0.5100719928741455 1.008054494857788 -0.4022156000137329
-0.5302122235298157 0.9975401759147644 -0.4021942615509033
-0.5501267910003662 0.986606776714325 -0.4021661579608917
-0.5698072910308838 0.9752589464187622 -0.4021313786506653
-0.5892432928085327 0.9635035395622253 -0.40209048986434937
-0.608427107334137 0.9513437151908875 -0.4020410478115082
-0.6273489594459534 0.9387872219085693 -0.4019867181777954
-0.6457265019416809 0.925444483757019 -0.40175294876098633
-0.6624809503555298 0.9099006652832031 -0.4007086455821991
-0.6788754463195801 0.8940626382827759 -0.3996661603450775
-0.6949051022529602 0.8779406547546387 -0.39862674474716187
-0.7105669975280762 0.8615413308143616 -0.39759036898612976
-0.7258572578430176 0.844875693321228 -0.39655765891075134
-0.7407719492912292 0.8279518485069275 -0.3955273926258087
-0.7553079128265381 0.8107793927192688 -0.39450138807296753
-0.769463062286377 0.7933662533760071 -0.3934796452522278
-0.7832330465316772 0.775722324848175 -0.39246219396591187
-0.7966160774230957 0.7578564286231995 -0.3914514482021332
-0.8096098303794861 0.7397773861885071 -0.3904449939727783
-0.8222119808197021 0.7214938402175903 -0.38944461941719055
-0.8344202637672424 0.7030141949653625 -0.38845095038414
-0.8462328910827637 0.6843485832214355 -0.3874640166759491
-0.8576490879058838 0.6655048727989197 -0.38648441433906555
-0.8686662912368774 0.6464912295341492 -0.3855108916759491
-0.8792849183082581 0.6273167133331299 -0.3845459222793579
-0.8895017504692078 0.6079900860786438 -0.3835882842540741
-0.8993178606033325 0.5885187983512878 -0.38263919949531555
-0.9087316393852234 0.5689119100570679 -0.38169804215431213
-0.9177419543266296 0.5491786003112793 -0.3807666301727295
-0.926349401473999 0.5293258428573608 -0.37984317541122437
-0.9345535039901733 0.5093610882759094 -0.37892946600914
-0.9423543810844421 0.48929473757743835 -0.3780255615711212
-0.949751615524292 0.4691329896450043 -0.37713077664375305
-0.9567458629608154 0.44888290762901306 -0.3762475848197937
-0.9633368253707886 0.4285549819469452 -0.37537357211112976
-0.9695256948471069 0.40815505385398865 -0.3745105266571045
-0.9753134250640869 0.3876897990703583 -0.37365788221359253
-0.9806993007659912 0.3671705424785614 -0.372816801071167
-0.9856853485107422 0.3466004729270935 -0.3719867169857025
-0.990272045135498 0.3259892165660858 -0.371168851852417
-0.99446040391922 0.30534347891807556 -0.37036198377609253
-0.9982518553733826 0.28467026352882385 -0.3695666790008545
-1.001648187637329 0.2639774978160858 -0.3687823712825775
-1.0046499967575073 0.24327117204666138 -0.36801213026046753
-1.0072587728500366 0.22255858778953552 -0.3672540485858917
-1.009476661682129 0.20184798538684845 -0.36650821566581726
-1.011304497718811 0.18114303052425385 -0.36577457189559937
-1.012744426727295 0.16045242547988892 -0.3650543689727783
-1.0137985944747925 0.13978271186351776 -0.3643481731414795
-1.0144689083099365 0.11913848668336868 -0.36365360021591187
-1.0147569179534912 0.09852920472621918 -0.3629724383354187
-1.0146642923355103 0.07795913517475128 -0.3623059391975403
-1.0141942501068115 0.057433318346738815 -0.3616528809070587
-1.0133484601974487 0.036963194608688354 -0.3610120117664337
-1.0121290683746338 0.016546934843063354 -0.3603864014148712
-1.0105383396148682 -0.0038034056778997183 -0.3597742021083832
-1.0085787773132324 -0.024084320291876793 -0.35917606949806213
-1.0062533617019653 -0.04429076984524727 -0.35859379172325134
-1.0035630464553833 -0.06441467255353928 -0.35802310705184937
-1.0005121231079102 -0.08445189893245697 -0.3574689030647278
-0.9971022605895996 -0.10439804196357727 -0.35692936182022095
-0.993335485458374 -0.12424483895301819 -0.3564026355743408
-0.9892165660858154 -0.14398880302906036 -0.35589176416397095
-0.9847453832626343 -0.16362564265727997 -0.3553955554962158
-0.9799269437789917 -0.18314650654792786 -0.35491397976875305
-0.9747629761695862 -0.20254959166049957 -0.3544488847255707
-0.969257116317749 -0.2218286097049713 -0.353996604681015
-0.9634108543395996 -0.2409774661064148 -0.35356083512306213
-0.9572291374206543 -0.2599937319755554 -0.3531396687030792
-0.9507129192352295 -0.2788703739643097 -0.35273441672325134
-0.9438670873641968 -0.2976028323173523 -0.3523431718349457
-0.9366925358772278 -0.3161871135234833 -0.3519684076309204
-0.9291938543319702 -0.33461669087409973 -0.35160893201828003
-0.9213739633560181 -0.35288968682289124 -0.35126468539237976
-0.9132353067398071 -0.37099897861480713 -0.350935697555542
-0.9047819375991821 -0.38894179463386536 -0.3506219685077667
-0.8960155844688416 -0.4067138433456421 -0.350325345993042
-0.8869408369064331 -0.42430800199508667 -0.3500421345233917
-0.8775609135627747 -0.4417225420475006 -0.349776029586792
-0.8678781986236572 -0.4589517116546631 -0.3495258092880249
-0.8578965663909912 -0.47599318623542786 -0.34929144382476807
-0.8476186990737915 -0.49283918738365173 -0.34907227754592896
-0.8370488882064819 -0.5094883441925049 -0.34886783361434937
-0.8261899352073669 -0.5259355306625366 -0.3486816883087158
-0.8150457739830017 -0.5421778559684753 -0.3485095500946045
-0.8036187887191772 -0.5582093596458435 -0.3483545184135437
-0.7919131517410278 -0.5740269422531128 -0.3482147455215454
-0.7799320816993713 -0.5896266102790833 -0.3480908274650574
-0.7676794528961182 -0.6050047278404236 -0.34798282384872437
-0.7551577687263489 -0.62015700340271 -0.34789127111434937
-0.7423718571662903 -0.6350788474082947 -0.34781497716903687
-0.7293254137039185 -0.6497678756713867 -0.3477557897567749
-0.7160196304321289 -0.6642200946807861 -0.34771180152893066
-0.7024617195129395 -0.6784306168556213 -0.347684383392334
-0.6886528134346008 -0.6923960447311401 -0.34767216444015503
-0.6745976209640503 -0.7061133980751038 -0.34767580032348633
-0.6602992415428162 -0.7195783853530884 -0.34769654273986816
-0.6457622051239014 -0.7327879071235657 -0.34773319959640503
-0.6309901475906372 -0.7457377314567566 -0.34778445959091187
-0.6159868240356445 -0.7584248185157776 -0.347853422164917
-0.6007548570632935 -0.7708454728126526 -0.34793704748153687
-0.5853004455566406 -0.7829960584640503 -0.34803712368011475
-0.5696263313293457 -0.7948728799819946 -0.3481537103652954
-0.5537350177764893 -0.8064741492271423 -0.3482849597930908
-0.5376333594322205 -0.8177937269210815 -0.34843385219573975
-0.521323561668396 -0.8288294672966003 -0.34859681129455566
-0.5048114061355591 -0.8395786881446838 -0.3487774729728699
-0.48809814453125 -0.8500370383262634 -0.34897279739379883
-0.4711909294128418 -0.8602018356323242 -0.34918463230133057
-0.45409223437309265 -0.8700690865516663 -0.34941166639328003
-0.4368070960044861 -0.8796363472938538 -0.34965455532073975
-0.4193386733531952 -0.8889002799987793 -0.3499133586883545
-0.4016934037208557 -0.8978568911552429 -0.3501880168914795
-0.3838745057582855 -0.9065037369728088 -0.350477933883667
-0.36588606238365173 -0.9148371815681458 -0.35078373551368713
-0.3477320969104767 -0.9228550791740417 -0.35110539197921753
-0.3294195532798767 -0.9305537343025208 -0.3514416813850403
-0.3109513819217682 -0.9379292130470276 -0.3517944812774658
-0.29233139753341675 -0.9449803233146667 -0.3521619141101837
-0.27356553077697754 -0.9517024159431458 -0.35254520177841187
-0.2546592652797699 -0.9580931067466736 -0.3529437482357025
-0.23561644554138184 -0.9641495943069458 -0.35335758328437805
-0.2164430320262909 -0.9698688983917236 -0.3537866473197937
-0.19714081287384033 -0.9752485156059265 -0.3542303740978241
-0.17771896719932556 -0.980284571647644 -0.35468998551368713
-0.15818145871162415 -0.9849753975868225 -0.35516422986984253
-0.13853256404399872 -0.989317774772644 -0.3556531071662903
-0.11877700686454773 -0.9933091402053833 -0.3561566472053528
-0.09892166405916214 -0.9969465136528015 -0.3566766679286957
-0.07897079735994339 -1.0002278089523315 -0.35720890760421753
-0.05893097072839737 -1.0031495094299316 -0.35775700211524963
-0.03880447521805763 -1.0057108402252197 -0.3583197295665741
-0.018602758646011353 -1.007907509803772 -0.35889652371406555
0.0016731247305870056 -1.0097373723983765 -0.3594873249530792
0.022014610469341278 -1.0111991167068481 -0.36009281873703003
0.042418964207172394 -1.012290120124817 -0.3607116937637329
0.06287764757871628 -1.0130066871643066 -0.3613446354866028
0.08338546007871628 -1.0133488178253174 -0.361992210149765
0.10393599420785904 -1.013312816619873 -0.36265262961387634
0.12452422827482224 -1.0128974914550781 -0.36332768201828003
0.1451428234577179 -1.012100100517273 -0.36401432752609253
0.16578459739685059 -1.0109195709228516 -0.36471500992774963
0.18644484877586365 -1.009353518486023 -0.36542972922325134
0.20711806416511536 -1.0073994398117065 -0.36615604162216187
0.22779402136802673 -1.0050578117370605 -0.366896390914917
0.24846801161766052 -1.0023247003555298 -0.3676483631134033
0.269133597612381 -0.9991999864578247 -0.3684137165546417
0.2897834777832031 -0.9956815838813782 -0.3691907227039337
0.3104098439216614 -0.9917689561843872 -0.36998051404953003
0.33100631833076477 -0.9874604344367981 -0.370781272649765
0.35111770033836365 -0.981495201587677 -0.3711181879043579
0.3707659840583801 -0.974189281463623 -0.37110111117362976
0.39026930928230286 -0.9665049314498901 -0.37108829617500305
0.40961942076683044 -0.9584446549415588 -0.3710815906524658
0.4288111627101898 -0.9500120282173157 -0.3710815906524658
0.447835236787796 -0.9412098526954651 -0.3710876703262329
0.46668609976768494 -0.9320423603057861 -0.3710992634296417
0.4853570759296417 -0.922511100769043 -0.37111514806747437
0.5038427114486694 -0.9126191735267639 -0.371138334274292
0.522133469581604 -0.9023716449737549 -0.37116703391075134
0.5402242541313171 -0.8917713761329651 -0.37120121717453003
0.5581088066101074 -0.8808231949806213 -0.37124088406562805
0.5757812261581421 -0.8695283532142639 -0.37128666043281555
0.5932332873344421 -0.8578935265541077 -0.37133854627609253
0.6104598641395569 -0.8459202647209167 -0.3713965117931366
0.6274541616439819 -0.8336149454116821 -0.3714587688446045
0.6442114114761353 -0.8209797739982605 -0.3715289533138275
0.6607229113578796 -0.8080204725265503 -0.3716028034687042
0.6769844889640808 -0.7947413325309753 -0.3716827630996704
0.6929891705513 -0.7811470031738281 -0.3717676103115082
0.7087328433990479 -0.7672401070594788 -0.3718591630458832
0.7242074012756348 -0.7530289888381958 -0.3719561994075775
0.7394078969955444 -0.7385163903236389 -0.3720593750476837
0.7543282508850098 -0.7237080335617065 -0.3721661865711212
0.7689644694328308 -0.7086073160171509 -0.3722802996635437
0.7833086848258972 -0.6932218670845032 -0.3723999261856079
0.7973568439483643 -0.6775556802749634 -0.37252384424209595
0.8111028671264648 -0.6616135835647583 -0.3726526200771332
0.8245428204536438 -0.6454017758369446 -0.37278813123703003
0.8376702666282654 -0.6289259195327759 -0.3729279041290283
0.8504796624183655 -0.6121922135353088 -0.37307316064834595
0.8629674911499023 -0.5952058434486389 -0.3732239007949829
0.8751281499862671 -0.5779716372489929 -0.3733801543712616
0.8869554996490479 -0.5604975819587708 -0.37354129552841187
0.8984469175338745 -0.5427882075309753 -0.3737061023712158
0.9095956087112427 -0.5248500108718872 -0.37387821078300476
0.9203994274139404 -0.5066899061203003 -0.3740527629852295
0.9308522939682007 -0.4883146584033966 -0.3742334246635437
0.9409496784210205 -0.4697285294532776 -0.37441959977149963
0.9506887197494507 -0.45093977451324463 -0.37460941076278687
0.9600642919540405 -0.43195465207099915 -0.3748047351837158
0.969071626663208 -0.4127799868583679 -0.3750043213367462
0.61773282289505 0.8136404156684875 -0.39313358068466187
0.6016448736190796 0.8264474272727966 -0.39339479804039
0.5852880477905273 0.8389301896095276 -0.39365360140800476
0.5686681866645813 0.8510833382606506 -0.3939087390899658
0.5517910122871399 0.8629006743431091 -0.3941614031791687
0.5346658229827881 0.8743765950202942 -0.3944116532802582
0.5172970294952393 0.885505199432373 -0.3946588337421417
0.4996927082538605 0.896281361579895 -0.3949017822742462
0.4818600118160248 0.9066994786262512 -0.39514225721359253
0.46380648016929626 0.9167546629905701 -0.395378440618515
0.44553908705711365 0.9264418482780457 -0.39561161398887634
0.4270654022693634 0.935756504535675 -0.3958398699760437
0.40839341282844543 0.9446929097175598 -0.3960650861263275
0.3895307779312134 0.9532476663589478 -0.3962872624397278
0.3704849183559418 0.9614155888557434 -0.3965051472187042
0.3512651026248932 0.9691928625106812 -0.3967187702655792
0.33187881112098694 0.9765753746032715 -0.39692753553390503
0.31233322620391846 0.9835593104362488 -0.39713260531425476
0.29263854026794434 0.9901407361030579 -0.397331565618515
0.2728019654750824 0.9963167309761047 -0.39752811193466187
0.2528328001499176 1.0020828247070312 -0.397719144821167
0.23273834586143494 1.007437825202942 -0.3979059159755707
0.2125290036201477 1.0123767852783203 -0.3980877995491028
0.19221237301826477 1.0168979167938232 -0.39826419949531555
0.17179811000823975 1.0209987163543701 -0.39843693375587463
0.15129470825195312 1.0246758460998535 -0.398604154586792
0.13071060180664062 1.0279284715652466 -0.39876529574394226
0.11005552858114243 1.0307543277740479 -0.3989221453666687
0.08933868259191513 1.0331511497497559 -0.3990747332572937
0.06856902688741684 1.035117268562317 -0.39921998977661133
0.04775572568178177 1.036651849746704 -0.39936038851737976
0.02690795809030533 1.037753939628601 -0.3994958698749542
0.006035149097442627 1.0384223461151123 -0.3996264934539795
-0.014852911233901978 1.038655400276184 -0.39974918961524963
-0.03574813902378082 1.0384540557861328 -0.3998681902885437
-0.05664047598838806 1.0378178358078003 -0.3999811112880707
-0.07752029597759247 1.0367459058761597 -0.4000867009162903
-0.09837814420461655 1.03523850440979 -0.40018802881240845
-0.11920562386512756 1.0332963466644287 -0.40028324723243713
-0.1399919092655182 1.0309191942214966 -0.4003729522228241
-0.16072921454906464 1.0281094312667847 -0.40045595169067383
-0.18140670657157898 1.0248668193817139 -0.4005334675312042
-0.20201599597930908 1.0211927890777588 -0.40060490369796753
-0.22254745662212372 1.0170881748199463 -0.4006683826446533
-0.242992103099823 1.0125558376312256 -0.4007275700569153
-0.2633398473262787 1.0075972080230713 -0.4007812738418579
-0.2835825979709625 1.0022146701812744 -0.40082767605781555
-0.3037106394767761 0.99640953540802 -0.40086793899536133
-0.3237139880657196 0.9901843667030334 -0.40090212225914
-0.343585342168808 0.9835427403450012 -0.4009301960468292
-0.3633149564266205 0.9764873385429382 -0.40095219016075134
-0.38289305567741394 0.9690206050872803 -0.4009668231010437
-0.4023120105266571 0.9611465334892273 -0.40097659826278687
-0.4215623438358307 0.9528681635856628 -0.4009784162044525
-0.44063520431518555 0.9441899657249451 -0.4009759724140167
-0.4595228433609009 0.9351147413253784 -0.40096622705459595
-0.4782162308692932 0.9256475567817688 -0.40094974637031555
-0.49670636653900146 0.9157927632331848 -0.4009277820587158
-0.5149862766265869 0.9055542349815369 -0.4008996784687042
-0.5330462455749512 0.8949370384216309 -0.40086430311203003
-0.5508796572685242 0.8839462995529175 -0.4008233845233917
-0.5684771537780762 0.8725864291191101 -0.4007751941680908
-0.5858325362205505 0.8608633279800415 -0.40072208642959595
-0.6028826832771301 0.8487067818641663 -0.400627464056015
-0.618340015411377 0.8344029188156128 -0.39966556429862976
-0.6334695816040039 0.8198237419128418 -0.3987060785293579
-0.6482657194137573 0.8049798607826233 -0.39774662256240845
-0.6627250909805298 0.7898774743080139 -0.3967908024787903
-0.6768463253974915 0.7745248079299927 -0.3958374261856079
-0.6906234622001648 0.7589309811592102 -0.3948877155780792
-0.704054594039917 0.7431028485298157 -0.3939404785633087
-0.7171351909637451 0.7270506024360657 -0.392998069524765
-0.7298646569252014 0.710780143737793 -0.39205998182296753
-0.7422378659248352 0.6943020224571228 -0.3911261260509491
-0.754254937171936 0.6776208281517029 -0.39019718766212463
-0.765911877155304 0.6607479453086853 -0.38927310705184937
-0.7772074937820435 0.6436899900436401 -0.3883545398712158
-0.7881395220756531 0.626454770565033 -0.38744327425956726
-0.7987054586410522 0.6090518236160278 -0.3865368962287903
-0.8089056611061096 0.5914863348007202 -0.3856366276741028
-0.8187370300292969 0.5737686157226562 -0.3847442865371704
-0.8281993865966797 0.5559048056602478 -0.3838580548763275
-0.8372911214828491 0.5379043221473694 -0.38298100233078003
-0.8460121154785156 0.5197727680206299 -0.38211125135421753
-0.8543602228164673 0.5015208125114441 -0.38124820590019226
-0.8623366355895996 0.4831525981426239 -0.38039371371269226
-0.8699398040771484 0.4646774232387543 -0.37954777479171753
-0.8771699070930481 0.4461035132408142 -0.3787103593349457
-0.8840264081954956 0.42743635177612305 -0.377882719039917
-0.8905093669891357 0.40868452191352844 -0.3770630359649658
-0.8966189622879028 0.38985487818717957 -0.3762543201446533
-0.902355432510376 0.3709549009799957 -0.3754541277885437
-0.9077193737030029 0.3519912660121918 -0.37466496229171753
-0.9127106666564941 0.3329719603061676 -0.373884916305542
-0.917330265045166 0.31390273571014404 -0.37311527132987976
-0.9215795993804932 0.2947901785373688 -0.37235599756240845
-0.9254580140113831 0.2756426930427551 -0.37160709500312805
-0.928966760635376 0.2564659118652344 -0.37087100744247437
-0.9321081042289734 0.2372666895389557 -0.3701440691947937
-0.9348814487457275 0.2180526703596115 -0.369429349899292
-0.9372895359992981 0.19882889091968536 -0.3687262237071991
-0.9393323659896851 0.17960143089294434 -0.36803409457206726
-0.9410121440887451 0.16037841141223907 -0.367354154586792
-0.9423297643661499 0.1411648541688919 -0.3666864335536957
-0.9432868957519531 0.12196777015924454 -0.3660303056240082
-0.943886399269104 0.10279189795255661 -0.3653857707977295
-0.9441280364990234 0.08364517241716385 -0.3647540509700775
-0.944014310836792 0.0645318552851677 -0.36413517594337463
-0.9435471296310425 0.045459289103746414 -0.3635284900665283
-0.9427287578582764 0.026431579142808914 -0.3629346191883087
-0.9415605068206787 0.0074563599191606045 -0.3623547852039337
-0.9400457143783569 -0.011462249793112278 -0.3617871403694153
-0.9381841421127319 -0.030317535623908043 -0.36123234033584595
-0.9359800219535828 -0.04910491779446602 -0.3606915771961212
-0.9334356784820557 -0.06781844794750214 -0.36016300320625305
-0.9305518865585327 -0.0864521786570549 -0.35964909195899963
-0.9273316860198975 -0.10500182956457138 -0.3591485917568207
-0.9237775206565857 -0.12346099317073822 -0.3586609363555908
-0.9198920726776123 -0.1418263167142868 -0.3581872880458832
-0.9156769514083862 -0.16009093821048737 -0.35772770643234253
-0.9111353158950806 -0.1782502681016922 -0.35728153586387634
-0.9062694311141968 -0.19629958271980286 -0.3568499982357025
-0.9010823965072632 -0.2142341583967209 -0.3564325273036957
-0.8955768942832947 -0.2320481836795807 -0.35602787137031555
-0.8897546529769897 -0.24973800778388977 -0.3556390702724457
-0.8836199045181274 -0.26729872822761536 -0.3552630841732025
-0.8771737217903137 -0.2847244143486023 -0.35490360856056213
-0.8704204559326172 -0.3020114004611969 -0.3545563220977783
-0.8633615374565125 -0.31915587186813354 -0.35422489047050476
-0.8560009002685547 -0.33615201711654663 -0.35390689969062805
-0.848341166973114 -0.3529953062534332 -0.3536047637462616
-0.840384840965271 -0.36968275904655457 -0.353316068649292
-0.8321356773376465 -0.38620924949645996 -0.35304203629493713
-0.8235963582992554 -0.4025692641735077 -0.35278263688087463
-0.8147699236869812 -0.4187605082988739 -0.35253971815109253
-0.8056588768959045 -0.43477797508239746 -0.35230961441993713
-0.7962676882743835 -0.4506171941757202 -0.352095365524292
-0.7865979075431824 -0.46627455949783325 -0.3518945574760437
-0.7766538858413696 -0.4817451238632202 -0.35170963406562805
-0.7664380073547363 -0.49702557921409607 -0.3515399396419525
-0.7559544444084167 -0.5121128559112549 -0.35138553380966187
-0.7452057003974915 -0.5270012021064758 -0.3512451648712158
-0.7341954112052917 -0.5416877865791321 -0.35112065076828003
-0.7229270935058594 -0.5561686754226685 -0.3510095477104187
-0.7114033699035645 -0.5704395771026611 -0.35091432929039
-0.6996285915374756 -0.5844972133636475 -0.3508343994617462
-0.6876046657562256 -0.5983372330665588 -0.35076969861984253
-0.6753370761871338 -0.6119572520256042 -0.35072025656700134
-0.6628285050392151 -0.6253520250320435 -0.3506854474544525
-0.6500816345214844 -0.6385191082954407 -0.3506653308868408
-0.637100100517273 -0.651453971862793 -0.350661039352417
-0.6238882541656494 -0.6641538739204407 -0.35067018866539
-0.6104504466056824 -0.6766148209571838 -0.3506958484649658
-0.596789538860321 -0.688833475112915 -0.3507361114025116
-0.582908034324646 -0.7008064389228821 -0.35079166293144226
-0.5688108801841736 -0.7125303745269775 -0.3508618474006653
-0.5545017719268799 -0.7240006923675537 -0.35094791650772095
-0.5399848818778992 -0.7352159023284912 -0.3510480225086212
-0.5252633690834045 -0.746172308921814 -0.3511633574962616
-0.5103410482406616 -0.7568656802177429 -0.35129398107528687
-0.4952220022678375 -0.7672926187515259 -0.35143986344337463
-0.47991058230400085 -0.7774516344070435 -0.35160037875175476
-0.4644109904766083 -0.7873377799987793 -0.35177555680274963
-0.44872602820396423 -0.7969483733177185 -0.35196658968925476
-0.43286070227622986 -0.806281566619873 -0.3521716594696045
-0.4168194532394409 -0.8153315782546997 -0.3523907959461212
-0.40060484409332275 -0.8240973949432373 -0.35262516140937805
-0.38422316312789917 -0.8325760960578918 -0.35287541151046753
-0.36767715215682983 -0.8407630920410156 -0.3531396687030792
-0.350972443819046 -0.8486570715904236 -0.3534179925918579
-0.3341117799282074 -0.8562541007995605 -0.3537115752696991
-0.3171011209487915 -0.8635517954826355 -0.35401982069015503
-0.2999444603919983 -0.8705464005470276 -0.3543426990509033
-0.28264495730400085 -0.8772364854812622 -0.3546796143054962
-0.2652096450328827 -0.8836182951927185 -0.3550317585468292
-0.2476418912410736 -0.8896897435188293 -0.3553979694843292
-0.22994521260261536 -0.8954465985298157 -0.3557782471179962
-0.21212676167488098 -0.9008876085281372 -0.3561719059944153
-0.1941891461610794 -0.9060099720954895 -0.356581449508667
-0.17613846063613892 -0.9108103513717651 -0.35700443387031555
-0.15797974169254303 -0.9152879118919373 -0.3574414551258087
-0.1397177129983902 -0.9194377064704895 -0.35789188742637634
-0.12135681509971619 -0.9232587814331055 -0.3583557605743408
-0.10290282964706421 -0.9267484545707703 -0.35883548855781555
-0.08436035364866257 -0.9299039840698242 -0.3593268096446991
-0.06573577970266342 -0.9327238202095032 -0.35983341932296753
-0.047032471746206284 -0.9352046251296997 -0.36035221815109253
-0.02825821191072464 -0.9373453855514526 -0.36088505387306213
-0.009416811168193817 -0.9391425848007202 -0.36143192648887634
0.009486079216003418 -0.9405952095985413 -0.36199039220809937
0.028444059193134308 -0.9417014718055725 -0.362562894821167
0.047453753650188446 -0.9424580335617065 -0.3631482422351837
0.0665060356259346 -0.9428632855415344 -0.36374637484550476
0.085596464574337 -0.9429166913032532 -0.3643573224544525
0.10472091287374496 -0.9426148533821106 -0.36498111486434937
0.12387160211801529 -0.941956639289856 -0.36561650037765503
0.1430412232875824 -0.9409406781196594 -0.366264671087265
0.16222718358039856 -0.9395649433135986 -0.3669256865978241
0.18142104148864746 -0.9378281831741333 -0.367598295211792
0.20061692595481873 -0.935728907585144 -0.36828190088272095
0.21980896592140198 -0.9332655072212219 -0.36897891759872437
0.23898985981941223 -0.9304377436637878 -0.3696863055229187
0.2581539750099182 -0.9272437691688538 -0.370405912399292
0.27729475498199463 -0.9236820936203003 -0.37113529443740845
0.2964036464691162 -0.9197520017623901 -0.3718774616718292
0.31512054800987244 -0.9144187569618225 -0.37220707535743713
0.3334280252456665 -0.9078477025032043 -0.37218692898750305
0.35160353779792786 -0.9009242057800293 -0.37217289209365845
0.36964094638824463 -0.8936497569084167 -0.3721643388271332
0.3875344693660736 -0.8860270380973816 -0.3721606731414795
0.4052763283252716 -0.8780592083930969 -0.37216252088546753
0.4228598177433014 -0.8697477579116821 -0.3721698224544525
0.4402795135974884 -0.8610975742340088 -0.3721826374530792
0.45752987265586853 -0.852110743522644 -0.3722003400325775
0.47460296750068665 -0.8427900671958923 -0.3722241520881653
0.49149349331855774 -0.8331403732299805 -0.37225285172462463
0.508195161819458 -0.8231632709503174 -0.3722864091396332
0.5247024297714233 -0.8128645420074463 -0.37232670187950134
0.5410085916519165 -0.8022444248199463 -0.37237125635147095
0.5571072101593018 -0.7913093566894531 -0.37242192029953003
0.5729934573173523 -0.7800623774528503 -0.37247684597969055
0.5886611342430115 -0.7685078382492065 -0.37253910303115845
0.6041042804718018 -0.7566483616828918 -0.37260502576828003
0.6193163394927979 -0.7444892525672913 -0.37267643213272095
0.634293794631958 -0.7320347428321838 -0.37275272607803345
0.6490294933319092 -0.7192893624305725 -0.3728345036506653
0.6635183095932007 -0.706257164478302 -0.3729223906993866
0.6777541637420654 -0.6929423213005066 -0.3730139434337616
0.6917333602905273 -0.6793501377105713 -0.3731110095977783
0.7054488658905029 -0.6654847860336304 -0.37321415543556213
0.7188961505889893 -0.6513505578041077 -0.37332218885421753
0.7320708632469177 -0.6369547843933105 -0.37343448400497437
0.7449666857719421 -0.6222999691963196 -0.3735516667366028
0.7575783729553223 -0.6073917746543884 -0.3736737370491028
0.7699032425880432 -0.5922361612319946 -0.37380251288414
0.7819335460662842 -0.5768378973007202 -0.3739343583583832
0.7936675548553467 -0.5612019300460815 -0.3740716874599457
0.8050985336303711 -0.5453355312347412 -0.37421390414237976
0.8162221908569336 -0.5292420983314514 -0.3743603825569153
0.8270345330238342 -0.512928307056427 -0.37451237440109253
0.8375313878059387 -0.4963996708393097 -0.3746686279773712
0.8477081060409546 -0.4796620011329651 -0.37482914328575134
0.8575609922409058 -0.46272140741348267 -0.37499454617500305
0.8670849204063416 -0.44558393955230713 -0.37516483664512634
0.8762774467468262 -0.42825543880462646 -0.3753381669521332
0.8851330280303955 -0.41074249148368835 -0.3755163848400116
0.8936489224433899 -0.3930506706237793 -0.3757007122039795
0.901821494102478 -0.37518706917762756 -0.3758862614631653
0.9096468687057495 -0.3571566641330719 -0.37607792019844055
0.9171218872070312 -0.33896759152412415 -0.37627261877059937
0.9242424964904785 -0.3206250071525574 -0.37647220492362976
0.9310064315795898 -0.3021375834941864 -0.3766772747039795
0.9374096393585205 -0.2835090458393097 -0.37688419222831726
0.9434499740600586 -0.2647494375705719 -0.3770947754383087
0.9491240978240967 -0.24586288630962372 -0.37731021642684937
0.9544296264648438 -0.22685806453227997 -0.37752872705459595
0.9593633413314819 -0.20774047076702118 -0.3777509033679962
0.9639233350753784 -0.18851852416992188 -0.3779779374599457
0.9681066274642944 -0.16919830441474915 -0.3782068192958832
0.9719103574752808 -0.14978714287281036 -0.37843936681747437
0.9753341674804688 -0.1302935779094696 -0.3786749541759491
0.9783748388290405 -0.11072250455617905 -0.3789142072200775
0.9810308218002319 -0.09108306467533112 -0.37915652990341187
0.9833000898361206 -0.07138198614120483 -0.37940189242362976
0.9851812124252319 -0.05162765458226204 -0.37965092062950134
0.9866726398468018 -0.031826019287109375 -0.3799011707305908
0.9877734184265137 -0.011985931545495987 -0.3801562786102295
0.988480806350708 0.007886657491326332 -0.38041263818740845
0.9887959957122803 0.027781981974840164 -0.38067203760147095
0.9887169599533081 0.04769454896450043 -0.3809332549571991
0.9882431030273438 0.0676141306757927 -0.3811975419521332
0.9873733520507812 0.08753524720668793 -0.3814636468887329
0.9861074686050415 0.10744903236627579 -0.3817334473133087
0.9844448566436768 0.12734878063201904 -0.38200321793556213
0.9823858737945557 0.1472250372171402 -0.3822760283946991
0.9799298048019409 0.16707122325897217 -0.3825506865978241
0.9770772457122803 0.186878964304924 -0.38282719254493713
0.9738290309906006 0.2066398561000824 -0.3831055164337158
0.970184326171875 0.22634704411029816 -0.38338503241539
0.9661446809768677 0.2459922730922699 -0.38366642594337463
0.9617098569869995 0.2655668556690216 -0.38394901156425476
0.9568814039230347 0.2850642204284668 -0.3842328190803528
0.9516603946685791 0.30447477102279663 -0.3845178484916687
0.9460484981536865 0.3237919509410858 -0.3848040997982025
0.9400460720062256 0.34300658106803894 -0.3850903809070587
0.9336550235748291 0.36211273074150085 -0.3853784501552582
0.9268777370452881 0.38109999895095825 -0.3856671452522278
0.9197149276733398 0.3999618589878082 -0.38595646619796753
0.9121696949005127 0.4186903238296509 -0.38624516129493713
0.904242753982544 0.4372773766517639 -0.38653507828712463
0.8959383964538574 0.4557151794433594 -0.38682499527931213
0.8872573375701904 0.4739956557750702 -0.38711613416671753
0.8782036900520325 0.4921112060546875 -0.38740605115890503
0.8687798380851746 0.5100542902946472 -0.38769596815109253
0.8589892387390137 0.5278155207633972 -0.38798588514328003
0.8488335609436035 0.5453904867172241 -0.38827458024024963
0.8383172154426575 0.5627685189247131 -0.388563871383667
0.8274441361427307 0.5799436569213867 -0.3888525664806366
0.816217303276062 0.5969073176383972 -0.38914066553115845
0.8046407699584961 0.6136529445648193 -0.38942691683769226
0.7927190661430359 0.6301724314689636 -0.3897125720977783
0.7804555892944336 0.6464587450027466 -0.3899969756603241
0.7678554654121399 0.6625040769577026 -0.39028018712997437
0.7549227476119995 0.6783016920089722 -0.3905627727508545
0.7416619658470154 0.6938449144363403 -0.3908441364765167
0.7280789017677307 0.7091250419616699 -0.39112308621406555
0.7141768932342529 0.7241378426551819 -0.3914007842540741
0.6999633312225342 0.7388728260993958 -0.391676664352417
0.685441255569458 0.7533262372016907 -0.3919501006603241
0.670617938041687 0.7674896121025085 -0.39222171902656555
0.6554980278015137 0.7813572287559509 -0.3924908936023712
0.6400878429412842 0.7949221730232239 -0.3927575945854187
0.6243935823440552 0.8081779479980469 -0.3930231034755707
0.6084203720092773 0.8211193084716797 -0.39328616857528687
0.5921752452850342 0.8337386250495911 -0.39354556798934937
0.5756649374961853 0.8460304141044617 -0.3938031494617462
0.55889493227005 0.8579894304275513 -0.394057035446167
0.5418727993965149 0.8696088194847107 -0.3943078815937042
0.5246050357818604 0.8808839917182922 -0.3945556879043579
0.5070989727973938 0.8918079137802124 -0.3947998285293579
0.48936066031455994 0.9023773074150085 -0.39504215121269226
0.4713992178440094 0.9125849604606628 -0.39527958631515503
0.45322033762931824 0.9224268794059753 -0.39551395177841187
0.4348321259021759 0.931898295879364 -0.395744651556015
0.41624221205711365 0.9409937858581543 -0.39597171545028687
0.3974587917327881 0.9497093558311462 -0.39619511365890503
0.3784889280796051 0.9580397605895996 -0.39641422033309937
0.35934096574783325 0.9659811854362488 -0.39662966132164
0.3400230407714844 0.9735298752784729 -0.3968408405780792
0.3205433487892151 0.980681300163269 -0.3970465362071991
0.30091002583503723 0.9874318242073059 -0.3972485661506653
0.2811320424079895 0.9937782287597656 -0.39744633436203003
0.2612171769142151 0.9997164011001587 -0.3976404070854187
0.24117478728294373 1.0052440166473389 -0.3978296220302582
0.22101211547851562 1.0103572607040405 -0.3980115056037903
0.20073944330215454 1.0150542259216309 -0.3981921672821045
0.1803646981716156 1.0193309783935547 -0.3983667194843292
0.15989792346954346 1.0231860876083374 -0.39853519201278687
0.1393461525440216 1.0266172885894775 -0.3986993730068207
0.11872009187936783 1.029622197151184 -0.3988586664199829
0.09802825003862381 1.0321985483169556 -0.3990112543106079
0.07727966457605362 1.0343451499938965 -0.3991601765155792
0.05648314207792282 1.0360618829727173 -0.39930301904678345
0.0356486514210701 1.0373446941375732 -0.39943912625312805
0.01478530466556549 1.0381948947906494 -0.3995721638202667
-0.0060981810092926025 1.0386109352111816 -0.39969852566719055
-0.026990815997123718 1.0385913848876953 -0.3998187482357025
-0.04788589850068092 1.038137435913086 -0.3999341130256653
-0.06877121329307556 1.0372480154037476 -0.4000427722930908
-0.08964050561189651 1.035922884941101 -0.40014714002609253
-0.11048172414302826 1.034163236618042 -0.40024539828300476
-0.13128632307052612 1.0319682359695435 -0.40033572912216187
-0.15204483270645142 1.02933931350708 -0.40042179822921753
-0.17274901270866394 1.0262781381607056 -0.40050172805786133
-0.19338759779930115 1.022784948348999 -0.4005749821662903
-0.2139534056186676 1.018860936164856 -0.4006439447402954
-0.23443511128425598 1.0145076513290405 -0.4007049798965454
-0.25482481718063354 1.0097274780273438 -0.4007599353790283
-0.2751123011112213 1.0045218467712402 -0.4008081257343292
-0.2952896058559418 0.9988930821418762 -0.4008514881134033
-0.315346360206604 0.9928440451622009 -0.40088993310928345
-0.33527448773384094 0.9863766431808472 -0.4009186029434204
-0.3550642132759094 0.9794943928718567 -0.4009430408477783
-0.3747067153453827 0.9721991419792175 -0.40096133947372437
-0.3941938579082489 0.9644961953163147 -0.4009729325771332
-0.41351592540740967 0.956386387348175 -0.4009784162044525
-0.43266385793685913 0.9478752017021179 -0.40097782015800476
-0.45163053274154663 0.938965916633606 -0.40097111463546753
-0.47040632367134094 0.9296627640724182 -0.4009576737880707
-0.48898208141326904 0.9199696183204651 -0.4009375274181366
-0.5073511004447937 0.9098917841911316 -0.4009118974208832
-0.5255047678947449 0.8994324803352356 -0.40087956190109253
-0.5434338450431824 0.8885977268218994 -0.40084108710289
-0.5611312985420227 0.8773916363716125 -0.4007965326309204
-0.5785888433456421 0.8658207654953003 -0.40074586868286133
-0.5957992672920227 0.8538888096809387 -0.400688499212265
-0.6119017004966736 0.8404315710067749 -0.400068998336792
-0.6271690726280212 0.8259671330451965 -0.3991076946258545
-0.6421046853065491 0.8112330436706543 -0.39814823865890503
-0.656706690788269 0.7962372899055481 -0.3971917927265167
-0.6709700226783752 0.7809892296791077 -0.3962365984916687
-0.6848918199539185 0.7654950022697449 -0.39528506994247437
-0.6984675526618958 0.7497649788856506 -0.3943372070789337
-0.7116958498954773 0.733805239200592 -0.39339298009872437
-0.7245730757713318 0.717625081539154 -0.3924524188041687
-0.737095832824707 0.7012319564819336 -0.39151614904403687
-0.7492628693580627 0.6846352815628052 -0.39058536291122437
-0.7610705494880676 0.6678422689437866 -0.38965946435928345
-0.7725181579589844 0.650860607624054 -0.38873904943466187
-0.7836015224456787 0.6336991786956787 -0.38782352209091187
-0.7943217754364014 0.6163651943206787 -0.386915922164917
-0.8046754598617554 0.598866879940033 -0.3860132098197937
-0.8146617412567139 0.5812121629714966 -0.38511723279953003
-0.8242791295051575 0.5634087920188904 -0.3842291533946991
-0.8335259556770325 0.5454643368721008 -0.3833478093147278
-0.8424025774002075 0.5273873805999756 -0.3824743926525116
-0.8509072065353394 0.5091844201087952 -0.3816083073616028
-0.8590394854545593 0.4908638000488281 -0.3807501494884491
-0.8667988777160645 0.4724331498146057 -0.3799011707305908
-0.8741854429244995 0.45389968156814575 -0.37905949354171753
-0.8811982870101929 0.43527036905288696 -0.3782287836074829
-0.8878381252288818 0.416552871465683 -0.37740543484687805
-0.8941037654876709 0.39775556325912476 -0.3765924274921417
-0.899996280670166 0.3788842558860779 -0.37578800320625305
-0.9055165648460388 0.35994598269462585 -0.3749939203262329
-0.9106638431549072 0.3409498631954193 -0.3742096424102783
-0.9154396057128906 0.3218994140625 -0.37343630194664
-0.9198434352874756 0.3028051555156708 -0.372673362493515
-0.9238772392272949 0.28367170691490173 -0.3719201982021332
-0.9275414943695068 0.26450544595718384 -0.37117800116539
-0.9308367371559143 0.24531538784503937 -0.37044742703437805
-0.9337641000747681 0.22610671818256378 -0.3697284162044525
-0.936324954032898 0.20688536763191223 -0.36901921033859253
-0.938520610332489 0.1876603662967682 -0.36832278966903687
-0.9403519630432129 0.16843414306640625 -0.36763796210289
-0.9418214559555054 0.14921614527702332 -0.36696475744247437
-0.942929744720459 0.13001129031181335 -0.3663037419319153
-0.9436789751052856 0.11082503944635391 -0.365654319524765
-0.9440696239471436 0.09166549146175385 -0.3650171160697937
-0.9441044926643372 0.07253814488649368 -0.364393949508667
-0.9437859654426575 0.05344604328274727 -0.36378178000450134
-0.9431139230728149 0.03440093994140625 -0.36318239569664
-0.9420925378799438 0.015401916578412056 -0.3625970780849457
-0.9407224059104919 -0.00354080181568861 -0.3620239496231079
-0.9390063285827637 -0.02242324687540531 -0.361464262008667
-0.9369460344314575 -0.04123992845416069 -0.36091679334640503
-0.9345436096191406 -0.05998489260673523 -0.3603833317756653
-0.9318015575408936 -0.07865234464406967 -0.35986393690109253
-0.92872154712677 -0.09723830968141556 -0.35935673117637634
-0.92530757188797 -0.1157362312078476 -0.3588641583919525
-0.9215602874755859 -0.1341412365436554 -0.3583844304084778
-0.9174830913543701 -0.1524493396282196 -0.3579181134700775
-0.9130785465240479 -0.1706526130437851 -0.357466459274292
-0.9083479642868042 -0.18874907493591309 -0.3570294678211212
-0.9032950401306152 -0.20673155784606934 -0.35660526156425476
-0.897922933101654 -0.22459715604782104 -0.35619571805000305
-0.8922328948974609 -0.24233977496623993 -0.35580021142959595
-0.8862290382385254 -0.25995543599128723 -0.35541996359825134
-0.8799127340316772 -0.2774374186992645 -0.35505253076553345
-0.8732879161834717 -0.2947845458984375 -0.35470035672187805
-0.8663573265075684 -0.31198835372924805 -0.35436221957206726
-0.8591222167015076 -0.32904738187789917 -0.3540387451648712
-0.8515874743461609 -0.34595489501953125 -0.35372990369796753
-0.8437557220458984 -0.36270827054977417 -0.35343509912490845
-0.8356282711029053 -0.37930312752723694 -0.35315555334091187
-0.8272101879119873 -0.39573347568511963 -0.35289067029953003
-0.8185034394264221 -0.41199567914009094 -0.35264042019844055
-0.8095120191574097 -0.42808622121810913 -0.3524042069911957
-0.8002371191978455 -0.4440019130706787 -0.35218265652656555
-0.7906842231750488 -0.4597353935241699 -0.3519775867462158
-0.7808545231819153 -0.4752845764160156 -0.35178592801094055
-0.7707524299621582 -0.49064528942108154 -0.3516107499599457
-0.7603799700737 -0.5058140158653259 -0.3514483869075775
-0.7497422695159912 -0.5207859873771667 -0.35130253434181213
-0.7388411164283752 -0.5355570912361145 -0.3511712849140167
-0.7276812791824341 -0.5501249432563782 -0.35105472803115845
-0.7162634134292603 -0.564484715461731 -0.35095280408859253
-0.7045935392379761 -0.5786323547363281 -0.35086673498153687
-0.6926739811897278 -0.5925633311271667 -0.35079532861709595
-0.6805081367492676 -0.6062760949134827 -0.35073918104171753
-0.6680989265441895 -0.619766354560852 -0.3506982624530792
-0.6554518342018127 -0.6330293416976929 -0.35067203640937805
-0.642568826675415 -0.6460612416267395 -0.350661039352417
-0.6294535994529724 -0.6588596701622009 -0.3506647050380707
-0.6161091923713684 -0.6714216470718384 -0.35068362951278687
-0.6025416851043701 -0.6837425231933594 -0.35071781277656555
-0.5887518525123596 -0.6958186030387878 -0.3507666289806366
-0.5747456550598145 -0.7076466083526611 -0.35083073377609253
-0.5605242848396301 -0.7192243933677673 -0.3509094715118408
-0.5460943579673767 -0.7305470108985901 -0.35100406408309937
-0.5314578413963318 -0.7416123747825623 -0.3511139154434204
-0.5166184902191162 -0.75241619348526 -0.35123661160469055
-0.5015815496444702 -0.7629557847976685 -0.3513769805431366
-0.4863506853580475 -0.7732270359992981 -0.3515307903289795
-0.4709293842315674 -0.7832279801368713 -0.35170048475265503
-0.4553214907646179 -0.7929545640945435 -0.3518841862678528
-0.43953078985214233 -0.80240398645401 -0.3520837724208832
-0.423563688993454 -0.8115730285644531 -0.3522973954677582
-0.4074211120605469 -0.8204585313796997 -0.3525250554084778
-0.3911086916923523 -0.8290583491325378 -0.35276859998703003
-0.374630868434906 -0.8373677134513855 -0.35302677750587463
-0.35799238085746765 -0.8453846573829651 -0.3532995879650116
-0.341196745634079 -0.8531064987182617 -0.35358646512031555
-0.32424864172935486 -0.8605301976203918 -0.3538897931575775
-0.3071520924568176 -0.8676518201828003 -0.3542053699493408
-0.2899121046066284 -0.874470055103302 -0.354536771774292
-0.2725334167480469 -0.8809812664985657 -0.3548828363418579
-0.25501906871795654 -0.8871830701828003 -0.3552423417568207
-0.237376868724823 -0.8930723667144775 -0.35561588406562805
-0.21960875391960144 -0.8986457586288452 -0.3560052812099457
-0.201720729470253 -0.9039021134376526 -0.35640749335289
-0.1837165802717209 -0.9088380336761475 -0.356825590133667
-0.16560256481170654 -0.913451075553894 -0.3572552800178528
-0.1473834216594696 -0.917738139629364 -0.3577008545398712
-0.12906372547149658 -0.921697199344635 -0.35816043615341187
-0.11064697802066803 -0.9253263473510742 -0.3586328327655792
-0.09214172512292862 -0.9286225438117981 -0.3591187000274658
-0.07355133444070816 -0.9315834045410156 -0.35961979627609253
-0.054880525916814804 -0.9342060685157776 -0.36013248562812805
-0.03613388538360596 -0.9364894032478333 -0.3606598377227783
-0.017319336533546448 -0.9384312033653259 -0.36120060086250305
0.0015579164028167725 -0.9400284886360168 -0.36175480484962463
0.020492851734161377 -0.9412803649902344 -0.3623211979866028
0.039481647312641144 -0.9421833753585815 -0.3629010319709778
0.05851592868566513 -0.942736029624939 -0.3634936809539795
0.07759108394384384 -0.942937433719635 -0.36409977078437805
0.09670241922140121 -0.9427845478057861 -0.3647180497646332
0.11584242433309555 -0.942276120185852 -0.36534854769706726
0.13500580191612244 -0.9414100646972656 -0.36599186062812805
0.15418517589569092 -0.9401853680610657 -0.3666473627090454
0.1733756959438324 -0.9386003017425537 -0.3673138916492462
0.1925724744796753 -0.9366529583930969 -0.3679938018321991
0.21176695823669434 -0.9343425035476685 -0.3686853349208832
0.23095259070396423 -0.9316676259040833 -0.3693878650665283
0.2501254379749298 -0.9286268353462219 -0.37010258436203003
0.2692762613296509 -0.9252192378044128 -0.3708282709121704
0.2883990406990051 -0.9214442372322083 -0.3715643584728241
0.3074101209640503 -0.9170655608177185 -0.37221744656562805
0.32577118277549744 -0.9106443524360657 -0.3721948564052582
0.34400299191474915 -0.903868556022644 -0.3721783757209778
0.36209943890571594 -0.8967414498329163 -0.3721673786640167
0.38005295395851135 -0.8892634510993958 -0.37216129899024963
0.3978593349456787 -0.8814399242401123 -0.3721606731414795
0.41550979018211365 -0.8732722401618958 -0.3721661865711212
0.43299970030784607 -0.8647645115852356 -0.37217655777931213
0.45032116770744324 -0.8559181094169617 -0.37219181656837463
0.46747007966041565 -0.8467369079589844 -0.37221378087997437
0.4844372570514679 -0.837224543094635 -0.3722394108772278
0.5012191534042358 -0.8273847699165344 -0.3722711503505707
0.517808198928833 -0.8172199726104736 -0.37230899930000305
0.5341994762420654 -0.806733250617981 -0.37235233187675476
0.5503857135772705 -0.795930027961731 -0.37240055203437805
0.566361665725708 -0.7848137021064758 -0.3724530339241028
0.5821215510368347 -0.7733872532844543 -0.37251225113868713
0.5976598858833313 -0.761654794216156 -0.3725763261318207
0.6129696369171143 -0.7496216893196106 -0.37264591455459595
0.628045916557312 -0.7372907996177673 -0.3727191388607025
0.6428832411766052 -0.7246668934822083 -0.3727990984916687
0.6574767827987671 -0.7117530703544617 -0.37288516759872437
0.6718197464942932 -0.698556661605835 -0.3729749023914337
0.6859066486358643 -0.68507981300354 -0.37307009100914
0.6997332572937012 -0.6713292002677917 -0.3731714189052582
0.7132940292358398 -0.6573066711425781 -0.37327641248703003
0.7265828847885132 -0.6430195569992065 -0.3733868896961212
0.7395955920219421 -0.6284730434417725 -0.3735010027885437
0.7523272037506104 -0.6136707663536072 -0.37362247705459595
0.7647738456726074 -0.5986183285713196 -0.37374821305274963
0.7769280672073364 -0.5833204388618469 -0.37387821078300476
0.7887868881225586 -0.5677845478057861 -0.3740136921405792
0.8003445267677307 -0.5520133972167969 -0.3741534650325775
0.8115978837013245 -0.5360136032104492 -0.37429875135421753
0.822540819644928 -0.5197917222976685 -0.3744482696056366
0.8331707119941711 -0.503352165222168 -0.37460270524024963
0.8434823155403137 -0.4867018163204193 -0.3747613728046417
0.8534722328186035 -0.469845712184906 -0.37492436170578003
0.8631337881088257 -0.4527897536754608 -0.37509220838546753
0.872465193271637 -0.4355410635471344 -0.3752649128437042
0.8814623355865479 -0.4181031584739685 -0.375441312789917
0.8901219964027405 -0.4004859924316406 -0.3756231963634491
0.8984386920928955 -0.38269346952438354 -0.37580814957618713
0.5731692314147949 0.7549439668655396 -0.3926214873790741
0.5582156181335449 0.7667898535728455 -0.39286381006240845
0.5430129766464233 0.7783350944519043 -0.39310306310653687
0.5275689363479614 0.7895727157592773 -0.3933398723602295
0.5118883848190308 0.8004992604255676 -0.3935742676258087
0.4959777891635895 0.8111082315444946 -0.39380618929862976
0.4798446595668793 0.8213942050933838 -0.39403384923934937
0.4634939730167389 0.8313533663749695 -0.3942590653896332
0.44693371653556824 0.8409796953201294 -0.39448124170303345
0.4301696717739105 0.8502695560455322 -0.3947003483772278
0.4132097065448761 0.8592173457145691 -0.3949170410633087
0.3960600197315216 0.8678188323974609 -0.3951275944709778
0.3787277042865753 0.8760706186294556 -0.39533695578575134
0.3612203896045685 0.883967936038971 -0.3955414295196533
0.343545526266098 0.891507089138031 -0.39574405550956726
0.3257102966308594 0.8986836075782776 -0.39594119787216187
0.30772215127944946 0.9054942727088928 -0.39613407850265503
0.2895890772342682 0.9119353294372559 -0.39632388949394226
0.27131882309913635 0.9180037379264832 -0.3965088129043579
0.2529177963733673 0.9236966967582703 -0.39669010043144226
0.23439574241638184 0.9290103912353516 -0.3968670964241028
0.21575987339019775 0.9339423775672913 -0.39703983068466187
0.19701826572418213 0.9384896755218506 -0.39720767736434937
0.1781781017780304 0.9426504969596863 -0.3973718583583832
0.1592494249343872 0.9464218020439148 -0.3975311517715454
0.14023879170417786 0.9498019218444824 -0.39768680930137634
0.12115538865327835 0.9527886509895325 -0.3978351056575775
0.1020079031586647 0.9553796648979187 -0.39798039197921753
0.08280349522829056 0.9575748443603516 -0.3981195390224457
0.06355101615190506 0.9593718647956848 -0.39825505018234253
0.04425964504480362 0.9607698321342468 -0.3983844220638275
0.024937741458415985 0.96176677942276 -0.39851078391075134
0.005593106150627136 0.9623631238937378 -0.39863041043281555
-0.01376495510339737 0.9625576734542847 -0.3987451493740082
-0.03312820941209793 0.9623500108718872 -0.39885377883911133
-0.05248825252056122 0.961740255355835 -0.3989587724208832
-0.07183593511581421 0.9607280492782593 -0.3990570306777954
-0.0911630243062973 0.9593135118484497 -0.39915043115615845
-0.11046112328767776 0.9574970602989197 -0.3992389142513275
-0.1297207623720169 0.9552790522575378 -0.3993213176727295
-0.14893387258052826 0.9526607394218445 -0.399397611618042
-0.16809189319610596 0.9496425986289978 -0.3994690179824829
-0.18718552589416504 0.9462257027626038 -0.39953556656837463
-0.20620757341384888 0.9424116015434265 -0.3995947539806366
-0.22514891624450684 0.9382025599479675 -0.39965030550956726
-0.24400007724761963 0.9335984587669373 -0.3996978998184204
-0.2627534568309784 0.9286026358604431 -0.39974063634872437
-0.28140121698379517 0.9232171177864075 -0.3997778594493866
-0.29993361234664917 0.9174439907073975 -0.39981022477149963
-0.31834349036216736 0.9112857580184937 -0.39983585476875305
-0.3366221487522125 0.9047444462776184 -0.399855375289917
-0.3547607362270355 0.8978241682052612 -0.3998694121837616
-0.37275251746177673 0.8905268907546997 -0.39987796545028687
-0.39058807492256165 0.8828564286231995 -0.3998810052871704
-0.40826016664505005 0.8748166561126709 -0.39987796545028687
-0.4257604777812958 0.8664096593856812 -0.3998681902885437
-0.44308194518089294 0.8576410412788391 -0.3998541533946991
-0.46021559834480286 0.8485134840011597 -0.39983341097831726
-0.4771546721458435 0.839031457901001 -0.39980655908584595
-0.4938914477825165 0.8291997313499451 -0.39977481961250305
-0.5104184150695801 0.8190218806266785 -0.3997369706630707
-0.5267285108566284 0.8085036873817444 -0.39969301223754883
-0.5428138971328735 0.7976489067077637 -0.3996441960334778
-0.5586680769920349 0.7864636182785034 -0.39958927035331726
-0.5737200975418091 0.7741909623146057 -0.3991357684135437
-0.5878592133522034 0.7607963681221008 -0.39824527502059937
-0.6016943454742432 0.7471502423286438 -0.39735841751098633
-0.6152223348617554 0.7332590818405151 -0.3964703679084778
-0.6284385919570923 0.7191312909126282 -0.3955865800380707
-0.6413406729698181 0.7047733664512634 -0.3947046101093292
-0.6539248824119568 0.6901929974555969 -0.3938257098197937
-0.6661878824234009 0.6753988265991211 -0.39295047521591187
-0.6781277656555176 0.6603963971138 -0.3920789062976837
-0.6897404789924622 0.6451950073242188 -0.39121097326278687
-0.7010257244110107 0.6297997832298279 -0.3903467059135437
-0.7119787931442261 0.6142205595970154 -0.38948854804039
-0.7225987315177917 0.5984626412391663 -0.38863405585289
-0.7328831553459167 0.5825350880622864 -0.3877844512462616
-0.7428306937217712 0.5664443969726562 -0.38694217801094055
-0.7524397373199463 0.550197422504425 -0.38610416650772095
-0.7617082595825195 0.5338029265403748 -0.3852722644805908
-0.7706350684165955 0.5172666907310486 -0.3844476640224457
-0.7792189121246338 0.5005964636802673 -0.38362917304039
-0.787459135055542 0.48379912972450256 -0.3828168213367462
-0.7953538298606873 0.46688276529312134 -0.3820129632949829
-0.8029037714004517 0.44985321164131165 -0.3812158405780792
-0.8101066946983337 0.43271803855895996 -0.38042667508125305
-0.8169630765914917 0.41548383235931396 -0.37964481115341187
-0.8234729766845703 0.3981578052043915 -0.3788720965385437
-0.829634964466095 0.3807470500469208 -0.37810733914375305
-0.8354489803314209 0.36325836181640625 -0.37735050916671753
-0.8409166932106018 0.3456976115703583 -0.37660282850265503
-0.8460365533828735 0.32807204127311707 -0.37586429715156555
-0.85080885887146 0.3103889524936676 -0.375136137008667
-0.8552345633506775 0.29265379905700684 -0.37441593408584595
-0.8593138456344604 0.2748730480670929 -0.3737054765224457
-0.8630480766296387 0.25705429911613464 -0.3730054199695587
-0.866436243057251 0.23920302093029022 -0.37231510877609253
-0.8694808483123779 0.2213253676891327 -0.37163516879081726
-0.8721805810928345 0.20342834293842316 -0.370964378118515
-0.8745388388633728 0.18551726639270782 -0.37030643224716187
-0.8765553832054138 0.16759826242923737 -0.3696582317352295
-0.8782312273979187 0.14967818558216095 -0.3690210282802582
-0.8795674443244934 0.1317633092403412 -0.36839359998703003
-0.8805664777755737 0.11385788023471832 -0.36777836084365845
-0.8812285661697388 0.09596877545118332 -0.3671747148036957
-0.881555438041687 0.07810164988040924 -0.3665826618671417
-0.8815479278564453 0.06026168540120125 -0.3660004138946533
-0.8812092542648315 0.04245544224977493 -0.365431547164917
-0.8805401921272278 0.02468780428171158 -0.36487430334091187
-0.8795418739318848 0.006965484470129013 -0.36432865262031555
-0.8782165050506592 -0.010708007961511612 -0.36379581689834595
-0.8765667676925659 -0.028326719999313354 -0.3632751703262329
-0.8745937347412109 -0.045884549617767334 -0.3627667725086212
-0.8722991943359375 -0.06337615847587585 -0.36226993799209595
-0.8696855306625366 -0.08079712092876434 -0.36178654432296753
-0.8667551279067993 -0.09814300388097763 -0.3613153398036957
-0.8635098934173584 -0.11540649086236954 -0.3608575761318207
-0.8599512577056885 -0.1325848400592804 -0.36041203141212463
-0.8560829162597656 -0.1496722400188446 -0.35997989773750305
-0.8519062399864197 -0.16666258871555328 -0.3595605790615082
-0.8474230766296387 -0.18355345726013184 -0.35915407538414
-0.8426368236541748 -0.20033828914165497 -0.35876041650772095
-0.8375498056411743 -0.2170133888721466 -0.3583807647228241
-0.8321642875671387 -0.23357360064983368 -0.35801395773887634
-0.8264824151992798 -0.2500140368938446 -0.3576599359512329
-0.8205072283744812 -0.2663307189941406 -0.3573205769062042
-0.814241349697113 -0.28251907229423523 -0.35699406266212463
-0.8076869249343872 -0.298574835062027 -0.35668155550956726
-0.8008469939231873 -0.3144930899143219 -0.3563830852508545
-0.7937248349189758 -0.33026930689811707 -0.3560968339443207
-0.7863224744796753 -0.3459010124206543 -0.35582584142684937
-0.7786427140235901 -0.36138227581977844 -0.35556766390800476
-0.7706883549690247 -0.3767085075378418 -0.3553241193294525
-0.7624630928039551 -0.39187711477279663 -0.35509341955184937
-0.753968358039856 -0.4068829119205475 -0.3548767566680908
-0.7452081441879272 -0.42172208428382874 -0.35467594861984253
-0.736185610294342 -0.436391144990921 -0.35448673367500305
-0.7269035577774048 -0.45088592171669006 -0.3543121814727783
-0.7173646688461304 -0.4652021825313568 -0.35415226221084595
-0.7075715661048889 -0.47933608293533325 -0.3540063798427582
-0.6975288391113281 -0.49328476190567017 -0.35387393832206726
-0.6872389316558838 -0.5070430040359497 -0.35375553369522095
-0.6767042875289917 -0.5206083655357361 -0.353651762008667
-0.6659289598464966 -0.5339762568473816 -0.35356205701828003
-0.6549156308174133 -0.5471428036689758 -0.3534875810146332
-0.6436690092086792 -0.5601054430007935 -0.3534253239631653
-0.6321908831596375 -0.5728602409362793 -0.35337895154953003
-0.6204850673675537 -0.5854029655456543 -0.3533453643321991
-0.6085548400878906 -0.5977311730384827 -0.3533264398574829
-0.5964036583900452 -0.6098405122756958 -0.3533227741718292
-0.5840350389480591 -0.6217277646064758 -0.35333195328712463
-0.5714520215988159 -0.6333897113800049 -0.35335573554039
-0.5586593747138977 -0.6448231339454651 -0.35339421033859253
-0.5456602573394775 -0.6560243368148804 -0.35344547033309937
-0.5324568152427673 -0.6669905185699463 -0.3535119891166687
-0.5190542340278625 -0.6777174472808838 -0.35359257459640503
-0.5054560899734497 -0.688202977180481 -0.3536877930164337
-0.4916645586490631 -0.6984440684318542 -0.35379642248153687
-0.4776862859725952 -0.7084364295005798 -0.3539203107357025
-0.4635223150253296 -0.7181776165962219 -0.354057639837265
-0.44917768239974976 -0.7276652455329895 -0.35420840978622437
-0.4346565008163452 -0.7368940711021423 -0.3543732166290283
-0.4199622869491577 -0.7458637952804565 -0.35455265641212463
-0.4050982594490051 -0.7545698285102844 -0.35474613308906555
-0.3900701701641083 -0.7630091905593872 -0.3549530506134033
-0.3748811185359955 -0.7711796164512634 -0.35517460107803345
-0.35953399538993835 -0.7790781855583191 -0.3554101884365082
-0.344034880399704 -0.786701500415802 -0.35565921664237976
-0.328387588262558 -0.7940473556518555 -0.35592105984687805
-0.3125953674316406 -0.8011128306388855 -0.3561987578868866
-0.29666367173194885 -0.8078953623771667 -0.3564886748790741
-0.2805960178375244 -0.8143916130065918 -0.35679325461387634
-0.26439666748046875 -0.8205991983413696 -0.357109397649765
-0.24807128310203552 -0.8265162706375122 -0.3574414551258087
-0.2316230833530426 -0.8321391344070435 -0.3577868938446045
-0.21505630016326904 -0.8374665379524231 -0.3581445515155792
-0.19837722182273865 -0.8424946665763855 -0.35851505398750305
-0.18158888816833496 -0.847222089767456 -0.358900785446167
-0.1646963506937027 -0.8516453504562378 -0.35929936170578003
-0.14770615100860596 -0.8557630777359009 -0.3597095012664795
-0.1306205689907074 -0.8595731854438782 -0.36013370752334595
-0.11344574391841888 -0.8630723357200623 -0.36057132482528687
-0.096186064183712 -0.8662592768669128 -0.3610217571258545
-0.07884734869003296 -0.869131326675415 -0.3614838123321533
-0.06143341213464737 -0.8716862201690674 -0.3619592487812042
-0.04395126551389694 -0.87392258644104 -0.36244815587997437
-0.026403814554214478 -0.8758378624916077 -0.3629480302333832
-0.008797302842140198 -0.877430260181427 -0.3634607195854187
0.008861839771270752 -0.8786985874176025 -0.3639874756336212
0.026570431888103485 -0.879639744758606 -0.36452457308769226
0.044321440160274506 -0.8802528381347656 -0.36507388949394226
0.06210906058549881 -0.8805360198020935 -0.3656354248523712
0.0799296572804451 -0.8804875016212463 -0.3662097454071045
0.09777648001909256 -0.88010573387146 -0.3667938709259033
0.11564361304044724 -0.8793900609016418 -0.3673901855945587
0.13352492451667786 -0.8783381581306458 -0.3679986894130707
0.1514158546924591 -0.8769486546516418 -0.3686181902885437
0.16931092739105225 -0.875220775604248 -0.3692486882209778
0.1872006356716156 -0.8731535077095032 -0.3698895573616028
0.2050827145576477 -0.870745062828064 -0.3705432415008545
0.22295057773590088 -0.8679948449134827 -0.3712060749530792
0.24079757928848267 -0.8649018406867981 -0.37187930941581726
0.25861677527427673 -0.861465573310852 -0.3725629150867462
0.2763444483280182 -0.857506513595581 -0.37317875027656555
0.29351380467414856 -0.8517213463783264 -0.3731549382209778
0.3105679154396057 -0.8456050157546997 -0.3731372356414795
0.32749831676483154 -0.8391581773757935 -0.37312382459640503
0.34429946541786194 -0.8323838710784912 -0.37311527132987976
0.3609663248062134 -0.825283944606781 -0.3731110095977783
0.3774917423725128 -0.817861795425415 -0.3731134235858917
0.39386945962905884 -0.8101200461387634 -0.37312015891075134
0.410094290971756 -0.8020613193511963 -0.3731323480606079
0.42616042494773865 -0.7936878800392151 -0.37314945459365845
0.44206127524375916 -0.7850028872489929 -0.3731714189052582
0.4577910006046295 -0.7760108709335327 -0.3731982707977295
0.47334471344947815 -0.7667133808135986 -0.37322941422462463
0.48871609568595886 -0.7571144104003906 -0.37326663732528687
0.5038995146751404 -0.7472163438796997 -0.3733087480068207
0.5188894271850586 -0.7370246648788452 -0.3733563721179962
0.5336800813674927 -0.7265424728393555 -0.37340763211250305
0.548266589641571 -0.7157719135284424 -0.3734643757343292
0.5626434087753296 -0.7047181725502014 -0.37352603673934937
0.5768038630485535 -0.6933842301368713 -0.3735925555229187
0.590745210647583 -0.6817756295204163 -0.37366458773612976
0.6044594645500183 -0.6698945760726929 -0.37374088168144226
0.6179437041282654 -0.6577473282814026 -0.3738226592540741
0.6311913728713989 -0.645335853099823 -0.37390872836112976
0.644197940826416 -0.63266521692276 -0.37399905920028687
0.6569585800170898 -0.6197410225868225 -0.37409427762031555
0.6694686412811279 -0.6065666079521179 -0.3741956055164337
0.6817227005958557 -0.5931480526924133 -0.3743011951446533
0.6937164068222046 -0.5794883370399475 -0.37441104650497437
0.7054455280303955 -0.5655940175056458 -0.374525785446167
0.716904878616333 -0.5514686703681946 -0.37464359402656555
0.7280895709991455 -0.5371174216270447 -0.37476810812950134
0.7389965653419495 -0.5225446820259094 -0.3748956620693207
0.7496200203895569 -0.5077571272850037 -0.3750281035900116
0.7599572539329529 -0.4927595555782318 -0.3751654326915741
0.7700027227401733 -0.47755691409111023 -0.3753064274787903
0.7797536849975586 -0.46215498447418213 -0.3754516839981079
0.7892049551010132 -0.4465599060058594 -0.37560245394706726
0.7983532547950745 -0.4307742118835449 -0.3757568597793579
0.8071944713592529 -0.41480696201324463 -0.37591496109962463
0.8157256841659546 -0.3986630141735077 -0.3760772943496704
0.8239428400993347 -0.38234785199165344 -0.37624332308769226
0.8318417072296143 -0.3658656179904938 -0.37641483545303345
0.8394198417663574 -0.3492259085178375 -0.3765893876552582
0.846673846244812 -0.33243149518966675 -0.3767676055431366
0.8536007404327393 -0.3154904246330261 -0.3769494891166687
0.860197126865387 -0.29840758442878723 -0.37713566422462463
0.866459310054779 -0.2811901867389679 -0.3773248493671417
0.8723857998847961 -0.26384368538856506 -0.3775189518928528
0.8779732584953308 -0.24637526273727417 -0.3777148723602295
0.8832183480262756 -0.22879073023796082 -0.3779156804084778
0.8881197571754456 -0.21109725534915924 -0.37812015414237976
0.8926742076873779 -0.19329924881458282 -0.37832707166671753
0.8968795537948608 -0.17540587484836578 -0.3785364031791687
0.9007339477539062 -0.15742339193820953 -0.3787512481212616
0.9042342901229858 -0.1393568366765976 -0.37896794080734253
0.9073803424835205 -0.12121551483869553 -0.37918826937675476
0.9101693630218506 -0.10300399363040924 -0.37941044569015503
0.9125988483428955 -0.08472961187362671 -0.3796362578868866
0.9146687984466553 -0.06639999151229858 -0.37986454367637634
0.9163765907287598 -0.04802200198173523 -0.38009586930274963
0.9177215099334717 -0.02960159257054329 -0.3803296387195587
0.9187023639678955 -0.011147765442728996 -0.3805670440196991
0.9193178415298462 0.007334441877901554 -0.38080570101737976
0.9195668697357178 0.025836791843175888 -0.3810468018054962
0.9194490909576416 0.04435287415981293 -0.3812909424304962
0.9189633131027222 0.06287414580583572 -0.38153690099716187
0.9181094169616699 0.08139495551586151 -0.38178470730781555
0.9168871641159058 0.09990661591291428 -0.38203495740890503
0.9152957201004028 0.11840377748012543 -0.38228639960289
0.9133352041244507 0.1368766725063324 -0.3825403153896332
0.9110064506530762 0.1553199738264084 -0.382796049118042
0.9083083868026733 0.17372557520866394 -0.38305240869522095
0.9052419662475586 0.19208663702011108 -0.38331180810928345
0.9018077850341797 0.2103939801454544 -0.3835718035697937
0.8980059623718262 0.22864364087581635 -0.383833646774292
0.8938381671905518 0.24682433903217316 -0.3840967118740082
0.8893035650253296 0.26493239402770996 -0.38435977697372437
0.884405791759491 0.2829569876194 -0.38462528586387634
0.8791436553001404 0.30089354515075684 -0.3848901689052582
0.8735198378562927 0.31873244047164917 -0.38515689969062805
0.8675350546836853 0.33646833896636963 -0.3854248523712158
0.861191987991333 0.35409224033355713 -0.38569340109825134
0.8544912338256836 0.37159836292266846 -0.3859613239765167
0.8474358916282654 0.3889774978160858 -0.38622990250587463
0.8400277495384216 0.40622374415397644 -0.38649967312812805
0.8322682976722717 0.4233291447162628 -0.3867688477039337
0.824160099029541 0.4402877688407898 -0.38703861832618713
0.8157070279121399 0.4570901393890381 -0.38730838894844055
0.8069109916687012 0.47373121976852417 -0.3875775635242462
0.797774612903595 0.49020200967788696 -0.3878467082977295
0.7883007526397705 0.5064972043037415 -0.388115257024765
0.7784932851791382 0.5226083397865295 -0.38838261365890503
0.768355667591095 0.5385288596153259 -0.3886505365371704
0.7578902840614319 0.554252028465271 -0.3889184892177582
0.7471020221710205 0.5697706341743469 -0.3891845941543579
0.7359936237335205 0.5850785970687866 -0.389448881149292
0.7245702743530273 0.6001678109169006 -0.3897125720977783
0.7128347158432007 0.6150327920913696 -0.38997682929039
0.7007924914360046 0.6296656727790833 -0.39023807644844055
0.6884472370147705 0.6440609693527222 -0.39049869775772095
0.6758034825325012 0.6582116484642029 -0.39075687527656555
0.662866473197937 0.6721112132072449 -0.39101442694664
0.6496407389640808 0.6857537627220154 -0.3912701904773712
0.6361315250396729 0.69913250207901 -0.391524076461792
0.622343122959137 0.7122413516044617 -0.39177554845809937
0.6082817912101746 0.7250750660896301 -0.3920263946056366
0.5939525961875916 0.7376266121864319 -0.3922742009162903
0.5793609023094177 0.7498908638954163 -0.3925195634365082
0.5645132064819336 0.761861264705658 -0.39276188611984253
0.5494137406349182 0.773533284664154 -0.3930029571056366
0.5340707302093506 0.7849007844924927 -0.39324039220809937
0.5184872150421143 0.7959586977958679 -0.3934759795665741
0.5026736259460449 0.806700587272644 -0.3937085270881653
0.48663267493247986 0.817122757434845 -0.3939386308193207
0.47037258744239807 0.8272196650505066 -0.39416569471359253
0.45389875769615173 0.8369863033294678 -0.39438846707344055
0.43722012639045715 0.8464168906211853 -0.3946087956428528
0.42034104466438293 0.8555088043212891 -0.3948254883289337
0.40327027440071106 0.864255964756012 -0.3950403034687042
0.38601332902908325 0.8726553916931152 -0.3952496647834778
0.3685789406299591 0.8807013630867004 -0.39545658230781555
0.3509731888771057 0.8883910775184631 -0.3956592082977295
0.33320432901382446 0.8957199454307556 -0.39585819840431213
0.3152790665626526 0.9026843905448914 -0.3960534930229187
0.29720595479011536 0.9092810750007629 -0.3962457478046417
0.27899184823036194 0.9155061841011047 -0.3964312970638275
0.2606453001499176 0.9213568568229675 -0.3966144025325775
0.24217239022254944 0.9268300533294678 -0.39679384231567383
0.22358381748199463 0.931921660900116 -0.3969690203666687
0.20488479733467102 0.9366306066513062 -0.397139310836792
0.18608582019805908 0.9409535527229309 -0.39730411767959595
0.16719254851341248 0.9448885917663574 -0.3974640369415283
0.1482156217098236 0.9484329223632812 -0.3976214826107025
0.12916183471679688 0.95158451795578 -0.39777225255966187
0.11004026979207993 0.9543418884277344 -0.3979199528694153
0.09085830301046371 0.9567031860351562 -0.39806216955184937
0.07162582129240036 0.9586669206619263 -0.39819949865341187
0.05234908312559128 0.9602324366569519 -0.39833134412765503
0.03303893655538559 0.9613973498344421 -0.39845889806747437
0.013702541589736938 0.9621618390083313 -0.39858096837997437
-0.005651399493217468 0.9625250697135925 -0.39869755506515503
-0.02501312643289566 0.9624860882759094 -0.39880800247192383
-0.044375766068696976 0.9620451927185059 -0.3989160358905792
-0.06372924894094467 0.9612013697624207 -0.3990161418914795
-0.08306656032800674 0.9599552154541016 -0.3991119861602783
-0.10237762331962585 0.9583073258399963 -0.3992016911506653
-0.1216542050242424 0.9562572240829468 -0.39928653836250305
-0.14088775217533112 0.9538068175315857 -0.399367094039917
-0.1600700318813324 0.9509561657905579 -0.39943912625312805
-0.1791922003030777 0.947706401348114 -0.3995080888271332
-0.19824570417404175 0.9440587162971497 -0.39957094192504883
-0.21722091734409332 0.9400144815444946 -0.3996264934539795
-0.2361111342906952 0.9355756640434265 -0.39967775344848633
-0.25490662455558777 0.9307437539100647 -0.39972352981567383
-0.27359986305236816 0.9255214333534241 -0.399763822555542
-0.29218125343322754 0.9199108481407166 -0.3997967839241028
-0.3106437623500824 0.9139132499694824 -0.39982548356056213
-0.3289782702922821 0.9075323343276978 -0.39984866976737976
-0.3471766710281372 0.9007701873779297 -0.39986452460289
-0.36523085832595825 0.8936307430267334 -0.3998749256134033
-0.3831327557563782 0.8861163854598999 -0.3998797833919525
-0.40087446570396423 0.8782308101654053 -0.39987918734550476
-0.4184478521347046 0.8699772953987122 -0.3998730778694153
-0.43584486842155457 0.8613597750663757 -0.39986085891723633
-0.4530578553676605 0.8523820042610168 -0.3998425602912903
-0.4700794816017151 0.843048095703125 -0.3998187482357025
-0.4869024455547333 0.8333629369735718 -0.3997894525527954
-0.5035179257392883 0.8233291506767273 -0.39975404739379883
-0.519919753074646 0.812952995300293 -0.399711936712265
-0.5361000299453735 0.8022390604019165 -0.3996661603450775
-0.5520521402359009 0.7911915183067322 -0.39961308240890503
-0.5677043199539185 0.7797282338142395 -0.3995087146759033
-0.58197021484375 0.7664411664009094 -0.3986194133758545
-0.5959333777427673 0.7528995871543884 -0.3977295160293579
-0.6095901727676392 0.7391104102134705 -0.39684146642684937
-0.6229376196861267 0.7250808477401733 -0.39595645666122437
-0.6359721422195435 0.7108178734779358 -0.395073264837265
-0.6486891508102417 0.6963308453559875 -0.3941943645477295
-0.6610881090164185 0.6816247701644897 -0.39331668615341187
-0.6731632947921753 0.6667086482048035 -0.3924432694911957
-0.6849141120910645 0.6515893340110779 -0.3915735185146332
-0.6963362097740173 0.6362743973731995 -0.39070865511894226
-0.7074292302131653 0.6207716464996338 -0.38984745740890503
-0.718189537525177 0.6050868034362793 -0.38899174332618713
-0.7286145091056824 0.5892300009727478 -0.3881402909755707
-0.738703191280365 0.5732070803642273 -0.3872949481010437
-0.748453676700592 0.5570249557495117 -0.38645389676094055
-0.757865309715271 0.5406914949417114 -0.38562077283859253
-0.766935408115387 0.5242133736610413 -0.3847925066947937
-0.7756630182266235 0.5075981020927429 -0.3839709758758545
-0.7840477228164673 0.49085357785224915 -0.3831573724746704
-0.7920869588851929 0.4739866554737091 -0.38234928250312805
-0.7997815012931824 0.4570036232471466 -0.3815484941005707
-0.807129979133606 0.43991103768348694 -0.3807568848133087
-0.8141317963600159 0.4227180480957031 -0.3799707293510437
-0.8207867741584778 0.4054304361343384 -0.379194974899292
-0.8270944356918335 0.3880537450313568 -0.3784259259700775
-0.8330549001693726 0.3705967664718628 -0.37766727805137634
-0.8386677503585815 0.3530653417110443 -0.37691530585289
-0.8439328670501709 0.3354661464691162 -0.376173734664917
-0.8488515019416809 0.3178066909313202 -0.3754400908946991
-0.8534219264984131 0.30009201169013977 -0.37471622228622437
-0.8576462864875793 0.28233030438423157 -0.3740020990371704
-0.8615254163742065 0.26452621817588806 -0.37329837679862976
-0.8650582432746887 0.2466871589422226 -0.372603178024292
-0.86824631690979 0.22882063686847687 -0.37191838026046753
-0.8710907697677612 0.21093077957630157 -0.3712451457977295
-0.8735921382904053 0.19302429258823395 -0.37058109045028687
-0.875751256942749 0.17510955035686493 -0.3699280023574829
-0.8775704503059387 0.15718841552734375 -0.36928591132164
-0.8790484666824341 0.1392706334590912 -0.3686548173427582
-0.8801890015602112 0.12136092782020569 -0.368034690618515
-0.8809918165206909 0.10346297919750214 -0.36742618680000305
-0.8814585208892822 0.0855865478515625 -0.36682865023612976
-0.8815920352935791 0.06773468106985092 -0.3662427067756653
-0.881391704082489 0.0499127171933651 -0.36566898226737976
-0.8808606266975403 0.03212997317314148 -0.3651062250137329
-0.8799999952316284 0.014386748895049095 -0.3645569086074829
-0.8788119554519653 -0.003307952778413892 -0.3640179932117462
-0.87729811668396 -0.02094985917210579 -0.3634912371635437
-0.8754600882530212 -0.03853393346071243 -0.3629773259162903
-0.8732999563217163 -0.056053921580314636 -0.3624768555164337
-0.8708198070526123 -0.07350493967533112 -0.3619873523712158
-0.8680218458175659 -0.09088302403688431 -0.36151066422462463
-0.8649082183837891 -0.10818145424127579 -0.3610473871231079
-0.861480712890625 -0.125396266579628 -0.3605969548225403
-0.8577419519424438 -0.14252257347106934 -0.36015933752059937
-0.8536940813064575 -0.1595536768436432 -0.359733909368515
-0.8493387699127197 -0.17648741602897644 -0.3593219220638275
-0.8446801900863647 -0.19331756234169006 -0.35892337560653687
-0.8397185802459717 -0.21003860235214233 -0.3585382401943207
-0.8344569206237793 -0.22664764523506165 -0.35816654562950134
-0.828899621963501 -0.24313902854919434 -0.3578064441680908
-0.8230472803115845 -0.2595078945159912 -0.3574603497982025
-0.8169020414352417 -0.2757510244846344 -0.3571295440196991
-0.8104686141014099 -0.29186171293258667 -0.35681095719337463
-0.8037484884262085 -0.30783888697624207 -0.35650578141212463
-0.7967441082000732 -0.32367536425590515 -0.356215238571167
-0.789458155632019 -0.3393670618534088 -0.35593754053115845
-0.7818946838378906 -0.3549126982688904 -0.35567447543144226
-0.7740545868873596 -0.37030377984046936 -0.3554242253303528
-0.7659429907798767 -0.3855392336845398 -0.35518863797187805
-0.7575606107711792 -0.40061354637145996 -0.35496586561203003
-0.7489111423492432 -0.41552412509918213 -0.35475772619247437
-0.7399986386299133 -0.4302648901939392 -0.35456424951553345
-0.7308245897293091 -0.44483307003974915 -0.354384183883667
-0.7213932871818542 -0.45922422409057617 -0.35421818494796753
-0.7117056250572205 -0.47343549132347107 -0.35406559705734253
-0.7017682194709778 -0.48746198415756226 -0.35392826795578003
-0.691581130027771 -0.5013002157211304 -0.353804349899292
-0.6811488270759583 -0.5149467587471008 -0.35369327664375305
-0.6704739332199097 -0.5283976793289185 -0.35359805822372437
-0.6595600843429565 -0.5416496396064758 -0.3535168766975403
-0.6484112739562988 -0.5546979904174805 -0.35344913601875305
-0.6370294094085693 -0.5675398111343384 -0.3533960282802582
-0.625417947769165 -0.5801728963851929 -0.35335758328437805
-0.6135809421539307 -0.5925907492637634 -0.35333317518234253
-0.601521909236908 -0.6047922968864441 -0.3533215820789337
-0.5892450213432312 -0.6167731881141663 -0.3533264398574829
-0.5767511129379272 -0.6285300850868225 -0.35334354639053345
-0.5640460252761841 -0.6400593519210815 -0.3533758819103241
-0.5511326789855957 -0.6513581871986389 -0.3534216582775116
-0.538014829158783 -0.6624229550361633 -0.3534826934337616
-0.5246957540512085 -0.6732511520385742 -0.35355839133262634
-0.5111784338951111 -0.6838383078575134 -0.3536456525325775
-0.49746808409690857 -0.6941819787025452 -0.3537488281726837
-0.48356732726097107 -0.7042796015739441 -0.35386723279953003
-0.4694797992706299 -0.7141264081001282 -0.3539978265762329
-0.4552116394042969 -0.7237202525138855 -0.3541424870491028
-0.4407632350921631 -0.7330570816993713 -0.3543030023574829
-0.42614105343818665 -0.7421366572380066 -0.354475736618042
-0.4113481044769287 -0.7509534955024719 -0.3546643555164337
-0.39638882875442505 -0.7595051527023315 -0.35486453771591187
-0.38126617670059204 -0.7677882313728333 -0.3550799787044525
-0.36598432064056396 -0.7758015394210815 -0.3553100824356079
-0.35054945945739746 -0.7835401892662048 -0.35555300116539
-0.33496323227882385 -0.791002631187439 -0.35581058263778687
-0.31923216581344604 -0.7981858849525452 -0.3560815751552582
-0.30335724353790283 -0.8050873875617981 -0.35636600852012634
-0.2873460352420807 -0.811703622341156 -0.3566632568836212
-0.2712017893791199 -0.81803297996521 -0.35697513818740845
-0.25492843985557556 -0.8240724205970764 -0.3573010563850403
-0.23852965235710144 -0.8298185467720032 -0.3576398193836212
-0.22201308608055115 -0.8352702260017395 -0.35799258947372437
-0.20538100600242615 -0.8404237031936646 -0.35835880041122437
-0.1886378526687622 -0.8452775478363037 -0.3587384521961212
-0.17178770899772644 -0.8498286008834839 -0.3591296672821045
-0.15483826398849487 -0.8540751338005066 -0.3595355451107025
-0.1377921998500824 -0.8580143451690674 -0.35995426774024963
-0.12065460532903671 -0.8616437911987305 -0.3603864014148712
-0.10342865437269211 -0.8649619817733765 -0.36083072423934937
-0.08612335473299026 -0.867965817451477 -0.36128848791122437
-0.06874069571495056 -0.8706541061401367 -0.3617584705352783
-0.05128585919737816 -0.8730241060256958 -0.3622412383556366
-0.03376404196023941 -0.8750742673873901 -0.3627374470233917
-0.01618240773677826 -0.8768025040626526 -0.3632446527481079
0.0014546141028404236 -0.8782066106796265 -0.36376529932022095
0.01914336532354355 -0.8792850971221924 -0.3642975091934204
0.036877743899822235 -0.8800358176231384 -0.3648419678211212
0.05465088039636612 -0.8804575800895691 -0.36539921164512634
0.07245803624391556 -0.8805482387542725 -0.36596745252609253
0.0902944877743721 -0.8803065419197083 -0.36654728651046753
0.10815338045358658 -0.8797309398651123 -0.3671393096446991
0.1260293424129486 -0.87882000207901 -0.36774295568466187
0.14391738176345825 -0.8775718212127686 -0.36835819482803345
0.16181030869483948 -0.8759861588478088 -0.36898258328437805
0.17970353364944458 -0.8740614056587219 -0.36961978673934937
0.19759047031402588 -0.8717957735061646 -0.3702685832977295
0.21546462178230286 -0.8691892623901367 -0.37092655897140503
0.23332121968269348 -0.8662400841712952 -0.371596097946167
0.2511521875858307 -0.8629475235939026 -0.37227481603622437
0.2689517140388489 -0.8593113422393799 -0.3729645013809204
0.2863319516181946 -0.8541868329048157 -0.37316349148750305
0.3034358322620392 -0.8482084274291992 -0.3731439411640167
0.3204183876514435 -0.8419001698493958 -0.3731286823749542
0.33727461099624634 -0.8352628946304321 -0.37311771512031555
0.35399794578552246 -0.8282999992370605 -0.3731122314929962
0.37058380246162415 -0.8210120797157288 -0.3731122314929962
0.38702407479286194 -0.8134034276008606 -0.3731170892715454
0.4033133089542389 -0.8054768443107605 -0.3731262683868408
0.41944625973701477 -0.7972346544265747 -0.3731409013271332
0.4354182183742523 -0.7886805534362793 -0.37316104769706726
0.4512200653553009 -0.779816746711731 -0.3731854557991028
0.4668481647968292 -0.7706471085548401 -0.37321537733078003
0.4822961390018463 -0.7611735463142395 -0.3732507526874542
0.497559517621994 -0.7514002919197083 -0.37329044938087463
0.5126308798789978 -0.7413316369056702 -0.373335599899292
0.5275057554244995 -0.7309702634811401 -0.3733850419521332
0.5421789288520813 -0.7203205823898315 -0.37343937158584595
0.5566439628601074 -0.7093842625617981 -0.37350040674209595
0.5708959698677063 -0.698168158531189 -0.3735644817352295
0.5849294662475586 -0.6866739988327026 -0.37363407015800476
0.5987395644187927 -0.6749070882797241 -0.3737085163593292
0.612321138381958 -0.6628696918487549 -0.3737872540950775
0.6256685853004456 -0.6505680680274963 -0.37387150526046753
0.6387764811515808 -0.6380067467689514 -0.3739612102508545
0.6516408920288086 -0.625188410282135 -0.37405461072921753
0.6642568707466125 -0.6121189594268799 -0.37415286898612976
0.6766189336776733 -0.5988026261329651 -0.3742566406726837
0.6887218952178955 -0.585242748260498 -0.3743634521961212
0.7005624175071716 -0.5714460611343384 -0.37447574734687805
0.7121355533599854 -0.5574153065681458 -0.3745935261249542
0.7234359383583069 -0.5431584119796753 -0.3747155964374542
0.7344591617584229 -0.5286784172058105 -0.3748413324356079
0.7452023029327393 -0.5139808654785156 -0.3749719560146332
0.7556600570678711 -0.4990696609020233 -0.37510624527931213
0.7658284902572632 -0.4839530885219574 -0.3752466142177582
0.7757036685943604 -0.46863386034965515 -0.3753906488418579
0.785280704498291 -0.45311903953552246 -0.3755395710468292
0.7945565581321716 -0.43741193413734436 -0.3756909668445587
0.8035268783569336 -0.42152082920074463 -0.3758484125137329
0.8121880888938904 -0.40545013546943665 -0.3760083317756653
0.8205373883247375 -0.3892050087451935 -0.376173734664917
0.8285701870918274 -0.372792512178421 -0.37634220719337463
0.8362832069396973 -0.3562180995941162 -0.3765149414539337
